OpenROAD unknown 
Features included (+) or not (-): -GPU +GUI -Python
This program is licensed under the BSD-3 license. See the LICENSE file for details.
Components of this program may be licensed under more restrictive licenses which must be honored.
[INFO ORD-0030] Using 16 thread(s).
read_liberty /OpenROAD-flow-scripts/flow/platforms/nangate45/lib/NangateOpenCellLibrary_typical.lib
read_liberty /OpenROAD-flow-scripts/flow/designs/nangate45/tinyRocket/fakeram45_1024x32.lib
read_liberty /OpenROAD-flow-scripts/flow/designs/nangate45/tinyRocket/fakeram45_64x32.lib
read_db /work/results/nangate45/tinyRocket/base/4_cts.odb
read_sdc /work/results/nangate45/tinyRocket/base/4_cts.sdc
source /OpenROAD-flow-scripts/flow/platforms/nangate45/setRC.tcl
pin_access
[INFO DRT-0149] Reading tech and libs.

Units:                2000
Number of layers:     21
Number of macros:     137
Number of vias:       36
Number of viarulegen: 19

[INFO DRT-0150] Reading design.

Design:                   RocketTile
Die area:                 ( 0 0 ) ( 604800 604800 )
Number of track patterns: 20
Number of DEF vias:       0
Number of components:     29653
Number of terminals:      271
Number of snets:          2
Number of nets:           34334

[INFO DRT-0167] List of default vias:
  Layer via2
    default via: via2_5
  Layer via3
    default via: via3_2
  Layer via4
    default via: via4_0
  Layer via5
    default via: via5_0
  Layer via6
    default via: via6_0
  Layer via7
    default via: via7_0
  Layer via8
    default via: via8_0
  Layer via9
    default via: via9_0
[INFO DRT-0162] Library cell analysis.
[INFO DRT-0163] Instance analysis.
[INFO DRT-0164] Number of unique instances = 168.
[INFO DRT-0168] Init region query.
[INFO DRT-0024]   Complete active.
[INFO DRT-0024]   Complete Fr_VIA.
[INFO DRT-0024]   Complete metal1.
[INFO DRT-0024]   Complete via1.
[INFO DRT-0024]   Complete metal2.
[INFO DRT-0024]   Complete via2.
[INFO DRT-0024]   Complete metal3.
[INFO DRT-0024]   Complete via3.
[INFO DRT-0024]   Complete metal4.
[INFO DRT-0024]   Complete via4.
[INFO DRT-0024]   Complete metal5.
[INFO DRT-0024]   Complete via5.
[INFO DRT-0024]   Complete metal6.
[INFO DRT-0024]   Complete via6.
[INFO DRT-0024]   Complete metal7.
[INFO DRT-0024]   Complete via7.
[INFO DRT-0024]   Complete metal8.
[INFO DRT-0024]   Complete via8.
[INFO DRT-0024]   Complete metal9.
[INFO DRT-0024]   Complete via9.
[INFO DRT-0024]   Complete metal10.
[INFO DRT-0033] active shape region query size = 0.
[INFO DRT-0033] FR_VIA shape region query size = 0.
[INFO DRT-0033] metal1 shape region query size = 597123.
[INFO DRT-0033] via1 shape region query size = 3522.
[INFO DRT-0033] metal2 shape region query size = 2350.
[INFO DRT-0033] via2 shape region query size = 3522.
[INFO DRT-0033] metal3 shape region query size = 2772.
[INFO DRT-0033] via3 shape region query size = 3522.
[INFO DRT-0033] metal4 shape region query size = 1407.
[INFO DRT-0033] via4 shape region query size = 1328.
[INFO DRT-0033] metal5 shape region query size = 412.
[INFO DRT-0033] via5 shape region query size = 1532.
[INFO DRT-0033] metal6 shape region query size = 521.
[INFO DRT-0033] via6 shape region query size = 600.
[INFO DRT-0033] metal7 shape region query size = 170.
[INFO DRT-0033] via7 shape region query size = 0.
[INFO DRT-0033] metal8 shape region query size = 0.
[INFO DRT-0033] via8 shape region query size = 0.
[INFO DRT-0033] metal9 shape region query size = 0.
[INFO DRT-0033] via9 shape region query size = 0.
[INFO DRT-0033] metal10 shape region query size = 0.
[INFO DRT-0165] Start pin access.
[INFO DRT-0076]   Complete 1000 pins.
[INFO DRT-0078]   Complete 1199 pins.
[INFO DRT-0079]   Complete 100 unique inst patterns.
[INFO DRT-0081]   Complete 166 unique inst patterns.
[INFO DRT-0082]   Complete 10000 groups.
[INFO DRT-0084]   Complete 15737 groups.
#scanned instances     = 29653
#unique  instances     = 168
#stdCellGenAp          = 6199
#stdCellValidPlanarAp  = 0
#stdCellValidViaAp     = 4216
#stdCellPinNoAp        = 0
#stdCellPinCnt         = 103434
#instTermValidViaApCnt = 0
#macroGenAp            = 210
#macroValidPlanarAp    = 210
#macroValidViaAp       = 0
#macroNoAp             = 0
[INFO DRT-0166] Complete pin access.
[INFO DRT-0267] cpu time = 00:06:17, elapsed time = 00:00:26, memory = 207.02 (MB), peak = 216.80 (MB)
Took 26 seconds: pin_access
global_route -congestion_report_file /work/reports/nangate45/tinyRocket/base/congestion.rpt -congestion_iterations 30 -congestion_report_iter_step 5 -verbose
[INFO GRT-0020] Min routing layer: metal2
[INFO GRT-0021] Max routing layer: metal10
[INFO GRT-0022] Global adjustment: 0%
[INFO GRT-0023] Grid origin: (0, 0)
[INFO GRT-0088] Layer metal1  Track-Pitch = 0.1400  line-2-Via Pitch: 0.1350
[INFO GRT-0088] Layer metal2  Track-Pitch = 0.1900  line-2-Via Pitch: 0.1400
[INFO GRT-0088] Layer metal3  Track-Pitch = 0.1400  line-2-Via Pitch: 0.1400
[INFO GRT-0088] Layer metal4  Track-Pitch = 0.2800  line-2-Via Pitch: 0.2800
[INFO GRT-0088] Layer metal5  Track-Pitch = 0.2800  line-2-Via Pitch: 0.2800
[INFO GRT-0088] Layer metal6  Track-Pitch = 0.2800  line-2-Via Pitch: 0.2800
[INFO GRT-0088] Layer metal7  Track-Pitch = 0.8000  line-2-Via Pitch: 0.8000
[INFO GRT-0088] Layer metal8  Track-Pitch = 0.8000  line-2-Via Pitch: 0.8000
[INFO GRT-0088] Layer metal9  Track-Pitch = 1.6000  line-2-Via Pitch: 1.6000
[INFO GRT-0088] Layer metal10 Track-Pitch = 1.6000  line-2-Via Pitch: 1.6000
[INFO GRT-0003] Macros: 2
[INFO GRT-0004] Blockages: 236
[INFO GRT-0019] Found 633 clock nets.
[INFO GRT-0001] Minimum degree: 2
[INFO GRT-0002] Maximum degree: 51

[INFO GRT-0053] Routing resources analysis:
          Routing      Original      Derated      Resource
Layer     Direction    Resources     Resources    Reduction (%)
---------------------------------------------------------------
metal1     Horizontal          0             0          0.00%
metal2     Vertical       158454         74490          52.99%
metal3     Horizontal     218199        107217          50.86%
metal4     Vertical       107484         76065          29.23%
metal5     Horizontal     112293         79188          29.48%
metal6     Vertical       112475         79356          29.45%
metal7     Horizontal      34545         24360          29.48%
metal8     Vertical        39585         28455          28.12%
metal9     Horizontal      19740         11130          43.62%
metal10    Vertical        19740         11130          43.62%
---------------------------------------------------------------

[INFO GRT-0101] Running extra iterations to remove congestion.
[INFO GRT-0102] Start extra iteration 1/30
[INFO GRT-0197] Via related to pin nodes: 179065
[INFO GRT-0198] Via related Steiner nodes: 3357
[INFO GRT-0199] Via filling finished.
[INFO GRT-0111] Final number of vias: 228873
[INFO GRT-0112] Final usage 3D: 862504

[INFO GRT-0096] Final congestion report:
Layer         Resource        Demand        Usage (%)    Max H / Max V / Total Congestion
---------------------------------------------------------------------------------------
metal1               0             0            0.00%             0 /  0 /  0
metal2           74490         48541           65.16%             0 /  0 /  0
metal3          107217         64602           60.25%             0 /  0 /  0
metal4           76065         29468           38.74%             0 /  0 /  0
metal5           79188         25503           32.21%             0 /  0 /  0
metal6           79356          5306            6.69%             0 /  0 /  0
metal7           24360          2244            9.21%             0 /  0 /  0
metal8           28455            19            0.07%             0 /  0 /  0
metal9           11130           202            1.81%             0 /  0 /  0
metal10          11130             0            0.00%             0 /  0 /  0
---------------------------------------------------------------------------------------
Total           491391        175885           35.79%             0 /  0 /  0

[INFO GRT-0018] Total wirelength: 710345 um
[INFO GRT-0014] Routed nets: 29920
[INFO GRT-0303] Global routing runtime = 00:00:02
estimate_parasitics -global_routing
Perform buffer insertion and gate resizing...
repair_design -verbose
Iteration |   Area    | Resized | Buffers | Nets repaired | Remaining
---------------------------------------------------------------------
        0 |     +0.0% |       0 |       0 |             0 |     34784
     1000 |     +0.0% |       0 |       0 |             0 |     33784
     2000 |     +0.0% |       0 |       0 |             0 |     32784
     3000 |     +0.0% |       0 |       0 |             0 |     31784
     4000 |     +0.0% |       0 |       0 |             0 |     30784
     5000 |     +0.0% |       0 |       0 |             0 |     29784
[WARNING RSZ-0104] Net core/_10493_ only has one pin. Check if it is intended to be dangling.
     6000 |     +0.0% |       0 |       1 |             1 |     28784
     7000 |     +0.0% |       0 |       1 |             1 |     27784
     8000 |     +0.0% |       0 |       1 |             1 |     26784
[WARNING RSZ-0104] Net _2135_ only has one pin. Check if it is intended to be dangling.
     9000 |     +0.0% |       0 |       1 |             1 |     25784
[WARNING RSZ-0104] Net _2133_ only has one pin. Check if it is intended to be dangling.
[WARNING RSZ-0104] Net core/csr/_T_311\[28\] only has one pin. Check if it is intended to be dangling.
[WARNING RSZ-0104] Net core/csr/_T_311\[22\] only has one pin. Check if it is intended to be dangling.
[WARNING RSZ-0104] Net core/csr/_T_311\[26\] only has one pin. Check if it is intended to be dangling.
[WARNING RSZ-0104] Net core/csr/_T_311\[24\] only has one pin. Check if it is intended to be dangling.
    10000 |     +0.0% |       0 |       1 |             3 |     24784
[WARNING RSZ-0104] Net core/csr/_T_347\[28\] only has one pin. Check if it is intended to be dangling.
[WARNING RSZ-0104] Net core/csr/_T_293\[27\] only has one pin. Check if it is intended to be dangling.
[WARNING RSZ-0104] Net core/csr/_T_347\[29\] only has one pin. Check if it is intended to be dangling.
[WARNING RSZ-0104] Net core/csr/_T_302\[28\] only has one pin. Check if it is intended to be dangling.
[WARNING RSZ-0104] Net core/csr/_T_293\[25\] only has one pin. Check if it is intended to be dangling.
[WARNING RSZ-0104] Net core/csr/_T_293\[26\] only has one pin. Check if it is intended to be dangling.
[WARNING RSZ-0104] Net core/csr/_T_311\[18\] only has one pin. Check if it is intended to be dangling.
[WARNING RSZ-0104] Net core/csr/_T_311\[27\] only has one pin. Check if it is intended to be dangling.
[WARNING RSZ-0104] Net core/csr/_T_293\[23\] only has one pin. Check if it is intended to be dangling.
[WARNING RSZ-0104] Net core/csr/_T_347\[27\] only has one pin. Check if it is intended to be dangling.
[WARNING RSZ-0104] Net core/csr/_T_311\[20\] only has one pin. Check if it is intended to be dangling.
[WARNING RSZ-0104] Net core/csr/_T_347\[25\] only has one pin. Check if it is intended to be dangling.
[WARNING RSZ-0104] Net core/csr/_T_347\[26\] only has one pin. Check if it is intended to be dangling.
[WARNING RSZ-0104] Net core/csr/_T_320\[23\] only has one pin. Check if it is intended to be dangling.
[WARNING RSZ-0104] Net core/csr/_T_320\[27\] only has one pin. Check if it is intended to be dangling.
[WARNING RSZ-0104] Net core/csr/_T_347\[23\] only has one pin. Check if it is intended to be dangling.
[WARNING RSZ-0104] Net core/csr/_T_302\[24\] only has one pin. Check if it is intended to be dangling.
[WARNING RSZ-0104] Net core/csr/_T_302\[26\] only has one pin. Check if it is intended to be dangling.
[WARNING RSZ-0104] Net core/csr/_T_311\[25\] only has one pin. Check if it is intended to be dangling.
[WARNING RSZ-0104] Net core/csr/_T_311\[16\] only has one pin. Check if it is intended to be dangling.
[WARNING RSZ-0104] Net core/csr/_T_347\[24\] only has one pin. Check if it is intended to be dangling.
[WARNING RSZ-0104] Net core/csr/_T_338\[26\] only has one pin. Check if it is intended to be dangling.
[WARNING RSZ-0104] Net core/_10495_ only has one pin. Check if it is intended to be dangling.
    11000 |     +0.0% |       0 |       1 |             3 |     23784
[WARNING RSZ-0104] Net core/csr/_T_284\[23\] only has one pin. Check if it is intended to be dangling.
[WARNING RSZ-0104] Net core/csr/_T_284\[25\] only has one pin. Check if it is intended to be dangling.
[WARNING RSZ-0104] Net core/csr/_T_284\[27\] only has one pin. Check if it is intended to be dangling.
[WARNING RSZ-0104] Net core/csr/_T_284\[29\] only has one pin. Check if it is intended to be dangling.
[WARNING RSZ-0104] Net core/csr/_T_284\[26\] only has one pin. Check if it is intended to be dangling.
[WARNING RSZ-0104] Net core/csr/_T_284\[28\] only has one pin. Check if it is intended to be dangling.
[WARNING RSZ-0104] Net core/csr/_T_347\[22\] only has one pin. Check if it is intended to be dangling.
[WARNING RSZ-0104] Net core/csr/_T_347\[20\] only has one pin. Check if it is intended to be dangling.
[WARNING RSZ-0104] Net core/csr/_T_293\[19\] only has one pin. Check if it is intended to be dangling.
[WARNING RSZ-0104] Net core/csr/_T_338\[22\] only has one pin. Check if it is intended to be dangling.
[WARNING RSZ-0104] Net core/csr/_T_293\[24\] only has one pin. Check if it is intended to be dangling.
[WARNING RSZ-0104] Net core/csr/_T_347\[12\] only has one pin. Check if it is intended to be dangling.
[WARNING RSZ-0104] Net core/csr/_T_293\[21\] only has one pin. Check if it is intended to be dangling.
[WARNING RSZ-0104] Net core/csr/_T_293\[20\] only has one pin. Check if it is intended to be dangling.
[WARNING RSZ-0104] Net core/csr/_T_347\[19\] only has one pin. Check if it is intended to be dangling.
[WARNING RSZ-0104] Net core/csr/_T_338\[16\] only has one pin. Check if it is intended to be dangling.
[WARNING RSZ-0104] Net core/csr/_T_338\[24\] only has one pin. Check if it is intended to be dangling.
[WARNING RSZ-0104] Net core/csr/_T_329\[27\] only has one pin. Check if it is intended to be dangling.
[WARNING RSZ-0104] Net core/csr/_T_329\[28\] only has one pin. Check if it is intended to be dangling.
[WARNING RSZ-0104] Net core/csr/_T_311\[19\] only has one pin. Check if it is intended to be dangling.
[WARNING RSZ-0104] Net core/csr/_T_347\[21\] only has one pin. Check if it is intended to be dangling.
[WARNING RSZ-0104] Net core/csr/_T_302\[12\] only has one pin. Check if it is intended to be dangling.
[WARNING RSZ-0104] Net core/csr/_T_302\[29\] only has one pin. Check if it is intended to be dangling.
[WARNING RSZ-0104] Net core/csr/_T_311\[14\] only has one pin. Check if it is intended to be dangling.
[WARNING RSZ-0104] Net core/csr/_T_302\[14\] only has one pin. Check if it is intended to be dangling.
[WARNING RSZ-0104] Net core/csr/_T_302\[15\] only has one pin. Check if it is intended to be dangling.
[WARNING RSZ-0104] Net core/csr/_T_302\[16\] only has one pin. Check if it is intended to be dangling.
[WARNING RSZ-0104] Net core/csr/_T_302\[20\] only has one pin. Check if it is intended to be dangling.
[WARNING RSZ-0104] Net core/csr/_T_320\[28\] only has one pin. Check if it is intended to be dangling.
[WARNING RSZ-0104] Net core/csr/_T_320\[29\] only has one pin. Check if it is intended to be dangling.
[WARNING RSZ-0104] Net core/csr/_T_320\[24\] only has one pin. Check if it is intended to be dangling.
[WARNING RSZ-0104] Net core/csr/_T_320\[25\] only has one pin. Check if it is intended to be dangling.
[WARNING RSZ-0104] Net core/csr/_T_302\[22\] only has one pin. Check if it is intended to be dangling.
[WARNING RSZ-0104] Net core/csr/_T_320\[26\] only has one pin. Check if it is intended to be dangling.
[WARNING RSZ-0104] Net core/csr/_T_320\[21\] only has one pin. Check if it is intended to be dangling.
[WARNING RSZ-0104] Net core/csr/_T_320\[19\] only has one pin. Check if it is intended to be dangling.
[WARNING RSZ-0104] Net core/csr/_T_347\[15\] only has one pin. Check if it is intended to be dangling.
[WARNING RSZ-0104] Net core/csr/_T_302\[25\] only has one pin. Check if it is intended to be dangling.
[WARNING RSZ-0104] Net core/csr/_T_338\[28\] only has one pin. Check if it is intended to be dangling.
[WARNING RSZ-0104] Net core/csr/_T_302\[27\] only has one pin. Check if it is intended to be dangling.
[WARNING RSZ-0104] Net core/csr/_T_293\[18\] only has one pin. Check if it is intended to be dangling.
[WARNING RSZ-0104] Net core/csr/_T_311\[23\] only has one pin. Check if it is intended to be dangling.
[WARNING RSZ-0104] Net core/csr/_T_347\[16\] only has one pin. Check if it is intended to be dangling.
[WARNING RSZ-0104] Net core/csr/_T_293\[29\] only has one pin. Check if it is intended to be dangling.
[WARNING RSZ-0104] Net core/csr/_T_311\[21\] only has one pin. Check if it is intended to be dangling.
[WARNING RSZ-0104] Net core/csr/_T_311\[29\] only has one pin. Check if it is intended to be dangling.
[WARNING RSZ-0104] Net core/csr/_T_293\[16\] only has one pin. Check if it is intended to be dangling.
[WARNING RSZ-0104] Net core/csr/_T_284\[19\] only has one pin. Check if it is intended to be dangling.
    12000 |     +0.0% |       0 |       1 |             3 |     22784
[WARNING RSZ-0104] Net core/csr/_T_284\[18\] only has one pin. Check if it is intended to be dangling.
    13000 |     +0.0% |       0 |       1 |             3 |     21784
[WARNING RSZ-0104] Net core/csr/_T_284\[22\] only has one pin. Check if it is intended to be dangling.
[WARNING RSZ-0104] Net core/csr/_T_329\[23\] only has one pin. Check if it is intended to be dangling.
[WARNING RSZ-0104] Net core/csr/_T_338\[21\] only has one pin. Check if it is intended to be dangling.
[WARNING RSZ-0104] Net core/csr/_T_338\[27\] only has one pin. Check if it is intended to be dangling.
[WARNING RSZ-0104] Net core/csr/_T_284\[20\] only has one pin. Check if it is intended to be dangling.
[WARNING RSZ-0104] Net core/csr/_T_284\[21\] only has one pin. Check if it is intended to be dangling.
[WARNING RSZ-0104] Net core/csr/_T_284\[24\] only has one pin. Check if it is intended to be dangling.
[WARNING RSZ-0104] Net core/csr/_T_338\[20\] only has one pin. Check if it is intended to be dangling.
[WARNING RSZ-0104] Net core/csr/_T_329\[22\] only has one pin. Check if it is intended to be dangling.
[WARNING RSZ-0104] Net core/csr/_T_338\[14\] only has one pin. Check if it is intended to be dangling.
[WARNING RSZ-0104] Net core/csr/_T_338\[23\] only has one pin. Check if it is intended to be dangling.
[WARNING RSZ-0104] Net core/csr/_T_293\[14\] only has one pin. Check if it is intended to be dangling.
[WARNING RSZ-0104] Net core/csr/_T_347\[13\] only has one pin. Check if it is intended to be dangling.
[WARNING RSZ-0104] Net core/csr/_T_329\[24\] only has one pin. Check if it is intended to be dangling.
[WARNING RSZ-0104] Net core/csr/_T_338\[25\] only has one pin. Check if it is intended to be dangling.
[WARNING RSZ-0104] Net core/csr/_T_329\[25\] only has one pin. Check if it is intended to be dangling.
[WARNING RSZ-0104] Net core/csr/_T_347\[14\] only has one pin. Check if it is intended to be dangling.
[WARNING RSZ-0104] Net core/csr/_T_338\[18\] only has one pin. Check if it is intended to be dangling.
[WARNING RSZ-0104] Net core/csr/_T_302\[10\] only has one pin. Check if it is intended to be dangling.
[WARNING RSZ-0104] Net core/csr/_T_302\[11\] only has one pin. Check if it is intended to be dangling.
[WARNING RSZ-0104] Net core/csr/_T_329\[16\] only has one pin. Check if it is intended to be dangling.
[WARNING RSZ-0104] Net core/csr/_T_329\[26\] only has one pin. Check if it is intended to be dangling.
[WARNING RSZ-0104] Net core/csr/_T_302\[13\] only has one pin. Check if it is intended to be dangling.
[WARNING RSZ-0104] Net core/csr/_T_302\[18\] only has one pin. Check if it is intended to be dangling.
[WARNING RSZ-0104] Net core/csr/_T_302\[19\] only has one pin. Check if it is intended to be dangling.
[WARNING RSZ-0104] Net core/csr/_T_347\[11\] only has one pin. Check if it is intended to be dangling.
[WARNING RSZ-0104] Net core/csr/_T_347\[10\] only has one pin. Check if it is intended to be dangling.
[WARNING RSZ-0104] Net core/csr/_T_347\[17\] only has one pin. Check if it is intended to be dangling.
[WARNING RSZ-0104] Net core/csr/_T_302\[17\] only has one pin. Check if it is intended to be dangling.
[WARNING RSZ-0104] Net core/csr/_T_347\[18\] only has one pin. Check if it is intended to be dangling.
[WARNING RSZ-0104] Net core/csr/_T_302\[21\] only has one pin. Check if it is intended to be dangling.
[WARNING RSZ-0104] Net core/csr/_T_302\[23\] only has one pin. Check if it is intended to be dangling.
[WARNING RSZ-0104] Net core/csr/_T_320\[22\] only has one pin. Check if it is intended to be dangling.
[WARNING RSZ-0104] Net core/csr/_T_320\[20\] only has one pin. Check if it is intended to be dangling.
[WARNING RSZ-0104] Net core/csr/_T_320\[17\] only has one pin. Check if it is intended to be dangling.
[WARNING RSZ-0104] Net core/csr/_T_320\[18\] only has one pin. Check if it is intended to be dangling.
[WARNING RSZ-0104] Net core/csr/_T_320\[14\] only has one pin. Check if it is intended to be dangling.
[WARNING RSZ-0104] Net core/csr/_T_329\[29\] only has one pin. Check if it is intended to be dangling.
[WARNING RSZ-0104] Net core/csr/_T_293\[17\] only has one pin. Check if it is intended to be dangling.
[WARNING RSZ-0104] Net core/csr/_T_311\[17\] only has one pin. Check if it is intended to be dangling.
[WARNING RSZ-0104] Net core/csr/_T_338\[29\] only has one pin. Check if it is intended to be dangling.
[WARNING RSZ-0104] Net core/csr/_T_293\[22\] only has one pin. Check if it is intended to be dangling.
[WARNING RSZ-0104] Net core/csr/_T_338\[12\] only has one pin. Check if it is intended to be dangling.
[WARNING RSZ-0104] Net core/csr/_T_284\[17\] only has one pin. Check if it is intended to be dangling.
[WARNING RSZ-0104] Net core/csr/_T_284\[16\] only has one pin. Check if it is intended to be dangling.
[WARNING RSZ-0104] Net core/csr/_T_284\[15\] only has one pin. Check if it is intended to be dangling.
[WARNING RSZ-0104] Net core/csr/_T_284\[13\] only has one pin. Check if it is intended to be dangling.
[WARNING RSZ-0104] Net core/csr/_T_293\[28\] only has one pin. Check if it is intended to be dangling.
    14000 |     +0.0% |       0 |       1 |             3 |     20784
[WARNING RSZ-0104] Net core/csr/_T_329\[14\] only has one pin. Check if it is intended to be dangling.
[WARNING RSZ-0104] Net core/csr/_T_338\[15\] only has one pin. Check if it is intended to be dangling.
[WARNING RSZ-0104] Net core/csr/_T_311\[12\] only has one pin. Check if it is intended to be dangling.
[WARNING RSZ-0104] Net core/csr/_T_293\[15\] only has one pin. Check if it is intended to be dangling.
[WARNING RSZ-0104] Net core/csr/_T_338\[11\] only has one pin. Check if it is intended to be dangling.
[WARNING RSZ-0104] Net core/csr/_T_302\[8\] only has one pin. Check if it is intended to be dangling.
[WARNING RSZ-0104] Net core/csr/_T_338\[9\] only has one pin. Check if it is intended to be dangling.
[WARNING RSZ-0104] Net core/csr/_T_311\[10\] only has one pin. Check if it is intended to be dangling.
[WARNING RSZ-0104] Net core/csr/_T_311\[9\] only has one pin. Check if it is intended to be dangling.
[WARNING RSZ-0104] Net core/csr/_T_338\[17\] only has one pin. Check if it is intended to be dangling.
[WARNING RSZ-0104] Net core/csr/_T_338\[10\] only has one pin. Check if it is intended to be dangling.
[WARNING RSZ-0104] Net core/csr/_T_329\[11\] only has one pin. Check if it is intended to be dangling.
[WARNING RSZ-0104] Net core/csr/_T_338\[13\] only has one pin. Check if it is intended to be dangling.
[WARNING RSZ-0104] Net core/csr/_T_320\[16\] only has one pin. Check if it is intended to be dangling.
[WARNING RSZ-0104] Net core/csr/_T_320\[12\] only has one pin. Check if it is intended to be dangling.
[WARNING RSZ-0104] Net core/csr/_T_320\[13\] only has one pin. Check if it is intended to be dangling.
[WARNING RSZ-0104] Net core/csr/_T_320\[15\] only has one pin. Check if it is intended to be dangling.
[WARNING RSZ-0104] Net core/csr/_T_320\[10\] only has one pin. Check if it is intended to be dangling.
[WARNING RSZ-0104] Net core/csr/_T_338\[19\] only has one pin. Check if it is intended to be dangling.
[WARNING RSZ-0104] Net core/csr/_T_311\[8\] only has one pin. Check if it is intended to be dangling.
[WARNING RSZ-0104] Net core/csr/_T_311\[15\] only has one pin. Check if it is intended to be dangling.
[WARNING RSZ-0104] Net core/csr/_T_284\[14\] only has one pin. Check if it is intended to be dangling.
[WARNING RSZ-0104] Net core/csr/_T_284\[11\] only has one pin. Check if it is intended to be dangling.
[WARNING RSZ-0104] Net core/csr/_T_284\[12\] only has one pin. Check if it is intended to be dangling.
[WARNING RSZ-0104] Net core/csr/_T_284\[10\] only has one pin. Check if it is intended to be dangling.
    15000 |     +0.0% |       0 |       2 |             6 |     19784
[WARNING RSZ-0104] Net core/csr/_T_329\[15\] only has one pin. Check if it is intended to be dangling.
[WARNING RSZ-0104] Net core/csr/_T_329\[21\] only has one pin. Check if it is intended to be dangling.
[WARNING RSZ-0104] Net core/csr/_T_284\[6\] only has one pin. Check if it is intended to be dangling.
[WARNING RSZ-0104] Net core/csr/_T_338\[7\] only has one pin. Check if it is intended to be dangling.
[WARNING RSZ-0104] Net core/csr/_T_338\[8\] only has one pin. Check if it is intended to be dangling.
[WARNING RSZ-0104] Net core/csr/_T_329\[9\] only has one pin. Check if it is intended to be dangling.
[WARNING RSZ-0104] Net core/csr/_T_329\[17\] only has one pin. Check if it is intended to be dangling.
[WARNING RSZ-0104] Net core/csr/_T_329\[8\] only has one pin. Check if it is intended to be dangling.
[WARNING RSZ-0104] Net core/csr/_T_329\[12\] only has one pin. Check if it is intended to be dangling.
[WARNING RSZ-0104] Net core/csr/_T_329\[19\] only has one pin. Check if it is intended to be dangling.
[WARNING RSZ-0104] Net core/csr/_T_329\[20\] only has one pin. Check if it is intended to be dangling.
[WARNING RSZ-0104] Net core/csr/_T_311\[6\] only has one pin. Check if it is intended to be dangling.
[WARNING RSZ-0104] Net core/csr/_T_302\[9\] only has one pin. Check if it is intended to be dangling.
[WARNING RSZ-0104] Net core/csr/_T_347\[9\] only has one pin. Check if it is intended to be dangling.
[WARNING RSZ-0104] Net core/csr/_T_329\[6\] only has one pin. Check if it is intended to be dangling.
[WARNING RSZ-0104] Net core/csr/_T_320\[11\] only has one pin. Check if it is intended to be dangling.
[WARNING RSZ-0104] Net core/csr/_T_320\[9\] only has one pin. Check if it is intended to be dangling.
[WARNING RSZ-0104] Net core/csr/_T_320\[8\] only has one pin. Check if it is intended to be dangling.
[WARNING RSZ-0104] Net core/csr/_T_329\[18\] only has one pin. Check if it is intended to be dangling.
[WARNING RSZ-0104] Net core/csr/_T_293\[13\] only has one pin. Check if it is intended to be dangling.
[WARNING RSZ-0104] Net core/csr/_T_311\[7\] only has one pin. Check if it is intended to be dangling.
[WARNING RSZ-0104] Net core/csr/_T_311\[13\] only has one pin. Check if it is intended to be dangling.
[WARNING RSZ-0104] Net core/csr/_T_284\[8\] only has one pin. Check if it is intended to be dangling.
[WARNING RSZ-0104] Net core/csr/_T_284\[9\] only has one pin. Check if it is intended to be dangling.
[WARNING RSZ-0104] Net core/csr/_T_329\[10\] only has one pin. Check if it is intended to be dangling.
    16000 |     +0.0% |       0 |       2 |             7 |     18784
[WARNING RSZ-0104] Net core/_10497_ only has one pin. Check if it is intended to be dangling.
    17000 |     +0.0% |       0 |       4 |            10 |     17784
[WARNING RSZ-0104] Net core/csr/_T_329\[7\] only has one pin. Check if it is intended to be dangling.
[WARNING RSZ-0104] Net core/csr/_T_329\[13\] only has one pin. Check if it is intended to be dangling.
[WARNING RSZ-0104] Net core/csr/_T_338\[6\] only has one pin. Check if it is intended to be dangling.
[WARNING RSZ-0104] Net core/csr/_T_293\[6\] only has one pin. Check if it is intended to be dangling.
[WARNING RSZ-0104] Net core/csr/_T_293\[7\] only has one pin. Check if it is intended to be dangling.
[WARNING RSZ-0104] Net core/csr/_T_293\[12\] only has one pin. Check if it is intended to be dangling.
[WARNING RSZ-0104] Net core/csr/_T_293\[9\] only has one pin. Check if it is intended to be dangling.
[WARNING RSZ-0104] Net core/csr/_T_293\[11\] only has one pin. Check if it is intended to be dangling.
[WARNING RSZ-0104] Net core/csr/_T_320\[6\] only has one pin. Check if it is intended to be dangling.
[WARNING RSZ-0104] Net core/csr/_T_320\[7\] only has one pin. Check if it is intended to be dangling.
[WARNING RSZ-0104] Net core/csr/_T_347\[7\] only has one pin. Check if it is intended to be dangling.
[WARNING RSZ-0104] Net core/csr/_T_302\[6\] only has one pin. Check if it is intended to be dangling.
[WARNING RSZ-0104] Net core/csr/_T_302\[7\] only has one pin. Check if it is intended to be dangling.
[WARNING RSZ-0104] Net core/csr/_T_347\[8\] only has one pin. Check if it is intended to be dangling.
[WARNING RSZ-0104] Net core/csr/_T_293\[10\] only has one pin. Check if it is intended to be dangling.
[WARNING RSZ-0104] Net core/csr/_T_293\[8\] only has one pin. Check if it is intended to be dangling.
[WARNING RSZ-0104] Net core/csr/_T_293\[5\] only has one pin. Check if it is intended to be dangling.
[WARNING RSZ-0104] Net core/csr/_T_338\[5\] only has one pin. Check if it is intended to be dangling.
[WARNING RSZ-0104] Net core/csr/_T_311\[5\] only has one pin. Check if it is intended to be dangling.
[WARNING RSZ-0104] Net core/csr/_T_311\[11\] only has one pin. Check if it is intended to be dangling.
[WARNING RSZ-0104] Net core/csr/_T_284\[7\] only has one pin. Check if it is intended to be dangling.
[WARNING RSZ-0104] Net core/_10496_ only has one pin. Check if it is intended to be dangling.
    18000 |     +0.0% |       0 |       4 |            10 |     16784
[WARNING RSZ-0104] Net frontend/_3625_ only has one pin. Check if it is intended to be dangling.
[WARNING RSZ-0104] Net frontend/_3608_ only has one pin. Check if it is intended to be dangling.
[WARNING RSZ-0104] Net frontend/_3607_ only has one pin. Check if it is intended to be dangling.
[WARNING RSZ-0104] Net frontend/_3606_ only has one pin. Check if it is intended to be dangling.
[WARNING RSZ-0104] Net frontend/_3603_ only has one pin. Check if it is intended to be dangling.
[WARNING RSZ-0104] Net frontend/_3580_ only has one pin. Check if it is intended to be dangling.
[WARNING RSZ-0104] Net frontend/_3576_ only has one pin. Check if it is intended to be dangling.
[WARNING RSZ-0104] Net frontend/_3552_ only has one pin. Check if it is intended to be dangling.
[WARNING RSZ-0104] Net frontend/_3547_ only has one pin. Check if it is intended to be dangling.
[WARNING RSZ-0104] Net frontend/_3544_ only has one pin. Check if it is intended to be dangling.
[WARNING RSZ-0104] Net frontend/_3543_ only has one pin. Check if it is intended to be dangling.
[WARNING RSZ-0104] Net frontend/_3540_ only has one pin. Check if it is intended to be dangling.
[WARNING RSZ-0104] Net frontend/_3538_ only has one pin. Check if it is intended to be dangling.
[WARNING RSZ-0104] Net frontend/_3537_ only has one pin. Check if it is intended to be dangling.
[WARNING RSZ-0104] Net frontend/_3535_ only has one pin. Check if it is intended to be dangling.
[WARNING RSZ-0104] Net frontend/_3523_ only has one pin. Check if it is intended to be dangling.
[WARNING RSZ-0104] Net frontend/_3522_ only has one pin. Check if it is intended to be dangling.
[WARNING RSZ-0104] Net frontend/_3521_ only has one pin. Check if it is intended to be dangling.
[WARNING RSZ-0104] Net frontend/_3519_ only has one pin. Check if it is intended to be dangling.
[WARNING RSZ-0104] Net frontend/_3515_ only has one pin. Check if it is intended to be dangling.
[WARNING RSZ-0104] Net frontend/_3514_ only has one pin. Check if it is intended to be dangling.
[WARNING RSZ-0104] Net frontend/_3513_ only has one pin. Check if it is intended to be dangling.
[WARNING RSZ-0104] Net frontend/_3511_ only has one pin. Check if it is intended to be dangling.
[WARNING RSZ-0104] Net frontend/_3507_ only has one pin. Check if it is intended to be dangling.
[WARNING RSZ-0104] Net frontend/_3505_ only has one pin. Check if it is intended to be dangling.
[WARNING RSZ-0104] Net frontend/_3489_ only has one pin. Check if it is intended to be dangling.
[WARNING RSZ-0104] Net frontend/_3488_ only has one pin. Check if it is intended to be dangling.
[WARNING RSZ-0104] Net frontend/_3487_ only has one pin. Check if it is intended to be dangling.
[WARNING RSZ-0104] Net frontend/_3486_ only has one pin. Check if it is intended to be dangling.
[WARNING RSZ-0104] Net frontend/_3485_ only has one pin. Check if it is intended to be dangling.
[WARNING RSZ-0104] Net frontend/_3465_ only has one pin. Check if it is intended to be dangling.
[WARNING RSZ-0104] Net frontend/_3464_ only has one pin. Check if it is intended to be dangling.
[WARNING RSZ-0104] Net frontend/_3455_ only has one pin. Check if it is intended to be dangling.
[WARNING RSZ-0104] Net frontend/_3434_ only has one pin. Check if it is intended to be dangling.
[WARNING RSZ-0104] Net frontend/_3433_ only has one pin. Check if it is intended to be dangling.
[WARNING RSZ-0104] Net frontend/_3432_ only has one pin. Check if it is intended to be dangling.
[WARNING RSZ-0104] Net dcache/_3540_ only has one pin. Check if it is intended to be dangling.
[WARNING RSZ-0104] Net dcache/_3539_ only has one pin. Check if it is intended to be dangling.
[WARNING RSZ-0104] Net dcache/_3523_ only has one pin. Check if it is intended to be dangling.
[WARNING RSZ-0104] Net dcache/_3521_ only has one pin. Check if it is intended to be dangling.
[WARNING RSZ-0104] Net dcache/_3520_ only has one pin. Check if it is intended to be dangling.
[WARNING RSZ-0104] Net dcache/_3519_ only has one pin. Check if it is intended to be dangling.
[WARNING RSZ-0104] Net dcache/_3516_ only has one pin. Check if it is intended to be dangling.
[WARNING RSZ-0104] Net dcache/_3495_ only has one pin. Check if it is intended to be dangling.
[WARNING RSZ-0104] Net dcache/_3490_ only has one pin. Check if it is intended to be dangling.
[WARNING RSZ-0104] Net dcache/_3485_ only has one pin. Check if it is intended to be dangling.
[WARNING RSZ-0104] Net dcache/_3484_ only has one pin. Check if it is intended to be dangling.
[WARNING RSZ-0104] Net dcache/_3468_ only has one pin. Check if it is intended to be dangling.
[WARNING RSZ-0104] Net dcache/_3466_ only has one pin. Check if it is intended to be dangling.
[WARNING RSZ-0104] Net dcache/_3462_ only has one pin. Check if it is intended to be dangling.
[WARNING RSZ-0104] Net dcache/_3459_ only has one pin. Check if it is intended to be dangling.
[WARNING RSZ-0104] Net dcache/_3458_ only has one pin. Check if it is intended to be dangling.
[WARNING RSZ-0104] Net dcache/_3455_ only has one pin. Check if it is intended to be dangling.
[WARNING RSZ-0104] Net dcache/_3453_ only has one pin. Check if it is intended to be dangling.
[WARNING RSZ-0104] Net dcache/_3452_ only has one pin. Check if it is intended to be dangling.
[WARNING RSZ-0104] Net dcache/_3450_ only has one pin. Check if it is intended to be dangling.
[WARNING RSZ-0104] Net dcache/_3439_ only has one pin. Check if it is intended to be dangling.
[WARNING RSZ-0104] Net dcache/_3437_ only has one pin. Check if it is intended to be dangling.
[WARNING RSZ-0104] Net dcache/_3435_ only has one pin. Check if it is intended to be dangling.
[WARNING RSZ-0104] Net dcache/_3431_ only has one pin. Check if it is intended to be dangling.
[WARNING RSZ-0104] Net dcache/_3430_ only has one pin. Check if it is intended to be dangling.
[WARNING RSZ-0104] Net dcache/_3429_ only has one pin. Check if it is intended to be dangling.
[WARNING RSZ-0104] Net dcache/_3425_ only has one pin. Check if it is intended to be dangling.
[WARNING RSZ-0104] Net dcache/_3423_ only has one pin. Check if it is intended to be dangling.
[WARNING RSZ-0104] Net dcache/_3413_ only has one pin. Check if it is intended to be dangling.
[WARNING RSZ-0104] Net dcache/_3411_ only has one pin. Check if it is intended to be dangling.
[WARNING RSZ-0104] Net dcache/_3407_ only has one pin. Check if it is intended to be dangling.
[WARNING RSZ-0104] Net dcache/_3406_ only has one pin. Check if it is intended to be dangling.
[WARNING RSZ-0104] Net dcache/_3405_ only has one pin. Check if it is intended to be dangling.
[WARNING RSZ-0104] Net dcache/_3404_ only has one pin. Check if it is intended to be dangling.
[WARNING RSZ-0104] Net dcache/_3403_ only has one pin. Check if it is intended to be dangling.
[WARNING RSZ-0104] Net dcache/_3402_ only has one pin. Check if it is intended to be dangling.
[WARNING RSZ-0104] Net dcache/_3387_ only has one pin. Check if it is intended to be dangling.
[WARNING RSZ-0104] Net dcache/_3385_ only has one pin. Check if it is intended to be dangling.
[WARNING RSZ-0104] Net dcache/_3376_ only has one pin. Check if it is intended to be dangling.
[WARNING RSZ-0104] Net dcache/_3358_ only has one pin. Check if it is intended to be dangling.
[WARNING RSZ-0104] Net dcache/_3356_ only has one pin. Check if it is intended to be dangling.
[WARNING RSZ-0104] Net dcache/_3355_ only has one pin. Check if it is intended to be dangling.
[WARNING RSZ-0104] Net dcache/_3354_ only has one pin. Check if it is intended to be dangling.
    19000 |     +0.0% |       0 |       4 |            10 |     15784
[WARNING RSZ-0104] Net core/div/_2440_ only has one pin. Check if it is intended to be dangling.
[WARNING RSZ-0104] Net core/csr/_T_347\[6\] only has one pin. Check if it is intended to be dangling.
[WARNING RSZ-0104] Net core/csr/_T_311\[4\] only has one pin. Check if it is intended to be dangling.
[WARNING RSZ-0104] Net core/csr/_T_338\[4\] only has one pin. Check if it is intended to be dangling.
[WARNING RSZ-0104] Net core/csr/_T_284\[4\] only has one pin. Check if it is intended to be dangling.
[WARNING RSZ-0104] Net core/csr/_T_284\[5\] only has one pin. Check if it is intended to be dangling.
[WARNING RSZ-0104] Net core/csr/_T_293\[4\] only has one pin. Check if it is intended to be dangling.
[WARNING RSZ-0104] Net core/csr/_T_347\[5\] only has one pin. Check if it is intended to be dangling.
[WARNING RSZ-0104] Net core/csr/_T_338\[3\] only has one pin. Check if it is intended to be dangling.
[WARNING RSZ-0104] Net core/csr/_T_329\[5\] only has one pin. Check if it is intended to be dangling.
[WARNING RSZ-0104] Net core/csr/_T_329\[4\] only has one pin. Check if it is intended to be dangling.
[WARNING RSZ-0104] Net core/csr/_T_320\[5\] only has one pin. Check if it is intended to be dangling.
[WARNING RSZ-0104] Net core/csr/_T_320\[4\] only has one pin. Check if it is intended to be dangling.
[WARNING RSZ-0104] Net core/csr/_T_347\[4\] only has one pin. Check if it is intended to be dangling.
[WARNING RSZ-0104] Net core/csr/_T_302\[3\] only has one pin. Check if it is intended to be dangling.
[WARNING RSZ-0104] Net core/csr/_T_302\[4\] only has one pin. Check if it is intended to be dangling.
[WARNING RSZ-0104] Net core/csr/_T_302\[5\] only has one pin. Check if it is intended to be dangling.
[WARNING RSZ-0104] Net core/csr/_T_347\[3\] only has one pin. Check if it is intended to be dangling.
[WARNING RSZ-0104] Net core/csr/_T_293\[3\] only has one pin. Check if it is intended to be dangling.
    20000 |     +0.0% |       0 |       5 |            11 |     14784
[WARNING RSZ-0104] Net frontend/_3643_ only has one pin. Check if it is intended to be dangling.
[WARNING RSZ-0104] Net frontend/_3642_ only has one pin. Check if it is intended to be dangling.
[WARNING RSZ-0104] Net frontend/_3641_ only has one pin. Check if it is intended to be dangling.
[WARNING RSZ-0104] Net frontend/_3640_ only has one pin. Check if it is intended to be dangling.
[WARNING RSZ-0104] Net frontend/_3639_ only has one pin. Check if it is intended to be dangling.
[WARNING RSZ-0104] Net frontend/_3638_ only has one pin. Check if it is intended to be dangling.
[WARNING RSZ-0104] Net frontend/_3637_ only has one pin. Check if it is intended to be dangling.
[WARNING RSZ-0104] Net frontend/_3636_ only has one pin. Check if it is intended to be dangling.
[WARNING RSZ-0104] Net frontend/_3635_ only has one pin. Check if it is intended to be dangling.
[WARNING RSZ-0104] Net frontend/_3634_ only has one pin. Check if it is intended to be dangling.
[WARNING RSZ-0104] Net frontend/_3633_ only has one pin. Check if it is intended to be dangling.
[WARNING RSZ-0104] Net frontend/_3632_ only has one pin. Check if it is intended to be dangling.
[WARNING RSZ-0104] Net frontend/_3631_ only has one pin. Check if it is intended to be dangling.
[WARNING RSZ-0104] Net frontend/_3630_ only has one pin. Check if it is intended to be dangling.
[WARNING RSZ-0104] Net frontend/_3629_ only has one pin. Check if it is intended to be dangling.
[WARNING RSZ-0104] Net frontend/_3628_ only has one pin. Check if it is intended to be dangling.
[WARNING RSZ-0104] Net frontend/_3627_ only has one pin. Check if it is intended to be dangling.
[WARNING RSZ-0104] Net frontend/_3626_ only has one pin. Check if it is intended to be dangling.
[WARNING RSZ-0104] Net frontend/_3624_ only has one pin. Check if it is intended to be dangling.
[WARNING RSZ-0104] Net frontend/_3623_ only has one pin. Check if it is intended to be dangling.
[WARNING RSZ-0104] Net frontend/_3622_ only has one pin. Check if it is intended to be dangling.
[WARNING RSZ-0104] Net frontend/_3621_ only has one pin. Check if it is intended to be dangling.
[WARNING RSZ-0104] Net frontend/_3620_ only has one pin. Check if it is intended to be dangling.
[WARNING RSZ-0104] Net frontend/_3619_ only has one pin. Check if it is intended to be dangling.
[WARNING RSZ-0104] Net frontend/_3618_ only has one pin. Check if it is intended to be dangling.
[WARNING RSZ-0104] Net frontend/_3617_ only has one pin. Check if it is intended to be dangling.
[WARNING RSZ-0104] Net frontend/_3616_ only has one pin. Check if it is intended to be dangling.
[WARNING RSZ-0104] Net frontend/_3615_ only has one pin. Check if it is intended to be dangling.
[WARNING RSZ-0104] Net frontend/_3614_ only has one pin. Check if it is intended to be dangling.
[WARNING RSZ-0104] Net frontend/_3613_ only has one pin. Check if it is intended to be dangling.
[WARNING RSZ-0104] Net frontend/_3612_ only has one pin. Check if it is intended to be dangling.
[WARNING RSZ-0104] Net frontend/_3611_ only has one pin. Check if it is intended to be dangling.
[WARNING RSZ-0104] Net frontend/_3610_ only has one pin. Check if it is intended to be dangling.
[WARNING RSZ-0104] Net frontend/_3609_ only has one pin. Check if it is intended to be dangling.
[WARNING RSZ-0104] Net frontend/_3605_ only has one pin. Check if it is intended to be dangling.
[WARNING RSZ-0104] Net frontend/_3604_ only has one pin. Check if it is intended to be dangling.
[WARNING RSZ-0104] Net frontend/_3602_ only has one pin. Check if it is intended to be dangling.
[WARNING RSZ-0104] Net frontend/_3601_ only has one pin. Check if it is intended to be dangling.
[WARNING RSZ-0104] Net frontend/_3600_ only has one pin. Check if it is intended to be dangling.
[WARNING RSZ-0104] Net frontend/_3599_ only has one pin. Check if it is intended to be dangling.
[WARNING RSZ-0104] Net frontend/_3598_ only has one pin. Check if it is intended to be dangling.
[WARNING RSZ-0104] Net frontend/_3597_ only has one pin. Check if it is intended to be dangling.
[WARNING RSZ-0104] Net frontend/_3596_ only has one pin. Check if it is intended to be dangling.
[WARNING RSZ-0104] Net frontend/_3595_ only has one pin. Check if it is intended to be dangling.
[WARNING RSZ-0104] Net frontend/_3594_ only has one pin. Check if it is intended to be dangling.
[WARNING RSZ-0104] Net frontend/_3593_ only has one pin. Check if it is intended to be dangling.
[WARNING RSZ-0104] Net frontend/_3592_ only has one pin. Check if it is intended to be dangling.
[WARNING RSZ-0104] Net frontend/_3591_ only has one pin. Check if it is intended to be dangling.
[WARNING RSZ-0104] Net frontend/_3590_ only has one pin. Check if it is intended to be dangling.
[WARNING RSZ-0104] Net frontend/_3589_ only has one pin. Check if it is intended to be dangling.
[WARNING RSZ-0104] Net frontend/_3588_ only has one pin. Check if it is intended to be dangling.
[WARNING RSZ-0104] Net frontend/_3587_ only has one pin. Check if it is intended to be dangling.
[WARNING RSZ-0104] Net frontend/_3586_ only has one pin. Check if it is intended to be dangling.
[WARNING RSZ-0104] Net frontend/_3585_ only has one pin. Check if it is intended to be dangling.
[WARNING RSZ-0104] Net frontend/_3584_ only has one pin. Check if it is intended to be dangling.
[WARNING RSZ-0104] Net frontend/_3583_ only has one pin. Check if it is intended to be dangling.
[WARNING RSZ-0104] Net frontend/_3582_ only has one pin. Check if it is intended to be dangling.
[WARNING RSZ-0104] Net frontend/_3581_ only has one pin. Check if it is intended to be dangling.
[WARNING RSZ-0104] Net frontend/_3579_ only has one pin. Check if it is intended to be dangling.
[WARNING RSZ-0104] Net frontend/_3578_ only has one pin. Check if it is intended to be dangling.
[WARNING RSZ-0104] Net frontend/_3577_ only has one pin. Check if it is intended to be dangling.
[WARNING RSZ-0104] Net frontend/_3575_ only has one pin. Check if it is intended to be dangling.
[WARNING RSZ-0104] Net frontend/_3574_ only has one pin. Check if it is intended to be dangling.
[WARNING RSZ-0104] Net frontend/_3573_ only has one pin. Check if it is intended to be dangling.
[WARNING RSZ-0104] Net frontend/_3572_ only has one pin. Check if it is intended to be dangling.
[WARNING RSZ-0104] Net frontend/_3571_ only has one pin. Check if it is intended to be dangling.
[WARNING RSZ-0104] Net frontend/_3570_ only has one pin. Check if it is intended to be dangling.
[WARNING RSZ-0104] Net frontend/_3569_ only has one pin. Check if it is intended to be dangling.
[WARNING RSZ-0104] Net frontend/_3568_ only has one pin. Check if it is intended to be dangling.
[WARNING RSZ-0104] Net frontend/_3567_ only has one pin. Check if it is intended to be dangling.
[WARNING RSZ-0104] Net frontend/_3566_ only has one pin. Check if it is intended to be dangling.
[WARNING RSZ-0104] Net frontend/_3565_ only has one pin. Check if it is intended to be dangling.
[WARNING RSZ-0104] Net frontend/_3564_ only has one pin. Check if it is intended to be dangling.
[WARNING RSZ-0104] Net frontend/_3563_ only has one pin. Check if it is intended to be dangling.
[WARNING RSZ-0104] Net frontend/_3562_ only has one pin. Check if it is intended to be dangling.
[WARNING RSZ-0104] Net frontend/_3561_ only has one pin. Check if it is intended to be dangling.
[WARNING RSZ-0104] Net frontend/_3560_ only has one pin. Check if it is intended to be dangling.
[WARNING RSZ-0104] Net frontend/_3559_ only has one pin. Check if it is intended to be dangling.
[WARNING RSZ-0104] Net frontend/_3558_ only has one pin. Check if it is intended to be dangling.
[WARNING RSZ-0104] Net frontend/_3557_ only has one pin. Check if it is intended to be dangling.
[WARNING RSZ-0104] Net frontend/_3556_ only has one pin. Check if it is intended to be dangling.
[WARNING RSZ-0104] Net frontend/_3555_ only has one pin. Check if it is intended to be dangling.
[WARNING RSZ-0104] Net frontend/_3554_ only has one pin. Check if it is intended to be dangling.
[WARNING RSZ-0104] Net frontend/_3553_ only has one pin. Check if it is intended to be dangling.
[WARNING RSZ-0104] Net frontend/_3551_ only has one pin. Check if it is intended to be dangling.
[WARNING RSZ-0104] Net frontend/_3550_ only has one pin. Check if it is intended to be dangling.
[WARNING RSZ-0104] Net frontend/_3549_ only has one pin. Check if it is intended to be dangling.
[WARNING RSZ-0104] Net frontend/_3548_ only has one pin. Check if it is intended to be dangling.
[WARNING RSZ-0104] Net frontend/_3546_ only has one pin. Check if it is intended to be dangling.
[WARNING RSZ-0104] Net frontend/_3545_ only has one pin. Check if it is intended to be dangling.
[WARNING RSZ-0104] Net frontend/_3542_ only has one pin. Check if it is intended to be dangling.
[WARNING RSZ-0104] Net frontend/_3541_ only has one pin. Check if it is intended to be dangling.
[WARNING RSZ-0104] Net frontend/_3539_ only has one pin. Check if it is intended to be dangling.
[WARNING RSZ-0104] Net frontend/_3536_ only has one pin. Check if it is intended to be dangling.
[WARNING RSZ-0104] Net frontend/_3534_ only has one pin. Check if it is intended to be dangling.
[WARNING RSZ-0104] Net frontend/_3533_ only has one pin. Check if it is intended to be dangling.
[WARNING RSZ-0104] Net frontend/_3532_ only has one pin. Check if it is intended to be dangling.
[WARNING RSZ-0104] Net frontend/_3531_ only has one pin. Check if it is intended to be dangling.
[WARNING RSZ-0104] Net frontend/_3530_ only has one pin. Check if it is intended to be dangling.
[WARNING RSZ-0104] Net frontend/_3529_ only has one pin. Check if it is intended to be dangling.
[WARNING RSZ-0104] Net frontend/_3528_ only has one pin. Check if it is intended to be dangling.
[WARNING RSZ-0104] Net frontend/_3527_ only has one pin. Check if it is intended to be dangling.
[WARNING RSZ-0104] Net frontend/_3526_ only has one pin. Check if it is intended to be dangling.
[WARNING RSZ-0104] Net frontend/_3525_ only has one pin. Check if it is intended to be dangling.
[WARNING RSZ-0104] Net frontend/_3524_ only has one pin. Check if it is intended to be dangling.
[WARNING RSZ-0104] Net frontend/_3520_ only has one pin. Check if it is intended to be dangling.
[WARNING RSZ-0104] Net frontend/_3518_ only has one pin. Check if it is intended to be dangling.
[WARNING RSZ-0104] Net frontend/_3517_ only has one pin. Check if it is intended to be dangling.
[WARNING RSZ-0104] Net frontend/_3516_ only has one pin. Check if it is intended to be dangling.
[WARNING RSZ-0104] Net frontend/_3512_ only has one pin. Check if it is intended to be dangling.
[WARNING RSZ-0104] Net frontend/_3510_ only has one pin. Check if it is intended to be dangling.
[WARNING RSZ-0104] Net frontend/_3509_ only has one pin. Check if it is intended to be dangling.
[WARNING RSZ-0104] Net frontend/_3508_ only has one pin. Check if it is intended to be dangling.
[WARNING RSZ-0104] Net frontend/_3506_ only has one pin. Check if it is intended to be dangling.
[WARNING RSZ-0104] Net frontend/_3504_ only has one pin. Check if it is intended to be dangling.
[WARNING RSZ-0104] Net frontend/_3503_ only has one pin. Check if it is intended to be dangling.
[WARNING RSZ-0104] Net frontend/_3502_ only has one pin. Check if it is intended to be dangling.
[WARNING RSZ-0104] Net frontend/_3501_ only has one pin. Check if it is intended to be dangling.
[WARNING RSZ-0104] Net frontend/_3500_ only has one pin. Check if it is intended to be dangling.
[WARNING RSZ-0104] Net frontend/_3499_ only has one pin. Check if it is intended to be dangling.
[WARNING RSZ-0104] Net frontend/_3498_ only has one pin. Check if it is intended to be dangling.
[WARNING RSZ-0104] Net frontend/_3497_ only has one pin. Check if it is intended to be dangling.
[WARNING RSZ-0104] Net frontend/_3496_ only has one pin. Check if it is intended to be dangling.
[WARNING RSZ-0104] Net frontend/_3495_ only has one pin. Check if it is intended to be dangling.
[WARNING RSZ-0104] Net frontend/_3494_ only has one pin. Check if it is intended to be dangling.
[WARNING RSZ-0104] Net frontend/_3493_ only has one pin. Check if it is intended to be dangling.
[WARNING RSZ-0104] Net frontend/_3492_ only has one pin. Check if it is intended to be dangling.
[WARNING RSZ-0104] Net frontend/_3491_ only has one pin. Check if it is intended to be dangling.
[WARNING RSZ-0104] Net frontend/_3490_ only has one pin. Check if it is intended to be dangling.
[WARNING RSZ-0104] Net frontend/_3484_ only has one pin. Check if it is intended to be dangling.
[WARNING RSZ-0104] Net frontend/_3483_ only has one pin. Check if it is intended to be dangling.
[WARNING RSZ-0104] Net frontend/_3482_ only has one pin. Check if it is intended to be dangling.
[WARNING RSZ-0104] Net frontend/_3481_ only has one pin. Check if it is intended to be dangling.
[WARNING RSZ-0104] Net frontend/_3480_ only has one pin. Check if it is intended to be dangling.
[WARNING RSZ-0104] Net frontend/_3479_ only has one pin. Check if it is intended to be dangling.
[WARNING RSZ-0104] Net frontend/_3478_ only has one pin. Check if it is intended to be dangling.
[WARNING RSZ-0104] Net frontend/_3477_ only has one pin. Check if it is intended to be dangling.
[WARNING RSZ-0104] Net frontend/_3476_ only has one pin. Check if it is intended to be dangling.
[WARNING RSZ-0104] Net frontend/_3475_ only has one pin. Check if it is intended to be dangling.
[WARNING RSZ-0104] Net frontend/_3474_ only has one pin. Check if it is intended to be dangling.
[WARNING RSZ-0104] Net frontend/_3473_ only has one pin. Check if it is intended to be dangling.
[WARNING RSZ-0104] Net frontend/_3472_ only has one pin. Check if it is intended to be dangling.
[WARNING RSZ-0104] Net frontend/_3471_ only has one pin. Check if it is intended to be dangling.
[WARNING RSZ-0104] Net frontend/_3470_ only has one pin. Check if it is intended to be dangling.
[WARNING RSZ-0104] Net frontend/_3469_ only has one pin. Check if it is intended to be dangling.
[WARNING RSZ-0104] Net frontend/_3468_ only has one pin. Check if it is intended to be dangling.
[WARNING RSZ-0104] Net frontend/_3467_ only has one pin. Check if it is intended to be dangling.
[WARNING RSZ-0104] Net frontend/_3466_ only has one pin. Check if it is intended to be dangling.
[WARNING RSZ-0104] Net frontend/_3463_ only has one pin. Check if it is intended to be dangling.
[WARNING RSZ-0104] Net frontend/_3462_ only has one pin. Check if it is intended to be dangling.
[WARNING RSZ-0104] Net frontend/_3461_ only has one pin. Check if it is intended to be dangling.
[WARNING RSZ-0104] Net frontend/_3460_ only has one pin. Check if it is intended to be dangling.
[WARNING RSZ-0104] Net frontend/_3459_ only has one pin. Check if it is intended to be dangling.
[WARNING RSZ-0104] Net frontend/_3458_ only has one pin. Check if it is intended to be dangling.
[WARNING RSZ-0104] Net frontend/_3457_ only has one pin. Check if it is intended to be dangling.
[WARNING RSZ-0104] Net frontend/_3456_ only has one pin. Check if it is intended to be dangling.
[WARNING RSZ-0104] Net frontend/_3454_ only has one pin. Check if it is intended to be dangling.
[WARNING RSZ-0104] Net frontend/_3453_ only has one pin. Check if it is intended to be dangling.
[WARNING RSZ-0104] Net frontend/_3452_ only has one pin. Check if it is intended to be dangling.
[WARNING RSZ-0104] Net frontend/_3451_ only has one pin. Check if it is intended to be dangling.
[WARNING RSZ-0104] Net frontend/_3450_ only has one pin. Check if it is intended to be dangling.
[WARNING RSZ-0104] Net frontend/_3449_ only has one pin. Check if it is intended to be dangling.
[WARNING RSZ-0104] Net frontend/_3448_ only has one pin. Check if it is intended to be dangling.
[WARNING RSZ-0104] Net frontend/_3447_ only has one pin. Check if it is intended to be dangling.
[WARNING RSZ-0104] Net frontend/_3446_ only has one pin. Check if it is intended to be dangling.
[WARNING RSZ-0104] Net frontend/_3445_ only has one pin. Check if it is intended to be dangling.
[WARNING RSZ-0104] Net frontend/_3444_ only has one pin. Check if it is intended to be dangling.
[WARNING RSZ-0104] Net frontend/_3443_ only has one pin. Check if it is intended to be dangling.
[WARNING RSZ-0104] Net frontend/_3442_ only has one pin. Check if it is intended to be dangling.
[WARNING RSZ-0104] Net frontend/_3441_ only has one pin. Check if it is intended to be dangling.
[WARNING RSZ-0104] Net frontend/_3440_ only has one pin. Check if it is intended to be dangling.
[WARNING RSZ-0104] Net frontend/_3439_ only has one pin. Check if it is intended to be dangling.
[WARNING RSZ-0104] Net frontend/_3438_ only has one pin. Check if it is intended to be dangling.
[WARNING RSZ-0104] Net frontend/_3437_ only has one pin. Check if it is intended to be dangling.
[WARNING RSZ-0104] Net frontend/_3436_ only has one pin. Check if it is intended to be dangling.
[WARNING RSZ-0104] Net frontend/_3435_ only has one pin. Check if it is intended to be dangling.
[WARNING RSZ-0104] Net frontend/_3431_ only has one pin. Check if it is intended to be dangling.
[WARNING RSZ-0104] Net frontend/_3430_ only has one pin. Check if it is intended to be dangling.
[WARNING RSZ-0104] Net frontend/_3429_ only has one pin. Check if it is intended to be dangling.
[WARNING RSZ-0104] Net frontend/_3428_ only has one pin. Check if it is intended to be dangling.
[WARNING RSZ-0104] Net frontend/_3427_ only has one pin. Check if it is intended to be dangling.
[WARNING RSZ-0104] Net frontend/_3426_ only has one pin. Check if it is intended to be dangling.
[WARNING RSZ-0104] Net frontend/_3425_ only has one pin. Check if it is intended to be dangling.
[WARNING RSZ-0104] Net frontend/_3424_ only has one pin. Check if it is intended to be dangling.
[WARNING RSZ-0104] Net frontend/_3423_ only has one pin. Check if it is intended to be dangling.
[WARNING RSZ-0104] Net frontend/_3422_ only has one pin. Check if it is intended to be dangling.
[WARNING RSZ-0104] Net frontend/_3421_ only has one pin. Check if it is intended to be dangling.
[WARNING RSZ-0104] Net frontend/_3420_ only has one pin. Check if it is intended to be dangling.
[WARNING RSZ-0104] Net frontend/_3419_ only has one pin. Check if it is intended to be dangling.
[WARNING RSZ-0104] Net frontend/_3418_ only has one pin. Check if it is intended to be dangling.
[WARNING RSZ-0104] Net frontend/_3417_ only has one pin. Check if it is intended to be dangling.
[WARNING RSZ-0104] Net frontend/_3416_ only has one pin. Check if it is intended to be dangling.
[WARNING RSZ-0104] Net frontend/_3415_ only has one pin. Check if it is intended to be dangling.
[WARNING RSZ-0104] Net frontend/_3414_ only has one pin. Check if it is intended to be dangling.
[WARNING RSZ-0104] Net frontend/_3413_ only has one pin. Check if it is intended to be dangling.
[WARNING RSZ-0104] Net frontend/_3412_ only has one pin. Check if it is intended to be dangling.
[WARNING RSZ-0104] Net frontend/_3411_ only has one pin. Check if it is intended to be dangling.
[WARNING RSZ-0104] Net frontend/_3410_ only has one pin. Check if it is intended to be dangling.
[WARNING RSZ-0104] Net frontend/_3409_ only has one pin. Check if it is intended to be dangling.
[WARNING RSZ-0104] Net frontend/_3408_ only has one pin. Check if it is intended to be dangling.
[WARNING RSZ-0104] Net frontend/_3407_ only has one pin. Check if it is intended to be dangling.
[WARNING RSZ-0104] Net frontend/_3406_ only has one pin. Check if it is intended to be dangling.
[WARNING RSZ-0104] Net frontend/_3403_ only has one pin. Check if it is intended to be dangling.
[WARNING RSZ-0104] Net frontend/_3402_ only has one pin. Check if it is intended to be dangling.
    21000 |     +0.0% |       0 |       5 |            11 |     13784
[WARNING RSZ-0104] Net frontend/_3399_ only has one pin. Check if it is intended to be dangling.
[WARNING RSZ-0104] Net dcache/_3566_ only has one pin. Check if it is intended to be dangling.
[WARNING RSZ-0104] Net dcache/_3565_ only has one pin. Check if it is intended to be dangling.
[WARNING RSZ-0104] Net dcache/_3564_ only has one pin. Check if it is intended to be dangling.
[WARNING RSZ-0104] Net dcache/_3563_ only has one pin. Check if it is intended to be dangling.
[WARNING RSZ-0104] Net dcache/_3562_ only has one pin. Check if it is intended to be dangling.
[WARNING RSZ-0104] Net dcache/_3561_ only has one pin. Check if it is intended to be dangling.
[WARNING RSZ-0104] Net dcache/_3560_ only has one pin. Check if it is intended to be dangling.
[WARNING RSZ-0104] Net dcache/_3559_ only has one pin. Check if it is intended to be dangling.
[WARNING RSZ-0104] Net dcache/_3558_ only has one pin. Check if it is intended to be dangling.
[WARNING RSZ-0104] Net dcache/_3557_ only has one pin. Check if it is intended to be dangling.
[WARNING RSZ-0104] Net dcache/_3556_ only has one pin. Check if it is intended to be dangling.
[WARNING RSZ-0104] Net dcache/_3555_ only has one pin. Check if it is intended to be dangling.
[WARNING RSZ-0104] Net dcache/_3554_ only has one pin. Check if it is intended to be dangling.
[WARNING RSZ-0104] Net dcache/_3553_ only has one pin. Check if it is intended to be dangling.
[WARNING RSZ-0104] Net dcache/_3552_ only has one pin. Check if it is intended to be dangling.
[WARNING RSZ-0104] Net dcache/_3550_ only has one pin. Check if it is intended to be dangling.
[WARNING RSZ-0104] Net dcache/_3549_ only has one pin. Check if it is intended to be dangling.
[WARNING RSZ-0104] Net dcache/_3548_ only has one pin. Check if it is intended to be dangling.
[WARNING RSZ-0104] Net dcache/_3547_ only has one pin. Check if it is intended to be dangling.
[WARNING RSZ-0104] Net dcache/_3546_ only has one pin. Check if it is intended to be dangling.
[WARNING RSZ-0104] Net dcache/_3545_ only has one pin. Check if it is intended to be dangling.
[WARNING RSZ-0104] Net dcache/_3544_ only has one pin. Check if it is intended to be dangling.
[WARNING RSZ-0104] Net dcache/_3543_ only has one pin. Check if it is intended to be dangling.
[WARNING RSZ-0104] Net dcache/_3542_ only has one pin. Check if it is intended to be dangling.
[WARNING RSZ-0104] Net dcache/_3541_ only has one pin. Check if it is intended to be dangling.
[WARNING RSZ-0104] Net dcache/_3538_ only has one pin. Check if it is intended to be dangling.
[WARNING RSZ-0104] Net dcache/_3537_ only has one pin. Check if it is intended to be dangling.
[WARNING RSZ-0104] Net dcache/_3536_ only has one pin. Check if it is intended to be dangling.
[WARNING RSZ-0104] Net dcache/_3535_ only has one pin. Check if it is intended to be dangling.
[WARNING RSZ-0104] Net dcache/_3534_ only has one pin. Check if it is intended to be dangling.
[WARNING RSZ-0104] Net dcache/_3533_ only has one pin. Check if it is intended to be dangling.
[WARNING RSZ-0104] Net dcache/_3532_ only has one pin. Check if it is intended to be dangling.
[WARNING RSZ-0104] Net dcache/_3531_ only has one pin. Check if it is intended to be dangling.
[WARNING RSZ-0104] Net dcache/_3530_ only has one pin. Check if it is intended to be dangling.
[WARNING RSZ-0104] Net dcache/_3529_ only has one pin. Check if it is intended to be dangling.
[WARNING RSZ-0104] Net dcache/_3528_ only has one pin. Check if it is intended to be dangling.
[WARNING RSZ-0104] Net dcache/_3527_ only has one pin. Check if it is intended to be dangling.
[WARNING RSZ-0104] Net dcache/_3526_ only has one pin. Check if it is intended to be dangling.
[WARNING RSZ-0104] Net dcache/_3525_ only has one pin. Check if it is intended to be dangling.
[WARNING RSZ-0104] Net dcache/_3524_ only has one pin. Check if it is intended to be dangling.
[WARNING RSZ-0104] Net dcache/_3518_ only has one pin. Check if it is intended to be dangling.
[WARNING RSZ-0104] Net dcache/_3517_ only has one pin. Check if it is intended to be dangling.
[WARNING RSZ-0104] Net dcache/_3515_ only has one pin. Check if it is intended to be dangling.
[WARNING RSZ-0104] Net dcache/_3514_ only has one pin. Check if it is intended to be dangling.
[WARNING RSZ-0104] Net dcache/_3513_ only has one pin. Check if it is intended to be dangling.
[WARNING RSZ-0104] Net dcache/_3512_ only has one pin. Check if it is intended to be dangling.
[WARNING RSZ-0104] Net dcache/_3511_ only has one pin. Check if it is intended to be dangling.
[WARNING RSZ-0104] Net dcache/_3510_ only has one pin. Check if it is intended to be dangling.
[WARNING RSZ-0104] Net dcache/_3509_ only has one pin. Check if it is intended to be dangling.
[WARNING RSZ-0104] Net dcache/_3508_ only has one pin. Check if it is intended to be dangling.
[WARNING RSZ-0104] Net dcache/_3507_ only has one pin. Check if it is intended to be dangling.
[WARNING RSZ-0104] Net dcache/_3506_ only has one pin. Check if it is intended to be dangling.
[WARNING RSZ-0104] Net dcache/_3505_ only has one pin. Check if it is intended to be dangling.
[WARNING RSZ-0104] Net dcache/_3504_ only has one pin. Check if it is intended to be dangling.
[WARNING RSZ-0104] Net dcache/_3503_ only has one pin. Check if it is intended to be dangling.
[WARNING RSZ-0104] Net dcache/_3502_ only has one pin. Check if it is intended to be dangling.
[WARNING RSZ-0104] Net dcache/_3501_ only has one pin. Check if it is intended to be dangling.
[WARNING RSZ-0104] Net dcache/_3500_ only has one pin. Check if it is intended to be dangling.
[WARNING RSZ-0104] Net dcache/_3499_ only has one pin. Check if it is intended to be dangling.
[WARNING RSZ-0104] Net dcache/_3498_ only has one pin. Check if it is intended to be dangling.
[WARNING RSZ-0104] Net dcache/_3497_ only has one pin. Check if it is intended to be dangling.
[WARNING RSZ-0104] Net dcache/_3496_ only has one pin. Check if it is intended to be dangling.
[WARNING RSZ-0104] Net dcache/_3494_ only has one pin. Check if it is intended to be dangling.
[WARNING RSZ-0104] Net dcache/_3493_ only has one pin. Check if it is intended to be dangling.
[WARNING RSZ-0104] Net dcache/_3492_ only has one pin. Check if it is intended to be dangling.
[WARNING RSZ-0104] Net dcache/_3491_ only has one pin. Check if it is intended to be dangling.
[WARNING RSZ-0104] Net dcache/_3489_ only has one pin. Check if it is intended to be dangling.
[WARNING RSZ-0104] Net dcache/_3488_ only has one pin. Check if it is intended to be dangling.
[WARNING RSZ-0104] Net dcache/_3487_ only has one pin. Check if it is intended to be dangling.
[WARNING RSZ-0104] Net dcache/_3486_ only has one pin. Check if it is intended to be dangling.
[WARNING RSZ-0104] Net dcache/_3483_ only has one pin. Check if it is intended to be dangling.
[WARNING RSZ-0104] Net dcache/_3482_ only has one pin. Check if it is intended to be dangling.
[WARNING RSZ-0104] Net dcache/_3481_ only has one pin. Check if it is intended to be dangling.
[WARNING RSZ-0104] Net dcache/_3480_ only has one pin. Check if it is intended to be dangling.
[WARNING RSZ-0104] Net dcache/_3479_ only has one pin. Check if it is intended to be dangling.
[WARNING RSZ-0104] Net dcache/_3478_ only has one pin. Check if it is intended to be dangling.
[WARNING RSZ-0104] Net dcache/_3477_ only has one pin. Check if it is intended to be dangling.
[WARNING RSZ-0104] Net dcache/_3476_ only has one pin. Check if it is intended to be dangling.
[WARNING RSZ-0104] Net dcache/_3475_ only has one pin. Check if it is intended to be dangling.
[WARNING RSZ-0104] Net dcache/_3474_ only has one pin. Check if it is intended to be dangling.
[WARNING RSZ-0104] Net dcache/_3473_ only has one pin. Check if it is intended to be dangling.
[WARNING RSZ-0104] Net dcache/_3472_ only has one pin. Check if it is intended to be dangling.
[WARNING RSZ-0104] Net dcache/_3471_ only has one pin. Check if it is intended to be dangling.
[WARNING RSZ-0104] Net dcache/_3470_ only has one pin. Check if it is intended to be dangling.
[WARNING RSZ-0104] Net dcache/_3469_ only has one pin. Check if it is intended to be dangling.
[WARNING RSZ-0104] Net dcache/_3467_ only has one pin. Check if it is intended to be dangling.
[WARNING RSZ-0104] Net dcache/_3465_ only has one pin. Check if it is intended to be dangling.
[WARNING RSZ-0104] Net dcache/_3464_ only has one pin. Check if it is intended to be dangling.
[WARNING RSZ-0104] Net dcache/_3463_ only has one pin. Check if it is intended to be dangling.
[WARNING RSZ-0104] Net dcache/_3461_ only has one pin. Check if it is intended to be dangling.
[WARNING RSZ-0104] Net dcache/_3460_ only has one pin. Check if it is intended to be dangling.
[WARNING RSZ-0104] Net dcache/_3457_ only has one pin. Check if it is intended to be dangling.
[WARNING RSZ-0104] Net dcache/_3456_ only has one pin. Check if it is intended to be dangling.
[WARNING RSZ-0104] Net dcache/_3454_ only has one pin. Check if it is intended to be dangling.
[WARNING RSZ-0104] Net dcache/_3451_ only has one pin. Check if it is intended to be dangling.
[WARNING RSZ-0104] Net dcache/_3449_ only has one pin. Check if it is intended to be dangling.
[WARNING RSZ-0104] Net dcache/_3448_ only has one pin. Check if it is intended to be dangling.
[WARNING RSZ-0104] Net dcache/_3447_ only has one pin. Check if it is intended to be dangling.
[WARNING RSZ-0104] Net dcache/_3446_ only has one pin. Check if it is intended to be dangling.
[WARNING RSZ-0104] Net dcache/_3445_ only has one pin. Check if it is intended to be dangling.
[WARNING RSZ-0104] Net dcache/_3444_ only has one pin. Check if it is intended to be dangling.
[WARNING RSZ-0104] Net dcache/_3443_ only has one pin. Check if it is intended to be dangling.
[WARNING RSZ-0104] Net dcache/_3442_ only has one pin. Check if it is intended to be dangling.
[WARNING RSZ-0104] Net dcache/_3441_ only has one pin. Check if it is intended to be dangling.
[WARNING RSZ-0104] Net dcache/_3440_ only has one pin. Check if it is intended to be dangling.
[WARNING RSZ-0104] Net dcache/_3438_ only has one pin. Check if it is intended to be dangling.
[WARNING RSZ-0104] Net dcache/_3436_ only has one pin. Check if it is intended to be dangling.
[WARNING RSZ-0104] Net dcache/_3434_ only has one pin. Check if it is intended to be dangling.
[WARNING RSZ-0104] Net dcache/_3433_ only has one pin. Check if it is intended to be dangling.
[WARNING RSZ-0104] Net dcache/_3432_ only has one pin. Check if it is intended to be dangling.
[WARNING RSZ-0104] Net dcache/_3428_ only has one pin. Check if it is intended to be dangling.
[WARNING RSZ-0104] Net dcache/_3427_ only has one pin. Check if it is intended to be dangling.
[WARNING RSZ-0104] Net dcache/_3426_ only has one pin. Check if it is intended to be dangling.
[WARNING RSZ-0104] Net dcache/_3424_ only has one pin. Check if it is intended to be dangling.
[WARNING RSZ-0104] Net dcache/_3422_ only has one pin. Check if it is intended to be dangling.
[WARNING RSZ-0104] Net dcache/_3421_ only has one pin. Check if it is intended to be dangling.
[WARNING RSZ-0104] Net dcache/_3420_ only has one pin. Check if it is intended to be dangling.
[WARNING RSZ-0104] Net dcache/_3419_ only has one pin. Check if it is intended to be dangling.
[WARNING RSZ-0104] Net dcache/_3418_ only has one pin. Check if it is intended to be dangling.
[WARNING RSZ-0104] Net dcache/_3417_ only has one pin. Check if it is intended to be dangling.
[WARNING RSZ-0104] Net dcache/_3416_ only has one pin. Check if it is intended to be dangling.
[WARNING RSZ-0104] Net dcache/_3415_ only has one pin. Check if it is intended to be dangling.
[WARNING RSZ-0104] Net dcache/_3414_ only has one pin. Check if it is intended to be dangling.
[WARNING RSZ-0104] Net dcache/_3412_ only has one pin. Check if it is intended to be dangling.
[WARNING RSZ-0104] Net dcache/_3410_ only has one pin. Check if it is intended to be dangling.
[WARNING RSZ-0104] Net dcache/_3409_ only has one pin. Check if it is intended to be dangling.
[WARNING RSZ-0104] Net dcache/_3408_ only has one pin. Check if it is intended to be dangling.
[WARNING RSZ-0104] Net dcache/_3401_ only has one pin. Check if it is intended to be dangling.
[WARNING RSZ-0104] Net dcache/_3400_ only has one pin. Check if it is intended to be dangling.
[WARNING RSZ-0104] Net dcache/_3399_ only has one pin. Check if it is intended to be dangling.
[WARNING RSZ-0104] Net dcache/_3398_ only has one pin. Check if it is intended to be dangling.
[WARNING RSZ-0104] Net dcache/_3397_ only has one pin. Check if it is intended to be dangling.
[WARNING RSZ-0104] Net dcache/_3396_ only has one pin. Check if it is intended to be dangling.
[WARNING RSZ-0104] Net dcache/_3395_ only has one pin. Check if it is intended to be dangling.
[WARNING RSZ-0104] Net dcache/_3394_ only has one pin. Check if it is intended to be dangling.
[WARNING RSZ-0104] Net dcache/_3393_ only has one pin. Check if it is intended to be dangling.
[WARNING RSZ-0104] Net dcache/_3392_ only has one pin. Check if it is intended to be dangling.
[WARNING RSZ-0104] Net dcache/_3391_ only has one pin. Check if it is intended to be dangling.
[WARNING RSZ-0104] Net dcache/_3390_ only has one pin. Check if it is intended to be dangling.
[WARNING RSZ-0104] Net dcache/_3389_ only has one pin. Check if it is intended to be dangling.
[WARNING RSZ-0104] Net dcache/_3388_ only has one pin. Check if it is intended to be dangling.
[WARNING RSZ-0104] Net dcache/_3386_ only has one pin. Check if it is intended to be dangling.
[WARNING RSZ-0104] Net dcache/_3384_ only has one pin. Check if it is intended to be dangling.
[WARNING RSZ-0104] Net dcache/_3383_ only has one pin. Check if it is intended to be dangling.
[WARNING RSZ-0104] Net dcache/_3382_ only has one pin. Check if it is intended to be dangling.
[WARNING RSZ-0104] Net dcache/_3381_ only has one pin. Check if it is intended to be dangling.
[WARNING RSZ-0104] Net dcache/_3380_ only has one pin. Check if it is intended to be dangling.
[WARNING RSZ-0104] Net dcache/_3379_ only has one pin. Check if it is intended to be dangling.
[WARNING RSZ-0104] Net dcache/_3378_ only has one pin. Check if it is intended to be dangling.
[WARNING RSZ-0104] Net dcache/_3377_ only has one pin. Check if it is intended to be dangling.
[WARNING RSZ-0104] Net dcache/_3375_ only has one pin. Check if it is intended to be dangling.
[WARNING RSZ-0104] Net dcache/_3374_ only has one pin. Check if it is intended to be dangling.
[WARNING RSZ-0104] Net dcache/_3373_ only has one pin. Check if it is intended to be dangling.
[WARNING RSZ-0104] Net dcache/_3372_ only has one pin. Check if it is intended to be dangling.
[WARNING RSZ-0104] Net dcache/_3371_ only has one pin. Check if it is intended to be dangling.
[WARNING RSZ-0104] Net dcache/_3370_ only has one pin. Check if it is intended to be dangling.
[WARNING RSZ-0104] Net dcache/_3369_ only has one pin. Check if it is intended to be dangling.
[WARNING RSZ-0104] Net dcache/_3368_ only has one pin. Check if it is intended to be dangling.
[WARNING RSZ-0104] Net dcache/_3367_ only has one pin. Check if it is intended to be dangling.
[WARNING RSZ-0104] Net dcache/_3366_ only has one pin. Check if it is intended to be dangling.
[WARNING RSZ-0104] Net dcache/_3365_ only has one pin. Check if it is intended to be dangling.
[WARNING RSZ-0104] Net dcache/_3364_ only has one pin. Check if it is intended to be dangling.
[WARNING RSZ-0104] Net dcache/_3363_ only has one pin. Check if it is intended to be dangling.
[WARNING RSZ-0104] Net dcache/_3362_ only has one pin. Check if it is intended to be dangling.
[WARNING RSZ-0104] Net dcache/_3361_ only has one pin. Check if it is intended to be dangling.
[WARNING RSZ-0104] Net dcache/_3360_ only has one pin. Check if it is intended to be dangling.
[WARNING RSZ-0104] Net dcache/_3359_ only has one pin. Check if it is intended to be dangling.
[WARNING RSZ-0104] Net dcache/_3357_ only has one pin. Check if it is intended to be dangling.
[WARNING RSZ-0104] Net dcache/_3353_ only has one pin. Check if it is intended to be dangling.
[WARNING RSZ-0104] Net dcache/_3352_ only has one pin. Check if it is intended to be dangling.
[WARNING RSZ-0104] Net dcache/_3351_ only has one pin. Check if it is intended to be dangling.
[WARNING RSZ-0104] Net dcache/_3350_ only has one pin. Check if it is intended to be dangling.
[WARNING RSZ-0104] Net dcache/_3349_ only has one pin. Check if it is intended to be dangling.
[WARNING RSZ-0104] Net dcache/_3348_ only has one pin. Check if it is intended to be dangling.
[WARNING RSZ-0104] Net dcache/_3347_ only has one pin. Check if it is intended to be dangling.
[WARNING RSZ-0104] Net dcache/_3346_ only has one pin. Check if it is intended to be dangling.
[WARNING RSZ-0104] Net dcache/_3345_ only has one pin. Check if it is intended to be dangling.
[WARNING RSZ-0104] Net dcache/_3344_ only has one pin. Check if it is intended to be dangling.
[WARNING RSZ-0104] Net dcache/_3343_ only has one pin. Check if it is intended to be dangling.
[WARNING RSZ-0104] Net dcache/_3342_ only has one pin. Check if it is intended to be dangling.
[WARNING RSZ-0104] Net dcache/_3341_ only has one pin. Check if it is intended to be dangling.
[WARNING RSZ-0104] Net dcache/_3340_ only has one pin. Check if it is intended to be dangling.
[WARNING RSZ-0104] Net dcache/_3339_ only has one pin. Check if it is intended to be dangling.
[WARNING RSZ-0104] Net dcache/_3338_ only has one pin. Check if it is intended to be dangling.
[WARNING RSZ-0104] Net dcache/_3337_ only has one pin. Check if it is intended to be dangling.
[WARNING RSZ-0104] Net dcache/_3336_ only has one pin. Check if it is intended to be dangling.
[WARNING RSZ-0104] Net dcache/_3335_ only has one pin. Check if it is intended to be dangling.
[WARNING RSZ-0104] Net dcache/_3334_ only has one pin. Check if it is intended to be dangling.
[WARNING RSZ-0104] Net dcache/_3332_ only has one pin. Check if it is intended to be dangling.
[WARNING RSZ-0104] Net dcache/_3330_ only has one pin. Check if it is intended to be dangling.
[WARNING RSZ-0104] Net dcache/_3327_ only has one pin. Check if it is intended to be dangling.
[WARNING RSZ-0104] Net dcache/_3326_ only has one pin. Check if it is intended to be dangling.
[WARNING RSZ-0104] Net dcache/_3325_ only has one pin. Check if it is intended to be dangling.
[WARNING RSZ-0104] Net dcache/_3323_ only has one pin. Check if it is intended to be dangling.
[WARNING RSZ-0104] Net dcache/_3319_ only has one pin. Check if it is intended to be dangling.
    22000 |     +0.0% |       0 |       5 |            11 |     12784
[WARNING RSZ-0104] Net dcache/_3317_ only has one pin. Check if it is intended to be dangling.
[WARNING RSZ-0104] Net dcache/_3316_ only has one pin. Check if it is intended to be dangling.
[WARNING RSZ-0104] Net dcache/_3314_ only has one pin. Check if it is intended to be dangling.
[WARNING RSZ-0104] Net dcache/_3313_ only has one pin. Check if it is intended to be dangling.
[WARNING RSZ-0104] Net dcache/_3310_ only has one pin. Check if it is intended to be dangling.
[WARNING RSZ-0104] Net dcache/_3308_ only has one pin. Check if it is intended to be dangling.
[WARNING RSZ-0104] Net dcache/_3307_ only has one pin. Check if it is intended to be dangling.
[WARNING RSZ-0104] Net dcache/_3306_ only has one pin. Check if it is intended to be dangling.
[WARNING RSZ-0104] Net dcache/_3305_ only has one pin. Check if it is intended to be dangling.
[WARNING RSZ-0104] Net dcache/_3304_ only has one pin. Check if it is intended to be dangling.
[WARNING RSZ-0104] Net dcache/_3303_ only has one pin. Check if it is intended to be dangling.
[WARNING RSZ-0104] Net dcache/_3302_ only has one pin. Check if it is intended to be dangling.
[WARNING RSZ-0104] Net dcache/_3301_ only has one pin. Check if it is intended to be dangling.
[WARNING RSZ-0104] Net dcache/_3300_ only has one pin. Check if it is intended to be dangling.
[WARNING RSZ-0104] Net dcache/_3299_ only has one pin. Check if it is intended to be dangling.
[WARNING RSZ-0104] Net dcache/_3298_ only has one pin. Check if it is intended to be dangling.
[WARNING RSZ-0104] Net dcache/_3294_ only has one pin. Check if it is intended to be dangling.
[WARNING RSZ-0104] Net dcache/_3292_ only has one pin. Check if it is intended to be dangling.
[WARNING RSZ-0104] Net dcache/_3291_ only has one pin. Check if it is intended to be dangling.
[WARNING RSZ-0104] Net dcache/_3290_ only has one pin. Check if it is intended to be dangling.
[WARNING RSZ-0104] Net dcache/_3289_ only has one pin. Check if it is intended to be dangling.
[WARNING RSZ-0104] Net dcache/_3288_ only has one pin. Check if it is intended to be dangling.
[WARNING RSZ-0104] Net dcache/_3287_ only has one pin. Check if it is intended to be dangling.
[WARNING RSZ-0104] Net dcache/_3285_ only has one pin. Check if it is intended to be dangling.
[WARNING RSZ-0104] Net dcache/_3282_ only has one pin. Check if it is intended to be dangling.
[WARNING RSZ-0104] Net dcache/_3280_ only has one pin. Check if it is intended to be dangling.
[WARNING RSZ-0104] Net dcache/_3278_ only has one pin. Check if it is intended to be dangling.
[WARNING RSZ-0104] Net dcache/_3277_ only has one pin. Check if it is intended to be dangling.
[WARNING RSZ-0104] Net dcache/_3276_ only has one pin. Check if it is intended to be dangling.
[WARNING RSZ-0104] Net dcache/_3275_ only has one pin. Check if it is intended to be dangling.
[WARNING RSZ-0104] Net dcache/_3274_ only has one pin. Check if it is intended to be dangling.
[WARNING RSZ-0104] Net dcache/_3273_ only has one pin. Check if it is intended to be dangling.
[WARNING RSZ-0104] Net dcache/_3267_ only has one pin. Check if it is intended to be dangling.
[WARNING RSZ-0104] Net dcache/_3266_ only has one pin. Check if it is intended to be dangling.
[WARNING RSZ-0104] Net dcache/_3261_ only has one pin. Check if it is intended to be dangling.
[WARNING RSZ-0104] Net dcache/_3255_ only has one pin. Check if it is intended to be dangling.
[WARNING RSZ-0104] Net dcache/_3251_ only has one pin. Check if it is intended to be dangling.
[WARNING RSZ-0104] Net core/csr/_T_284\[3\] only has one pin. Check if it is intended to be dangling.
[WARNING RSZ-0104] Net core/csr/_T_329\[3\] only has one pin. Check if it is intended to be dangling.
[WARNING RSZ-0104] Net core/csr/_T_329\[2\] only has one pin. Check if it is intended to be dangling.
[WARNING RSZ-0104] Net core/csr/_T_311\[2\] only has one pin. Check if it is intended to be dangling.
[WARNING RSZ-0104] Net core/csr/_T_347\[2\] only has one pin. Check if it is intended to be dangling.
[WARNING RSZ-0104] Net core/csr/_T_320\[3\] only has one pin. Check if it is intended to be dangling.
[WARNING RSZ-0104] Net core/csr/_T_320\[2\] only has one pin. Check if it is intended to be dangling.
[WARNING RSZ-0104] Net core/csr/_T_302\[2\] only has one pin. Check if it is intended to be dangling.
[WARNING RSZ-0104] Net core/csr/_T_311\[3\] only has one pin. Check if it is intended to be dangling.
[WARNING RSZ-0104] Net core/csr/_T_338\[2\] only has one pin. Check if it is intended to be dangling.
[WARNING RSZ-0104] Net core/csr/_T_293\[2\] only has one pin. Check if it is intended to be dangling.
[WARNING RSZ-0104] Net core/csr/_T_284\[2\] only has one pin. Check if it is intended to be dangling.
    23000 |     +0.0% |       0 |       5 |            13 |     11784
[WARNING RSZ-0104] Net frontend/_3405_ only has one pin. Check if it is intended to be dangling.
[WARNING RSZ-0104] Net frontend/_3404_ only has one pin. Check if it is intended to be dangling.
[WARNING RSZ-0104] Net frontend/_3401_ only has one pin. Check if it is intended to be dangling.
[WARNING RSZ-0104] Net frontend/_3400_ only has one pin. Check if it is intended to be dangling.
    24000 |     +0.0% |       0 |       5 |            13 |     10784
[WARNING RSZ-0104] Net dcache/_3522_ only has one pin. Check if it is intended to be dangling.
[WARNING RSZ-0104] Net dcache/_3324_ only has one pin. Check if it is intended to be dangling.
[WARNING RSZ-0104] Net dcache/_3321_ only has one pin. Check if it is intended to be dangling.
[WARNING RSZ-0104] Net dcache/_3315_ only has one pin. Check if it is intended to be dangling.
[WARNING RSZ-0104] Net dcache/_3312_ only has one pin. Check if it is intended to be dangling.
[WARNING RSZ-0104] Net dcache/_3297_ only has one pin. Check if it is intended to be dangling.
[WARNING RSZ-0104] Net dcache/_3296_ only has one pin. Check if it is intended to be dangling.
[WARNING RSZ-0104] Net dcache/_3279_ only has one pin. Check if it is intended to be dangling.
[WARNING RSZ-0104] Net dcache/_3272_ only has one pin. Check if it is intended to be dangling.
[WARNING RSZ-0104] Net dcache/_3271_ only has one pin. Check if it is intended to be dangling.
[WARNING RSZ-0104] Net core/div/_2445_ only has one pin. Check if it is intended to be dangling.
[WARNING RSZ-0104] Net core/div/_2444_ only has one pin. Check if it is intended to be dangling.
[WARNING RSZ-0104] Net core/div/_2443_ only has one pin. Check if it is intended to be dangling.
[WARNING RSZ-0104] Net core/csr/_T_338\[1\] only has one pin. Check if it is intended to be dangling.
[WARNING RSZ-0104] Net core/csr/_T_329\[1\] only has one pin. Check if it is intended to be dangling.
[WARNING RSZ-0104] Net core/csr/_T_347\[1\] only has one pin. Check if it is intended to be dangling.
[WARNING RSZ-0104] Net core/csr/_T_320\[1\] only has one pin. Check if it is intended to be dangling.
[WARNING RSZ-0104] Net core/csr/_T_311\[1\] only has one pin. Check if it is intended to be dangling.
[WARNING RSZ-0104] Net core/csr/_T_302\[1\] only has one pin. Check if it is intended to be dangling.
[WARNING RSZ-0104] Net core/csr/_T_293\[1\] only has one pin. Check if it is intended to be dangling.
[WARNING RSZ-0104] Net core/csr/_T_284\[1\] only has one pin. Check if it is intended to be dangling.
    25000 |     +0.0% |       0 |       5 |            13 |      9784
[WARNING RSZ-0104] Net _1486_ only has one pin. Check if it is intended to be dangling.
[WARNING RSZ-0104] Net _1485_ only has one pin. Check if it is intended to be dangling.
[WARNING RSZ-0104] Net _1487_ only has one pin. Check if it is intended to be dangling.
[WARNING RSZ-0104] Net _2132_ only has one pin. Check if it is intended to be dangling.
[WARNING RSZ-0104] Net _2131_ only has one pin. Check if it is intended to be dangling.
[WARNING RSZ-0104] Net frontend/_3162_ only has one pin. Check if it is intended to be dangling.
[WARNING RSZ-0104] Net frontend/_3161_ only has one pin. Check if it is intended to be dangling.
[WARNING RSZ-0104] Net frontend/_3160_ only has one pin. Check if it is intended to be dangling.
[WARNING RSZ-0104] Net frontend/_3159_ only has one pin. Check if it is intended to be dangling.
[WARNING RSZ-0104] Net frontend/_3158_ only has one pin. Check if it is intended to be dangling.
[WARNING RSZ-0104] Net frontend/_3157_ only has one pin. Check if it is intended to be dangling.
[WARNING RSZ-0104] Net frontend/_3156_ only has one pin. Check if it is intended to be dangling.
[WARNING RSZ-0104] Net frontend/_2857_ only has one pin. Check if it is intended to be dangling.
[WARNING RSZ-0104] Net frontend/_3183_ only has one pin. Check if it is intended to be dangling.
[WARNING RSZ-0104] Net frontend/_3155_ only has one pin. Check if it is intended to be dangling.
[WARNING RSZ-0104] Net frontend/_3182_ only has one pin. Check if it is intended to be dangling.
[WARNING RSZ-0104] Net frontend/_3181_ only has one pin. Check if it is intended to be dangling.
[WARNING RSZ-0104] Net frontend/_3180_ only has one pin. Check if it is intended to be dangling.
[WARNING RSZ-0104] Net frontend/_3179_ only has one pin. Check if it is intended to be dangling.
[WARNING RSZ-0104] Net frontend/_3178_ only has one pin. Check if it is intended to be dangling.
[WARNING RSZ-0104] Net frontend/_3177_ only has one pin. Check if it is intended to be dangling.
[WARNING RSZ-0104] Net frontend/_3176_ only has one pin. Check if it is intended to be dangling.
[WARNING RSZ-0104] Net frontend/_3175_ only has one pin. Check if it is intended to be dangling.
[WARNING RSZ-0104] Net frontend/_3174_ only has one pin. Check if it is intended to be dangling.
[WARNING RSZ-0104] Net frontend/_3173_ only has one pin. Check if it is intended to be dangling.
[WARNING RSZ-0104] Net frontend/_3154_ only has one pin. Check if it is intended to be dangling.
[WARNING RSZ-0104] Net frontend/_3172_ only has one pin. Check if it is intended to be dangling.
[WARNING RSZ-0104] Net frontend/_3171_ only has one pin. Check if it is intended to be dangling.
[WARNING RSZ-0104] Net frontend/_3170_ only has one pin. Check if it is intended to be dangling.
[WARNING RSZ-0104] Net frontend/_3169_ only has one pin. Check if it is intended to be dangling.
[WARNING RSZ-0104] Net frontend/_3168_ only has one pin. Check if it is intended to be dangling.
[WARNING RSZ-0104] Net frontend/_3167_ only has one pin. Check if it is intended to be dangling.
[WARNING RSZ-0104] Net frontend/_3166_ only has one pin. Check if it is intended to be dangling.
[WARNING RSZ-0104] Net frontend/_3165_ only has one pin. Check if it is intended to be dangling.
[WARNING RSZ-0104] Net frontend/_3164_ only has one pin. Check if it is intended to be dangling.
[WARNING RSZ-0104] Net frontend/_3163_ only has one pin. Check if it is intended to be dangling.
[WARNING RSZ-0104] Net frontend/_2853_ only has one pin. Check if it is intended to be dangling.
[WARNING RSZ-0104] Net frontend/_3386_ only has one pin. Check if it is intended to be dangling.
[WARNING RSZ-0104] Net frontend/_3387_ only has one pin. Check if it is intended to be dangling.
[WARNING RSZ-0104] Net frontend/_3388_ only has one pin. Check if it is intended to be dangling.
[WARNING RSZ-0104] Net frontend/_3389_ only has one pin. Check if it is intended to be dangling.
[WARNING RSZ-0104] Net frontend/_3390_ only has one pin. Check if it is intended to be dangling.
[WARNING RSZ-0104] Net frontend/_3391_ only has one pin. Check if it is intended to be dangling.
[WARNING RSZ-0104] Net frontend/_3392_ only has one pin. Check if it is intended to be dangling.
[WARNING RSZ-0104] Net frontend/_3373_ only has one pin. Check if it is intended to be dangling.
[WARNING RSZ-0104] Net frontend/_3374_ only has one pin. Check if it is intended to be dangling.
[WARNING RSZ-0104] Net frontend/_3375_ only has one pin. Check if it is intended to be dangling.
[WARNING RSZ-0104] Net frontend/_3376_ only has one pin. Check if it is intended to be dangling.
[WARNING RSZ-0104] Net frontend/_3377_ only has one pin. Check if it is intended to be dangling.
[WARNING RSZ-0104] Net frontend/_3378_ only has one pin. Check if it is intended to be dangling.
[WARNING RSZ-0104] Net frontend/_3184_ only has one pin. Check if it is intended to be dangling.
[WARNING RSZ-0104] Net frontend/_3379_ only has one pin. Check if it is intended to be dangling.
[WARNING RSZ-0104] Net frontend/_3380_ only has one pin. Check if it is intended to be dangling.
[WARNING RSZ-0104] Net frontend/_3381_ only has one pin. Check if it is intended to be dangling.
[WARNING RSZ-0104] Net frontend/_3382_ only has one pin. Check if it is intended to be dangling.
[WARNING RSZ-0104] Net frontend/_3383_ only has one pin. Check if it is intended to be dangling.
[WARNING RSZ-0104] Net frontend/_3384_ only has one pin. Check if it is intended to be dangling.
[WARNING RSZ-0104] Net frontend/_3385_ only has one pin. Check if it is intended to be dangling.
[WARNING RSZ-0104] Net frontend/_3397_ only has one pin. Check if it is intended to be dangling.
[WARNING RSZ-0104] Net frontend/_3370_ only has one pin. Check if it is intended to be dangling.
[WARNING RSZ-0104] Net frontend/_2893_ only has one pin. Check if it is intended to be dangling.
[WARNING RSZ-0104] Net frontend/_2892_ only has one pin. Check if it is intended to be dangling.
[WARNING RSZ-0104] Net frontend/_2891_ only has one pin. Check if it is intended to be dangling.
[WARNING RSZ-0104] Net frontend/_2890_ only has one pin. Check if it is intended to be dangling.
[WARNING RSZ-0104] Net frontend/_2889_ only has one pin. Check if it is intended to be dangling.
[WARNING RSZ-0104] Net frontend/_2888_ only has one pin. Check if it is intended to be dangling.
[WARNING RSZ-0104] Net frontend/_2887_ only has one pin. Check if it is intended to be dangling.
[WARNING RSZ-0104] Net frontend/_2886_ only has one pin. Check if it is intended to be dangling.
[WARNING RSZ-0104] Net frontend/_2883_ only has one pin. Check if it is intended to be dangling.
[WARNING RSZ-0104] Net frontend/_2907_ only has one pin. Check if it is intended to be dangling.
[WARNING RSZ-0104] Net frontend/_2906_ only has one pin. Check if it is intended to be dangling.
[WARNING RSZ-0104] Net frontend/_2905_ only has one pin. Check if it is intended to be dangling.
[WARNING RSZ-0104] Net frontend/_2904_ only has one pin. Check if it is intended to be dangling.
[WARNING RSZ-0104] Net frontend/_2885_ only has one pin. Check if it is intended to be dangling.
[WARNING RSZ-0104] Net frontend/_2903_ only has one pin. Check if it is intended to be dangling.
[WARNING RSZ-0104] Net frontend/_2902_ only has one pin. Check if it is intended to be dangling.
[WARNING RSZ-0104] Net frontend/_2901_ only has one pin. Check if it is intended to be dangling.
[WARNING RSZ-0104] Net frontend/_2900_ only has one pin. Check if it is intended to be dangling.
[WARNING RSZ-0104] Net frontend/_2899_ only has one pin. Check if it is intended to be dangling.
[WARNING RSZ-0104] Net frontend/_2898_ only has one pin. Check if it is intended to be dangling.
[WARNING RSZ-0104] Net frontend/_2897_ only has one pin. Check if it is intended to be dangling.
[WARNING RSZ-0104] Net frontend/_2896_ only has one pin. Check if it is intended to be dangling.
[WARNING RSZ-0104] Net frontend/_2895_ only has one pin. Check if it is intended to be dangling.
[WARNING RSZ-0104] Net frontend/_2894_ only has one pin. Check if it is intended to be dangling.
[WARNING RSZ-0104] Net frontend/_3393_ only has one pin. Check if it is intended to be dangling.
[WARNING RSZ-0104] Net frontend/_2917_ only has one pin. Check if it is intended to be dangling.
[WARNING RSZ-0104] Net frontend/_2916_ only has one pin. Check if it is intended to be dangling.
[WARNING RSZ-0104] Net frontend/_2915_ only has one pin. Check if it is intended to be dangling.
[WARNING RSZ-0104] Net frontend/_2914_ only has one pin. Check if it is intended to be dangling.
[WARNING RSZ-0104] Net frontend/_2913_ only has one pin. Check if it is intended to be dangling.
[WARNING RSZ-0104] Net frontend/_2912_ only has one pin. Check if it is intended to be dangling.
[WARNING RSZ-0104] Net frontend/_2911_ only has one pin. Check if it is intended to be dangling.
[WARNING RSZ-0104] Net frontend/_2910_ only has one pin. Check if it is intended to be dangling.
[WARNING RSZ-0104] Net frontend/_2882_ only has one pin. Check if it is intended to be dangling.
[WARNING RSZ-0104] Net frontend/_2931_ only has one pin. Check if it is intended to be dangling.
[WARNING RSZ-0104] Net frontend/_2930_ only has one pin. Check if it is intended to be dangling.
[WARNING RSZ-0104] Net frontend/_2929_ only has one pin. Check if it is intended to be dangling.
[WARNING RSZ-0104] Net frontend/_2928_ only has one pin. Check if it is intended to be dangling.
[WARNING RSZ-0104] Net frontend/_2909_ only has one pin. Check if it is intended to be dangling.
[WARNING RSZ-0104] Net frontend/_2927_ only has one pin. Check if it is intended to be dangling.
[WARNING RSZ-0104] Net frontend/_2926_ only has one pin. Check if it is intended to be dangling.
[WARNING RSZ-0104] Net frontend/_2925_ only has one pin. Check if it is intended to be dangling.
[WARNING RSZ-0104] Net frontend/_2924_ only has one pin. Check if it is intended to be dangling.
[WARNING RSZ-0104] Net frontend/_2923_ only has one pin. Check if it is intended to be dangling.
[WARNING RSZ-0104] Net frontend/_2922_ only has one pin. Check if it is intended to be dangling.
[WARNING RSZ-0104] Net frontend/_2921_ only has one pin. Check if it is intended to be dangling.
[WARNING RSZ-0104] Net frontend/_2920_ only has one pin. Check if it is intended to be dangling.
[WARNING RSZ-0104] Net frontend/_2919_ only has one pin. Check if it is intended to be dangling.
[WARNING RSZ-0104] Net frontend/_2918_ only has one pin. Check if it is intended to be dangling.
[WARNING RSZ-0104] Net frontend/_2908_ only has one pin. Check if it is intended to be dangling.
[WARNING RSZ-0104] Net frontend/_2941_ only has one pin. Check if it is intended to be dangling.
[WARNING RSZ-0104] Net frontend/_2940_ only has one pin. Check if it is intended to be dangling.
[WARNING RSZ-0104] Net frontend/_2939_ only has one pin. Check if it is intended to be dangling.
[WARNING RSZ-0104] Net frontend/_2938_ only has one pin. Check if it is intended to be dangling.
[WARNING RSZ-0104] Net frontend/_2937_ only has one pin. Check if it is intended to be dangling.
[WARNING RSZ-0104] Net frontend/_2936_ only has one pin. Check if it is intended to be dangling.
[WARNING RSZ-0104] Net frontend/_2935_ only has one pin. Check if it is intended to be dangling.
[WARNING RSZ-0104] Net frontend/_2934_ only has one pin. Check if it is intended to be dangling.
[WARNING RSZ-0104] Net frontend/_2881_ only has one pin. Check if it is intended to be dangling.
[WARNING RSZ-0104] Net frontend/_2955_ only has one pin. Check if it is intended to be dangling.
[WARNING RSZ-0104] Net frontend/_2954_ only has one pin. Check if it is intended to be dangling.
[WARNING RSZ-0104] Net frontend/_2953_ only has one pin. Check if it is intended to be dangling.
[WARNING RSZ-0104] Net frontend/_2952_ only has one pin. Check if it is intended to be dangling.
[WARNING RSZ-0104] Net frontend/_2933_ only has one pin. Check if it is intended to be dangling.
[WARNING RSZ-0104] Net frontend/_2951_ only has one pin. Check if it is intended to be dangling.
[WARNING RSZ-0104] Net frontend/_2950_ only has one pin. Check if it is intended to be dangling.
[WARNING RSZ-0104] Net frontend/_2949_ only has one pin. Check if it is intended to be dangling.
[WARNING RSZ-0104] Net frontend/_2948_ only has one pin. Check if it is intended to be dangling.
[WARNING RSZ-0104] Net frontend/_2947_ only has one pin. Check if it is intended to be dangling.
[WARNING RSZ-0104] Net frontend/_2946_ only has one pin. Check if it is intended to be dangling.
[WARNING RSZ-0104] Net frontend/_2945_ only has one pin. Check if it is intended to be dangling.
[WARNING RSZ-0104] Net frontend/_2944_ only has one pin. Check if it is intended to be dangling.
[WARNING RSZ-0104] Net frontend/_2943_ only has one pin. Check if it is intended to be dangling.
[WARNING RSZ-0104] Net frontend/_2942_ only has one pin. Check if it is intended to be dangling.
[WARNING RSZ-0104] Net frontend/_2932_ only has one pin. Check if it is intended to be dangling.
[WARNING RSZ-0104] Net frontend/_2965_ only has one pin. Check if it is intended to be dangling.
[WARNING RSZ-0104] Net frontend/_2964_ only has one pin. Check if it is intended to be dangling.
[WARNING RSZ-0104] Net frontend/_2963_ only has one pin. Check if it is intended to be dangling.
[WARNING RSZ-0104] Net frontend/_2962_ only has one pin. Check if it is intended to be dangling.
[WARNING RSZ-0104] Net frontend/_2961_ only has one pin. Check if it is intended to be dangling.
[WARNING RSZ-0104] Net frontend/_2960_ only has one pin. Check if it is intended to be dangling.
[WARNING RSZ-0104] Net frontend/_2959_ only has one pin. Check if it is intended to be dangling.
[WARNING RSZ-0104] Net frontend/_2958_ only has one pin. Check if it is intended to be dangling.
[WARNING RSZ-0104] Net frontend/_2880_ only has one pin. Check if it is intended to be dangling.
[WARNING RSZ-0104] Net frontend/_2979_ only has one pin. Check if it is intended to be dangling.
[WARNING RSZ-0104] Net frontend/_2978_ only has one pin. Check if it is intended to be dangling.
[WARNING RSZ-0104] Net frontend/_2977_ only has one pin. Check if it is intended to be dangling.
[WARNING RSZ-0104] Net frontend/_2976_ only has one pin. Check if it is intended to be dangling.
[WARNING RSZ-0104] Net frontend/_2957_ only has one pin. Check if it is intended to be dangling.
[WARNING RSZ-0104] Net frontend/_2975_ only has one pin. Check if it is intended to be dangling.
[WARNING RSZ-0104] Net frontend/_2974_ only has one pin. Check if it is intended to be dangling.
[WARNING RSZ-0104] Net frontend/_2973_ only has one pin. Check if it is intended to be dangling.
[WARNING RSZ-0104] Net frontend/_2972_ only has one pin. Check if it is intended to be dangling.
[WARNING RSZ-0104] Net frontend/_2971_ only has one pin. Check if it is intended to be dangling.
[WARNING RSZ-0104] Net frontend/_2970_ only has one pin. Check if it is intended to be dangling.
[WARNING RSZ-0104] Net frontend/_2969_ only has one pin. Check if it is intended to be dangling.
[WARNING RSZ-0104] Net frontend/_2968_ only has one pin. Check if it is intended to be dangling.
[WARNING RSZ-0104] Net frontend/_2967_ only has one pin. Check if it is intended to be dangling.
[WARNING RSZ-0104] Net frontend/_2966_ only has one pin. Check if it is intended to be dangling.
[WARNING RSZ-0104] Net frontend/_2956_ only has one pin. Check if it is intended to be dangling.
[WARNING RSZ-0104] Net frontend/_3395_ only has one pin. Check if it is intended to be dangling.
[WARNING RSZ-0104] Net frontend/_2855_ only has one pin. Check if it is intended to be dangling.
[WARNING RSZ-0104] Net frontend/_3348_ only has one pin. Check if it is intended to be dangling.
[WARNING RSZ-0104] Net frontend/_3347_ only has one pin. Check if it is intended to be dangling.
[WARNING RSZ-0104] Net frontend/_3346_ only has one pin. Check if it is intended to be dangling.
[WARNING RSZ-0104] Net frontend/_3345_ only has one pin. Check if it is intended to be dangling.
[WARNING RSZ-0104] Net frontend/_3344_ only has one pin. Check if it is intended to be dangling.
[WARNING RSZ-0104] Net frontend/_3343_ only has one pin. Check if it is intended to be dangling.
[WARNING RSZ-0104] Net frontend/_3342_ only has one pin. Check if it is intended to be dangling.
[WARNING RSZ-0104] Net frontend/_2856_ only has one pin. Check if it is intended to be dangling.
[WARNING RSZ-0104] Net frontend/_3369_ only has one pin. Check if it is intended to be dangling.
[WARNING RSZ-0104] Net frontend/_3341_ only has one pin. Check if it is intended to be dangling.
[WARNING RSZ-0104] Net frontend/_3368_ only has one pin. Check if it is intended to be dangling.
[WARNING RSZ-0104] Net frontend/_3367_ only has one pin. Check if it is intended to be dangling.
[WARNING RSZ-0104] Net frontend/_3366_ only has one pin. Check if it is intended to be dangling.
[WARNING RSZ-0104] Net frontend/_3365_ only has one pin. Check if it is intended to be dangling.
[WARNING RSZ-0104] Net frontend/_3364_ only has one pin. Check if it is intended to be dangling.
[WARNING RSZ-0104] Net frontend/_3363_ only has one pin. Check if it is intended to be dangling.
[WARNING RSZ-0104] Net frontend/_3362_ only has one pin. Check if it is intended to be dangling.
[WARNING RSZ-0104] Net frontend/_3361_ only has one pin. Check if it is intended to be dangling.
[WARNING RSZ-0104] Net frontend/_3360_ only has one pin. Check if it is intended to be dangling.
[WARNING RSZ-0104] Net frontend/_3359_ only has one pin. Check if it is intended to be dangling.
[WARNING RSZ-0104] Net frontend/_3340_ only has one pin. Check if it is intended to be dangling.
[WARNING RSZ-0104] Net frontend/_3358_ only has one pin. Check if it is intended to be dangling.
[WARNING RSZ-0104] Net frontend/_3357_ only has one pin. Check if it is intended to be dangling.
[WARNING RSZ-0104] Net frontend/_3356_ only has one pin. Check if it is intended to be dangling.
[WARNING RSZ-0104] Net frontend/_3355_ only has one pin. Check if it is intended to be dangling.
[WARNING RSZ-0104] Net frontend/_3354_ only has one pin. Check if it is intended to be dangling.
[WARNING RSZ-0104] Net frontend/_3353_ only has one pin. Check if it is intended to be dangling.
[WARNING RSZ-0104] Net frontend/_3352_ only has one pin. Check if it is intended to be dangling.
[WARNING RSZ-0104] Net frontend/_3351_ only has one pin. Check if it is intended to be dangling.
[WARNING RSZ-0104] Net frontend/_3350_ only has one pin. Check if it is intended to be dangling.
[WARNING RSZ-0104] Net frontend/_3349_ only has one pin. Check if it is intended to be dangling.
[WARNING RSZ-0104] Net frontend/_3339_ only has one pin. Check if it is intended to be dangling.
[WARNING RSZ-0104] Net frontend/_2854_ only has one pin. Check if it is intended to be dangling.
[WARNING RSZ-0104] Net frontend/_2858_ only has one pin. Check if it is intended to be dangling.
[WARNING RSZ-0104] Net frontend/_3132_ only has one pin. Check if it is intended to be dangling.
[WARNING RSZ-0104] Net frontend/_3131_ only has one pin. Check if it is intended to be dangling.
[WARNING RSZ-0104] Net frontend/_3130_ only has one pin. Check if it is intended to be dangling.
[WARNING RSZ-0104] Net frontend/_3394_ only has one pin. Check if it is intended to be dangling.
[WARNING RSZ-0104] Net frontend/_3153_ only has one pin. Check if it is intended to be dangling.
[WARNING RSZ-0104] Net frontend/_3152_ only has one pin. Check if it is intended to be dangling.
[WARNING RSZ-0104] Net frontend/_3151_ only has one pin. Check if it is intended to be dangling.
[WARNING RSZ-0104] Net frontend/_3150_ only has one pin. Check if it is intended to be dangling.
[WARNING RSZ-0104] Net frontend/_3149_ only has one pin. Check if it is intended to be dangling.
[WARNING RSZ-0104] Net frontend/_3148_ only has one pin. Check if it is intended to be dangling.
[WARNING RSZ-0104] Net frontend/_3147_ only has one pin. Check if it is intended to be dangling.
[WARNING RSZ-0104] Net frontend/_3146_ only has one pin. Check if it is intended to be dangling.
[WARNING RSZ-0104] Net frontend/_3145_ only has one pin. Check if it is intended to be dangling.
[WARNING RSZ-0104] Net frontend/_3144_ only has one pin. Check if it is intended to be dangling.
[WARNING RSZ-0104] Net frontend/_3143_ only has one pin. Check if it is intended to be dangling.
[WARNING RSZ-0104] Net frontend/_3142_ only has one pin. Check if it is intended to be dangling.
[WARNING RSZ-0104] Net frontend/_3141_ only has one pin. Check if it is intended to be dangling.
[WARNING RSZ-0104] Net frontend/_3140_ only has one pin. Check if it is intended to be dangling.
[WARNING RSZ-0104] Net frontend/_3139_ only has one pin. Check if it is intended to be dangling.
[WARNING RSZ-0104] Net frontend/_3138_ only has one pin. Check if it is intended to be dangling.
[WARNING RSZ-0104] Net frontend/_3137_ only has one pin. Check if it is intended to be dangling.
[WARNING RSZ-0104] Net frontend/_3136_ only has one pin. Check if it is intended to be dangling.
[WARNING RSZ-0104] Net frontend/_3135_ only has one pin. Check if it is intended to be dangling.
[WARNING RSZ-0104] Net frontend/_3134_ only has one pin. Check if it is intended to be dangling.
[WARNING RSZ-0104] Net frontend/_3133_ only has one pin. Check if it is intended to be dangling.
    26000 |     +0.0% |       0 |       5 |            13 |      8784
[WARNING RSZ-0104] Net frontend/_3396_ only has one pin. Check if it is intended to be dangling.
[WARNING RSZ-0104] Net frontend/_2875_ only has one pin. Check if it is intended to be dangling.
[WARNING RSZ-0104] Net frontend/_2874_ only has one pin. Check if it is intended to be dangling.
[WARNING RSZ-0104] Net frontend/_2988_ only has one pin. Check if it is intended to be dangling.
[WARNING RSZ-0104] Net frontend/_2987_ only has one pin. Check if it is intended to be dangling.
[WARNING RSZ-0104] Net frontend/_2986_ only has one pin. Check if it is intended to be dangling.
[WARNING RSZ-0104] Net frontend/_2985_ only has one pin. Check if it is intended to be dangling.
[WARNING RSZ-0104] message limit (1000) reached. This message will no longer print.
    27000 |     +0.0% |       0 |       5 |            13 |      7784
    28000 |     +0.0% |       0 |       5 |            14 |      6784
    29000 |     +0.0% |       0 |       5 |            14 |      5784
    30000 |     +0.0% |       0 |       5 |            14 |      4784
    31000 |     +0.0% |       0 |       5 |            14 |      3784
    32000 |     +0.0% |       0 |       5 |            14 |      2784
    33000 |     +0.0% |       0 |       5 |            14 |      1784
    34000 |     +0.0% |       0 |       5 |            14 |       784
    final |     +0.0% |       0 |       5 |            14 |         0
---------------------------------------------------------------------
[INFO RSZ-0036] Found 14 capacitance violations.
[INFO RSZ-0038] Inserted 5 buffers in 14 nets.
[INFO RSZ-0504] Runtime: 3.64s
global_route -start_incremental
detailed_placement
[INFO DPL-0006] Core area: 88535.44 um^2
[INFO DPL-0007] Movable instances area: 52830.53 um^2
[INFO DPL-0008] Fixed instances area within core: 2693.78 um^2
[INFO DPL-0009] Utilization: 62.7%
[INFO DPL-0005] Diamond search max displacement: +/- 500 sites horizontally, +/- 100 rows vertically.
[INFO DPL-1102] Legalizing using negotiation legalizer.
[INFO DPL-1103] Negotiation base search window: +/-20 sites horizontally, +/-5 rows vertically 
	Automatic search window extension enabled.
	Search window extendable up to the max displacement cap of +/-500 sites, +/-100 rows near walls.
[INFO DPL-1104] NegotiationLegalizer DRC penalty: 5.
[INFO DPL-0392] Negotiation cell height distribution (2 unique row-count(s)):
[INFO DPL-0393]   height 1 row(s): 29656 cells
[INFO DPL-0393]   height 44 row(s): 2 cells
          |      Total |  Illegal |  Illegal
Iteration | Violations |    Cells |    Sites
---------------------------------------------
        0 |         16 |         2 |        14
        1 |          0 |         0 |         0
Negotiation phase 1 converged at iteration 1.
[INFO DPL-0500] Runtime: 0.18s
Placement Analysis
---------------------------------
total displacement          0.9 u
average displacement        0.0 u
max displacement            0.4 u
original HPWL          430787.1 u
legalized HPWL         430786.5 u
delta HPWL                    0 %

global_route -end_incremental -congestion_report_file /work/reports/nangate45/tinyRocket/base/congestion_post_repair_design.rpt
Repair setup and hold violations...
estimate_parasitics -global_routing
repair_timing -setup_margin 0 -hold_margin 0 -repair_tns 100 -verbose
[INFO RSZ-0100] Repair move sequence: UnbufferMove SizeUpMove SwapPinsMove BufferMove CloneMove SplitLoadMove 
[INFO RSZ-0094] Found 610 endpoints with setup violations.
[INFO RSZ-0099] Repairing 610 out of 610 (100.00%) violating endpoints...
   Iter   | Removed | Resized | Inserted | Cloned |  Pin  |   Area   |    WNS   |   StTNS    |   EnTNS    |  Viol  |  Worst  
          | Buffers |  Gates  | Buffers  |  Gates | Swaps |          |          |            |            | Endpts | St/EnPt 
------------------------------------------------------------------------------------------------------------------------------
       0* |       0 |       0 |        0 |      0 |     0 |    +0.0% |   -0.145 |       -5.9 |      -28.9 |    610 | core/div/remainder\[57\]$_SDFFE_PP0P_/D
      10* |       0 |       2 |        1 |      0 |     6 |    +0.0% |   -0.142 |       -5.6 |      -29.0 |    610 | core/div/remainder\[64\]$_SDFFE_PP0P_/D
      20* |       0 |       5 |        1 |      0 |    13 |    +0.0% |   -0.137 |       -5.5 |      -28.9 |    610 | core/div/remainder\[64\]$_SDFFE_PP0P_/D
      30* |       0 |       5 |        3 |      1 |    20 |    +0.0% |   -0.172 |       -6.1 |      -29.6 |    610 | core/div/remainder\[64\]$_SDFFE_PP0P_/D
      40* |       0 |       8 |        7 |      1 |    25 |    +0.0% |   -0.166 |       -6.1 |      -29.7 |    610 | core/div/remainder\[64\]$_SDFFE_PP0P_/D
      49* |       0 |       5 |        1 |      0 |    13 |    +0.0% |   -0.137 |       -5.5 |      -28.9 |    610 | core/div/remainder\[64\]$_SDFFE_PP0P_/D
      50* |       0 |       5 |        1 |      0 |    13 |    +0.0% |   -0.137 |       -5.5 |      -28.9 |    610 | core/div/remainder\[64\]$_SDFFE_PP0P_/D
      60* |       0 |       7 |        3 |      0 |    20 |    +0.0% |   -0.158 |       -5.7 |      -29.3 |    610 | core/div/remainder\[64\]$_SDFFE_PP0P_/D
      70* |       0 |      11 |        7 |      1 |    21 |    +0.0% |   -0.146 |       -5.6 |      -29.2 |    610 | core/div/remainder\[64\]$_SDFFE_PP0P_/D
      75* |       0 |       7 |        3 |      0 |    15 |    +0.0% |   -0.134 |       -5.4 |      -28.9 |    610 | core/div/remainder\[64\]$_SDFFE_PP0P_/D
      80* |       0 |       7 |        5 |      1 |    16 |    +0.0% |   -0.139 |       -5.3 |      -29.0 |    610 | core/div/remainder\[64\]$_SDFFE_PP0P_/D
      90* |       0 |       9 |        8 |      1 |    21 |    +0.0% |   -0.152 |       -5.3 |      -29.5 |    610 | core/div/remainder\[64\]$_SDFFE_PP0P_/D
     100* |       0 |      13 |        8 |      1 |    27 |    +0.0% |   -0.137 |       -5.3 |      -29.1 |    610 | core/div/remainder\[64\]$_SDFFE_PP0P_/D
     110* |       0 |      19 |        8 |      1 |    31 |    +0.0% |   -0.138 |       -5.3 |      -29.1 |    610 | core/div/remainder\[57\]$_SDFFE_PP0P_/D
     120* |       0 |      22 |       11 |      1 |    35 |    +0.1% |   -0.147 |       -5.5 |      -29.3 |    610 | core/div/remainder\[64\]$_SDFFE_PP0P_/D
     120* |       0 |       7 |        4 |      0 |    16 |    +0.0% |   -0.132 |       -5.3 |      -28.9 |    610 | core/div/remainder\[64\]$_SDFFE_PP0P_/D
     130* |       0 |      10 |        5 |      1 |    20 |    +0.0% |   -0.143 |       -5.5 |      -29.0 |    610 | core/div/remainder\[64\]$_SDFFE_PP0P_/D
     140* |       0 |      11 |        9 |      1 |    26 |    +0.0% |   -0.160 |       -5.6 |      -29.5 |    610 | core/div/remainder\[64\]$_SDFFE_PP0P_/D
     150* |       0 |      17 |       11 |      1 |    28 |    +0.0% |   -0.147 |       -5.5 |      -29.2 |    610 | core/div/remainder\[64\]$_SDFFE_PP0P_/D
     153* |       0 |       7 |        4 |      0 |    16 |    +0.0% |   -0.132 |       -5.3 |      -28.9 |    610 | core/div/remainder\[64\]$_SDFFE_PP0P_/D
     160* |       0 |       9 |        5 |      1 |    18 |    +0.0% |   -0.142 |       -5.5 |      -29.0 |    610 | core/div/remainder\[64\]$_SDFFE_PP0P_/D
     170* |       0 |      13 |        9 |      1 |    20 |    +0.0% |   -0.143 |       -5.4 |      -29.2 |    610 | core/div/remainder\[64\]$_SDFFE_PP0P_/D
     178* |       0 |       7 |        4 |      0 |    16 |    +0.0% |   -0.132 |       -5.3 |      -28.9 |    610 | core/div/remainder\[64\]$_SDFFE_PP0P_/D
     180* |       0 |       7 |        4 |      0 |    17 |    +0.0% |   -0.132 |       -5.3 |      -28.9 |    610 | core/div/remainder\[64\]$_SDFFE_PP0P_/D
     190* |       0 |       9 |        8 |      2 |    20 |    +0.0% |   -0.147 |       -5.4 |      -29.2 |    610 | core/div/remainder\[64\]$_SDFFE_PP0P_/D
     198* |       0 |       7 |        5 |      0 |    19 |    +0.0% |   -0.130 |       -5.3 |      -28.9 |    610 | core/div/remainder\[64\]$_SDFFE_PP0P_/D
     200* |       0 |       7 |        5 |      0 |    20 |    +0.0% |   -0.130 |       -5.3 |      -28.9 |    610 | core/div/remainder\[64\]$_SDFFE_PP0P_/D
     210* |       0 |      11 |        7 |      0 |    24 |    +0.0% |   -0.150 |       -5.8 |      -29.3 |    610 | core/div/remainder\[65\]$_SDFFE_PP0P_/D
     220* |       0 |      11 |        8 |      0 |    33 |    +0.0% |   -0.147 |       -5.7 |      -29.2 |    610 | core/div/remainder\[57\]$_SDFFE_PP0P_/D
     230* |       0 |      13 |        9 |      0 |    40 |    +0.0% |   -0.145 |       -5.5 |      -29.0 |    610 | core/div/remainder\[64\]$_SDFFE_PP0P_/D
     240* |       0 |      15 |       10 |      0 |    47 |    +0.0% |   -0.145 |       -5.4 |      -29.0 |    610 | core/div/remainder\[64\]$_SDFFE_PP0P_/D
     250* |       0 |      18 |       12 |      0 |    52 |    +0.0% |   -0.145 |       -5.2 |      -29.0 |    610 | core/div/remainder\[64\]$_SDFFE_PP0P_/D
     250* |       0 |       7 |        5 |      0 |    20 |    +0.0% |   -0.130 |       -5.3 |      -28.9 |    610 | core/div/remainder\[64\]$_SDFFE_PP0P_/D
     260* |       0 |      10 |        7 |      1 |    23 |    +0.0% |   -0.139 |       -5.5 |      -29.1 |    610 | core/div/remainder\[64\]$_SDFFE_PP0P_/D
     270* |       0 |      15 |        7 |      1 |    28 |    +0.0% |   -0.136 |       -5.4 |      -29.0 |    610 | core/div/remainder\[57\]$_SDFFE_PP0P_/D
     280* |       0 |      17 |        9 |      2 |    33 |    +0.0% |   -0.143 |       -5.5 |      -29.1 |    610 | core/div/remainder\[64\]$_SDFFE_PP0P_/D
     290* |       0 |      19 |       13 |      2 |    37 |    +0.1% |   -0.167 |       -5.4 |      -29.6 |    610 | core/div/remainder\[57\]$_SDFFE_PP0P_/D
     300* |       0 |      22 |       14 |      2 |    43 |    +0.1% |   -0.153 |       -5.4 |      -29.4 |    610 | core/div/remainder\[57\]$_SDFFE_PP0P_/D
     301* |       0 |       7 |        5 |      0 |    20 |    +0.0% |   -0.130 |       -5.3 |      -28.9 |    610 | core/div/remainder\[64\]$_SDFFE_PP0P_/D
     310* |       0 |      10 |        6 |      1 |    23 |    +0.0% |   -0.153 |       -5.3 |      -29.5 |    610 | core/div/remainder\[64\]$_SDFFE_PP0P_/D
     320* |       0 |      13 |        8 |      2 |    27 |    +0.0% |   -0.157 |       -5.4 |      -29.5 |    610 | core/div/remainder\[64\]$_SDFFE_PP0P_/D
     330* |       1 |      20 |        9 |      2 |    28 |    +0.0% |   -0.143 |       -5.4 |      -29.3 |    610 | core/div/remainder\[57\]$_SDFFE_PP0P_/D
     330* |       0 |      10 |        6 |      0 |    23 |    +0.0% |   -0.129 |       -5.3 |      -28.9 |    610 | core/div/remainder\[64\]$_SDFFE_PP0P_/D
     340* |       0 |      14 |        8 |      0 |    26 |    +0.0% |   -0.131 |       -5.3 |      -28.9 |    610 | core/div/remainder\[64\]$_SDFFE_PP0P_/D
     350* |       0 |      17 |        9 |      1 |    31 |    +0.0% |   -0.143 |       -5.4 |      -29.0 |    610 | core/div/remainder\[64\]$_SDFFE_PP0P_/D
     360* |       0 |      20 |       11 |      1 |    36 |    +0.0% |   -0.146 |       -5.5 |      -29.1 |    610 | core/div/remainder\[57\]$_SDFFE_PP0P_/D
     370* |       0 |      27 |       11 |      1 |    39 |    +0.1% |   -0.143 |       -5.5 |      -29.0 |    610 | core/div/remainder\[64\]$_SDFFE_PP0P_/D
     380* |       0 |      32 |       13 |      1 |    42 |    +0.1% |   -0.143 |       -5.5 |      -29.1 |    610 | core/div/remainder\[64\]$_SDFFE_PP0P_/D
     381* |       0 |      10 |        6 |      0 |    23 |    +0.0% |   -0.129 |       -5.3 |      -28.9 |    610 | core/div/remainder\[64\]$_SDFFE_PP0P_/D
     390* |       0 |      14 |        8 |      1 |    24 |    +0.0% |   -0.139 |       -5.5 |      -29.1 |    610 | core/div/remainder\[64\]$_SDFFE_PP0P_/D
     400* |       0 |      21 |        9 |      1 |    26 |    +0.0% |   -0.136 |       -5.5 |      -29.1 |    610 | core/div/remainder\[57\]$_SDFFE_PP0P_/D
     410* |       0 |      25 |       10 |      3 |    29 |    +0.1% |   -0.143 |       -5.5 |      -29.2 |    610 | core/div/remainder\[57\]$_SDFFE_PP0P_/D
     420* |       0 |      29 |       13 |      3 |    32 |    +0.1% |   -0.146 |       -5.5 |      -29.4 |    610 | core/div/remainder\[57\]$_SDFFE_PP0P_/D
     425* |       0 |      11 |        6 |      0 |    24 |    +0.0% |   -0.129 |       -5.3 |      -28.9 |    610 | core/div/remainder\[64\]$_SDFFE_PP0P_/D
     430* |       0 |      13 |        9 |      0 |    24 |    +0.0% |   -0.131 |       -5.3 |      -28.9 |    610 | core/div/remainder\[64\]$_SDFFE_PP0P_/D
     440* |       0 |      19 |       13 |      0 |    25 |    +0.0% |   -0.150 |       -5.5 |      -29.2 |    610 | core/div/remainder\[57\]$_SDFFE_PP0P_/D
     450* |       0 |      27 |       13 |      0 |    27 |    +0.1% |   -0.138 |       -5.4 |      -28.9 |    610 | core/div/remainder\[64\]$_SDFFE_PP0P_/D
     451* |       0 |      11 |        6 |      0 |    24 |    +0.0% |   -0.129 |       -5.3 |      -28.9 |    610 | core/div/remainder\[64\]$_SDFFE_PP0P_/D
     460* |       0 |      15 |       11 |      0 |    25 |    +0.0% |   -0.138 |       -5.4 |      -28.9 |    610 | core/div/remainder\[64\]$_SDFFE_PP0P_/D
     470* |       0 |      23 |       13 |      0 |    25 |    +0.0% |   -0.138 |       -5.4 |      -29.0 |    610 | core/div/remainder\[64\]$_SDFFE_PP0P_/D
     480* |       0 |      31 |       14 |      0 |    26 |    +0.1% |   -0.138 |       -5.4 |      -29.0 |    610 | core/div/remainder\[64\]$_SDFFE_PP0P_/D
     488* |       0 |      11 |        6 |      0 |    24 |    +0.0% |   -0.129 |       -5.3 |      -28.9 |    610 | core/div/remainder\[64\]$_SDFFE_PP0P_/D
     490* |       0 |      11 |        6 |      0 |    25 |    +0.0% |   -0.129 |       -5.3 |      -28.9 |    610 | core/div/remainder\[64\]$_SDFFE_PP0P_/D
     500* |       0 |      17 |        8 |      2 |    25 |    +0.0% |   -0.139 |       -5.3 |      -29.2 |    610 | core/div/remainder\[65\]$_SDFFE_PP0P_/D
     510* |       1 |      24 |        9 |      2 |    26 |    +0.0% |   -0.138 |       -5.3 |      -29.1 |    610 | core/div/remainder\[65\]$_SDFFE_PP0P_/D
     512* |       0 |      11 |        6 |      0 |    24 |    +0.0% |   -0.129 |       -5.3 |      -28.9 |    610 | core/div/remainder\[64\]$_SDFFE_PP0P_/D
     520* |       0 |      15 |        9 |      0 |    25 |    +0.0% |   -0.138 |       -5.4 |      -28.9 |    610 | core/div/remainder\[64\]$_SDFFE_PP0P_/D
     530* |       0 |      21 |       13 |      0 |    26 |    +0.0% |   -0.139 |       -5.4 |      -29.1 |    610 | core/div/remainder\[57\]$_SDFFE_PP0P_/D
     540* |       0 |      29 |       15 |      0 |    26 |    +0.1% |   -0.138 |       -5.4 |      -29.1 |    610 | core/div/remainder\[64\]$_SDFFE_PP0P_/D
     550* |       0 |      35 |       17 |      0 |    28 |    +0.1% |   -0.138 |       -5.4 |      -29.1 |    610 | core/div/remainder\[64\]$_SDFFE_PP0P_/D
     556* |       0 |      11 |        6 |      0 |    24 |    +0.0% |   -0.129 |       -5.3 |      -28.9 |    610 | core/div/remainder\[64\]$_SDFFE_PP0P_/D
     560* |       0 |      11 |        7 |      1 |    25 |    +0.0% |   -0.137 |       -5.3 |      -29.0 |    610 | core/div/remainder\[64\]$_SDFFE_PP0P_/D
     570* |       0 |      18 |        8 |      2 |    26 |    +0.0% |   -0.139 |       -5.4 |      -29.2 |    610 | core/div/remainder\[65\]$_SDFFE_PP0P_/D
     579* |       0 |      11 |        6 |      0 |    25 |    +0.0% |   -0.129 |       -5.3 |      -28.9 |    610 | core/div/remainder\[64\]$_SDFFE_PP0P_/D
     580* |       0 |      11 |        6 |      0 |    25 |    +0.0% |   -0.129 |       -5.3 |      -28.9 |    610 | core/div/remainder\[64\]$_SDFFE_PP0P_/D
     590* |       0 |      14 |       11 |      1 |    26 |    +0.0% |   -0.139 |       -5.3 |      -29.0 |    610 | core/div/remainder\[64\]$_SDFFE_PP0P_/D
     600* |       0 |      21 |       13 |      1 |    27 |    +0.0% |   -0.145 |       -5.3 |      -29.3 |    610 | core/div/remainder\[64\]$_SDFFE_PP0P_/D
     610* |       0 |      29 |       15 |      1 |    27 |    +0.1% |   -0.151 |       -5.4 |      -29.4 |    610 | core/div/remainder\[64\]$_SDFFE_PP0P_/D
     620* |       0 |      36 |       15 |      1 |    30 |    +0.1% |   -0.152 |       -5.5 |      -29.3 |    610 | core/div/remainder\[64\]$_SDFFE_PP0P_/D
     630* |       0 |      41 |       16 |      1 |    34 |    +0.1% |   -0.152 |       -5.5 |      -29.3 |    610 | core/div/remainder\[64\]$_SDFFE_PP0P_/D
     632* |       0 |      12 |        7 |      0 |    25 |    +0.0% |   -0.129 |       -5.3 |      -28.9 |    610 | core/div/remainder\[64\]$_SDFFE_PP0P_/D
     640* |       0 |      14 |        8 |      0 |    29 |    +0.0% |   -0.129 |       -5.4 |      -31.5 |    610 | core/div/remainder\[64\]$_SDFFE_PP0P_/D
     650* |       0 |      19 |        9 |      0 |    33 |    +0.0% |   -0.129 |       -5.4 |      -29.3 |    610 | core/div/remainder\[64\]$_SDFFE_PP0P_/D
     660* |       0 |      28 |       10 |      0 |    33 |    +0.1% |   -0.129 |       -5.4 |      -29.2 |    610 | core/div/remainder\[64\]$_SDFFE_PP0P_/D
     670* |       0 |      34 |       11 |      0 |    36 |    +0.1% |   -0.129 |       -5.3 |      -26.5 |    610 | core/div/remainder\[64\]$_SDFFE_PP0P_/D
     680* |       0 |      39 |       12 |      0 |    40 |    +0.1% |   -0.129 |       -5.3 |      -27.9 |    610 | core/div/remainder\[64\]$_SDFFE_PP0P_/D
     690* |       0 |      47 |       12 |      0 |    42 |    +0.1% |   -0.129 |       -5.3 |      -25.8 |    610 | core/div/remainder\[64\]$_SDFFE_PP0P_/D
     700* |       0 |      54 |       14 |      0 |    43 |    +0.1% |   -0.129 |       -5.3 |      -26.2 |    610 | core/div/remainder\[64\]$_SDFFE_PP0P_/D
     710* |       0 |      61 |       16 |      0 |    45 |    +0.1% |   -0.129 |       -5.2 |      -24.1 |    610 | core/div/remainder\[64\]$_SDFFE_PP0P_/D
     720* |       0 |      68 |       17 |      0 |    47 |    +0.1% |   -0.129 |       -5.2 |      -23.5 |    610 | core/div/remainder\[64\]$_SDFFE_PP0P_/D
     730* |       0 |      76 |       17 |      0 |    49 |    +0.1% |   -0.129 |       -5.2 |      -22.4 |    610 | core/div/remainder\[64\]$_SDFFE_PP0P_/D
     740* |       0 |      83 |       17 |      0 |    52 |    +0.1% |   -0.129 |       -5.2 |      -23.6 |    610 | core/div/remainder\[64\]$_SDFFE_PP0P_/D
     750* |       0 |      88 |       23 |      0 |    54 |    +0.2% |   -0.129 |       -5.3 |      -29.2 |    610 | core/div/remainder\[64\]$_SDFFE_PP0P_/D
     760* |       0 |      92 |       25 |      1 |    57 |    +0.2% |   -0.129 |       -5.3 |      -29.4 |    610 | core/div/remainder\[64\]$_SDFFE_PP0P_/D
     770* |       1 |      96 |       27 |      2 |    59 |    +0.2% |   -0.129 |       -5.3 |      -26.5 |    610 | core/div/remainder\[64\]$_SDFFE_PP0P_/D
     773* |       1 |      98 |       27 |      2 |    60 |    +0.2% |   -0.129 |       -5.3 |      -26.5 |    610 | core/div/remainder\[64\]$_SDFFE_PP0P_/D
     774* |       1 |      98 |       27 |      2 |    60 |    +0.2% |   -0.129 |       -5.3 |      -26.5 |    610 | core/div/remainder\[64\]$_SDFFE_PP0P_/D
     775* |       1 |      98 |       27 |      2 |    60 |    +0.2% |   -0.129 |       -5.3 |      -26.5 |    610 | core/div/remainder\[64\]$_SDFFE_PP0P_/D
     780* |       1 |      98 |       28 |      3 |    62 |    +0.2% |   -0.137 |       -5.3 |      -26.6 |    610 | core/div/remainder\[64\]$_SDFFE_PP0P_/D
     790* |       1 |     106 |       29 |      4 |    62 |    +0.2% |   -0.140 |       -5.3 |      -26.7 |    610 | core/div/remainder\[65\]$_SDFFE_PP0P_/D
     800* |       2 |     113 |       30 |      4 |    63 |    +0.2% |   -0.139 |       -5.3 |      -26.7 |    610 | core/div/remainder\[65\]$_SDFFE_PP0P_/D
     800* |       1 |      98 |       27 |      2 |    60 |    +0.2% |   -0.129 |       -5.3 |      -26.5 |    610 | core/div/remainder\[64\]$_SDFFE_PP0P_/D
     802* |       1 |      99 |       27 |      2 |    60 |    +0.2% |   -0.129 |       -5.3 |      -26.6 |    610 | core/div/remainder\[64\]$_SDFFE_PP0P_/D
     803* |       1 |      99 |       27 |      2 |    60 |    +0.2% |   -0.129 |       -5.3 |      -26.6 |    610 | core/div/remainder\[64\]$_SDFFE_PP0P_/D
     810* |       1 |     100 |       29 |      4 |    61 |    +0.2% |   -0.142 |       -5.3 |      -26.9 |    610 | core/div/remainder\[64\]$_SDFFE_PP0P_/D
     820* |       1 |     108 |       29 |      4 |    63 |    +0.2% |   -0.140 |       -5.4 |      -26.8 |    610 | core/div/remainder\[65\]$_SDFFE_PP0P_/D
     830* |       1 |     116 |       30 |      4 |    64 |    +0.2% |   -0.139 |       -5.4 |      -26.8 |    610 | core/div/remainder\[65\]$_SDFFE_PP0P_/D
     833* |       1 |      99 |       27 |      2 |    60 |    +0.2% |   -0.129 |       -5.3 |      -26.6 |    610 | core/div/remainder\[64\]$_SDFFE_PP0P_/D
     840* |       1 |     102 |       27 |      4 |    61 |    +0.2% |   -0.129 |       -5.3 |      -27.1 |    610 | core/div/remainder\[64\]$_SDFFE_PP0P_/D
     840* |       1 |     101 |       27 |      2 |    61 |    +0.2% |   -0.129 |       -5.3 |      -26.6 |    610 | core/div/remainder\[64\]$_SDFFE_PP0P_/D
     841* |       1 |     101 |       27 |      2 |    61 |    +0.2% |   -0.129 |       -5.3 |      -26.6 |    610 | core/div/remainder\[64\]$_SDFFE_PP0P_/D
     842* |       1 |     101 |       27 |      2 |    61 |    +0.2% |   -0.129 |       -5.3 |      -26.6 |    610 | core/div/remainder\[64\]$_SDFFE_PP0P_/D
     843* |       1 |     101 |       27 |      2 |    61 |    +0.2% |   -0.129 |       -5.3 |      -26.6 |    610 | core/div/remainder\[64\]$_SDFFE_PP0P_/D
     844* |       1 |     101 |       27 |      2 |    61 |    +0.2% |   -0.129 |       -5.3 |      -26.6 |    610 | core/div/remainder\[64\]$_SDFFE_PP0P_/D
     845* |       1 |     101 |       27 |      2 |    61 |    +0.2% |   -0.129 |       -5.3 |      -26.6 |    610 | core/div/remainder\[64\]$_SDFFE_PP0P_/D
     846* |       1 |     101 |       27 |      2 |    61 |    +0.2% |   -0.129 |       -5.3 |      -26.6 |    610 | core/div/remainder\[64\]$_SDFFE_PP0P_/D
     847* |       1 |     101 |       27 |      2 |    61 |    +0.2% |   -0.129 |       -5.3 |      -26.6 |    610 | core/div/remainder\[64\]$_SDFFE_PP0P_/D
     848* |       1 |     101 |       27 |      2 |    61 |    +0.2% |   -0.129 |       -5.3 |      -26.6 |    610 | core/div/remainder\[64\]$_SDFFE_PP0P_/D
     849* |       1 |     101 |       27 |      2 |    61 |    +0.2% |   -0.129 |       -5.3 |      -26.6 |    610 | core/div/remainder\[64\]$_SDFFE_PP0P_/D
     850* |       1 |     101 |       27 |      2 |    61 |    +0.2% |   -0.129 |       -5.3 |      -26.6 |    610 | core/div/remainder\[64\]$_SDFFE_PP0P_/D
     850* |       1 |     101 |       27 |      2 |    61 |    +0.2% |   -0.129 |       -5.3 |      -26.6 |    610 | core/div/remainder\[64\]$_SDFFE_PP0P_/D
     854* |       1 |     101 |       27 |      2 |    61 |    +0.2% |   -0.129 |       -5.3 |      -26.6 |    610 | core/div/remainder\[64\]$_SDFFE_PP0P_/D
     858* |       1 |     101 |       27 |      2 |    61 |    +0.2% |   -0.129 |       -5.3 |      -26.6 |    610 | core/div/remainder\[64\]$_SDFFE_PP0P_/D
     859* |       1 |     101 |       27 |      2 |    61 |    +0.2% |   -0.129 |       -5.3 |      -26.6 |    610 | core/div/remainder\[64\]$_SDFFE_PP0P_/D
     860* |       1 |     101 |       27 |      2 |    61 |    +0.2% |   -0.129 |       -5.3 |      -26.6 |    610 | core/div/remainder\[64\]$_SDFFE_PP0P_/D
     863* |       1 |     101 |       27 |      2 |    61 |    +0.2% |   -0.129 |       -5.3 |      -26.6 |    610 | core/div/remainder\[64\]$_SDFFE_PP0P_/D
     867* |       1 |     101 |       27 |      2 |    61 |    +0.2% |   -0.129 |       -5.3 |      -26.6 |    610 | core/div/remainder\[64\]$_SDFFE_PP0P_/D
     870* |       1 |     102 |       27 |      3 |    61 |    +0.2% |   -0.129 |       -5.3 |      -26.6 |    610 | core/div/remainder\[64\]$_SDFFE_PP0P_/D
     870* |       1 |     102 |       27 |      3 |    61 |    +0.2% |   -0.129 |       -5.3 |      -26.6 |    610 | core/div/remainder\[64\]$_SDFFE_PP0P_/D
     873* |       1 |     104 |       27 |      3 |    61 |    +0.2% |   -0.129 |       -5.3 |      -26.9 |    610 | core/div/remainder\[64\]$_SDFFE_PP0P_/D
     877* |       1 |     104 |       27 |      3 |    61 |    +0.2% |   -0.129 |       -5.3 |      -26.9 |    610 | core/div/remainder\[64\]$_SDFFE_PP0P_/D
     878* |       1 |     104 |       27 |      3 |    61 |    +0.2% |   -0.129 |       -5.3 |      -26.9 |    610 | core/div/remainder\[64\]$_SDFFE_PP0P_/D
     879* |       1 |     104 |       27 |      3 |    61 |    +0.2% |   -0.129 |       -5.3 |      -26.9 |    610 | core/div/remainder\[64\]$_SDFFE_PP0P_/D
     880* |       1 |     104 |       27 |      3 |    61 |    +0.2% |   -0.129 |       -5.3 |      -26.9 |    610 | core/div/remainder\[64\]$_SDFFE_PP0P_/D
     880* |       1 |     104 |       27 |      3 |    61 |    +0.2% |   -0.129 |       -5.3 |      -26.9 |    610 | core/div/remainder\[64\]$_SDFFE_PP0P_/D
     884* |       1 |     104 |       27 |      3 |    61 |    +0.2% |   -0.129 |       -5.3 |      -26.9 |    610 | core/div/remainder\[64\]$_SDFFE_PP0P_/D
     885* |       1 |     104 |       27 |      3 |    61 |    +0.2% |   -0.129 |       -5.3 |      -26.9 |    610 | core/div/remainder\[64\]$_SDFFE_PP0P_/D
     886* |       1 |     104 |       27 |      3 |    61 |    +0.2% |   -0.129 |       -5.3 |      -26.9 |    610 | core/div/remainder\[64\]$_SDFFE_PP0P_/D
     887* |       1 |     104 |       27 |      3 |    61 |    +0.2% |   -0.129 |       -5.3 |      -26.9 |    610 | core/div/remainder\[64\]$_SDFFE_PP0P_/D
     890* |       1 |     104 |       27 |      5 |    61 |    +0.2% |   -0.129 |       -5.3 |      -27.5 |    610 | core/div/remainder\[64\]$_SDFFE_PP0P_/D
     892* |       1 |     105 |       31 |      5 |    61 |    +0.3% |   -0.129 |       -5.3 |      -27.2 |    610 | core/div/remainder\[64\]$_SDFFE_PP0P_/D
     893* |       1 |     105 |       31 |      5 |    61 |    +0.3% |   -0.129 |       -5.3 |      -27.2 |    610 | core/div/remainder\[64\]$_SDFFE_PP0P_/D
     894* |       1 |     105 |       31 |      5 |    61 |    +0.3% |   -0.129 |       -5.3 |      -27.2 |    610 | core/div/remainder\[64\]$_SDFFE_PP0P_/D
     897* |       1 |     105 |       31 |      7 |    61 |    +0.3% |   -0.129 |       -5.3 |      -27.2 |    610 | core/div/remainder\[64\]$_SDFFE_PP0P_/D
     900* |       1 |     105 |       31 |      9 |    61 |    +0.3% |   -0.129 |       -5.3 |      -27.4 |    610 | core/div/remainder\[64\]$_SDFFE_PP0P_/D
     901* |       1 |     106 |       31 |      9 |    61 |    +0.3% |   -0.129 |       -5.3 |      -27.7 |    610 | core/div/remainder\[64\]$_SDFFE_PP0P_/D
     902* |       1 |     106 |       31 |      9 |    61 |    +0.3% |   -0.129 |       -5.3 |      -27.7 |    610 | core/div/remainder\[64\]$_SDFFE_PP0P_/D
     903* |       1 |     106 |       31 |      9 |    61 |    +0.3% |   -0.129 |       -5.3 |      -27.7 |    610 | core/div/remainder\[64\]$_SDFFE_PP0P_/D
     904* |       1 |     106 |       31 |      9 |    61 |    +0.3% |   -0.129 |       -5.3 |      -27.7 |    610 | core/div/remainder\[64\]$_SDFFE_PP0P_/D
     905* |       1 |     106 |       31 |      9 |    61 |    +0.3% |   -0.129 |       -5.3 |      -27.7 |    610 | core/div/remainder\[64\]$_SDFFE_PP0P_/D
     910* |       1 |     108 |       31 |     10 |    62 |    +0.3% |   -0.129 |       -5.3 |      -27.6 |    610 | core/div/remainder\[64\]$_SDFFE_PP0P_/D
     912* |       1 |     107 |       31 |      9 |    62 |    +0.3% |   -0.129 |       -5.3 |      -27.4 |    610 | core/div/remainder\[64\]$_SDFFE_PP0P_/D
     913* |       1 |     107 |       31 |      9 |    62 |    +0.3% |   -0.129 |       -5.3 |      -27.4 |    610 | core/div/remainder\[64\]$_SDFFE_PP0P_/D
     914* |       1 |     107 |       31 |      9 |    62 |    +0.3% |   -0.129 |       -5.3 |      -27.4 |    610 | core/div/remainder\[64\]$_SDFFE_PP0P_/D
     915* |       1 |     107 |       31 |      9 |    62 |    +0.3% |   -0.129 |       -5.3 |      -27.4 |    610 | core/div/remainder\[64\]$_SDFFE_PP0P_/D
     916* |       1 |     107 |       31 |      9 |    62 |    +0.3% |   -0.129 |       -5.3 |      -27.4 |    610 | core/div/remainder\[64\]$_SDFFE_PP0P_/D
     917* |       1 |     107 |       31 |      9 |    62 |    +0.3% |   -0.129 |       -5.3 |      -27.4 |    610 | core/div/remainder\[64\]$_SDFFE_PP0P_/D
     920* |       1 |     108 |       31 |     10 |    62 |    +0.3% |   -0.129 |       -5.3 |      -27.6 |    610 | core/div/remainder\[64\]$_SDFFE_PP0P_/D
     922* |       1 |     107 |       31 |      9 |    62 |    +0.3% |   -0.129 |       -5.3 |      -27.4 |    610 | core/div/remainder\[64\]$_SDFFE_PP0P_/D
     923* |       1 |     107 |       31 |      9 |    62 |    +0.3% |   -0.129 |       -5.3 |      -27.4 |    610 | core/div/remainder\[64\]$_SDFFE_PP0P_/D
     928* |       1 |     107 |       31 |      9 |    62 |    +0.3% |   -0.129 |       -5.3 |      -27.4 |    610 | core/div/remainder\[64\]$_SDFFE_PP0P_/D
     929* |       1 |     107 |       31 |      9 |    62 |    +0.3% |   -0.129 |       -5.3 |      -27.4 |    610 | core/div/remainder\[64\]$_SDFFE_PP0P_/D
     930* |       1 |     107 |       31 |      9 |    62 |    +0.3% |   -0.129 |       -5.3 |      -27.4 |    610 | core/div/remainder\[64\]$_SDFFE_PP0P_/D
     930* |       1 |     107 |       31 |      9 |    62 |    +0.3% |   -0.129 |       -5.3 |      -27.4 |    610 | core/div/remainder\[64\]$_SDFFE_PP0P_/D
     931* |       1 |     107 |       31 |      9 |    62 |    +0.3% |   -0.129 |       -5.3 |      -27.4 |    610 | core/div/remainder\[64\]$_SDFFE_PP0P_/D
     932* |       1 |     107 |       31 |      9 |    62 |    +0.3% |   -0.129 |       -5.3 |      -27.4 |    610 | core/div/remainder\[64\]$_SDFFE_PP0P_/D
     937* |       1 |     107 |       31 |      9 |    62 |    +0.3% |   -0.129 |       -5.3 |      -27.4 |    610 | core/div/remainder\[64\]$_SDFFE_PP0P_/D
     940* |       1 |     108 |       31 |     10 |    62 |    +0.3% |   -0.129 |       -5.3 |      -27.6 |    610 | core/div/remainder\[64\]$_SDFFE_PP0P_/D
     942* |       1 |     107 |       31 |      9 |    62 |    +0.3% |   -0.129 |       -5.3 |      -27.4 |    610 | core/div/remainder\[64\]$_SDFFE_PP0P_/D
     943* |       1 |     107 |       31 |      9 |    62 |    +0.3% |   -0.129 |       -5.3 |      -27.4 |    610 | core/div/remainder\[64\]$_SDFFE_PP0P_/D
     946* |       1 |     107 |       31 |      9 |    62 |    +0.3% |   -0.129 |       -5.3 |      -27.4 |    610 | core/div/remainder\[64\]$_SDFFE_PP0P_/D
     947* |       1 |     107 |       31 |      9 |    62 |    +0.3% |   -0.129 |       -5.3 |      -27.4 |    610 | core/div/remainder\[64\]$_SDFFE_PP0P_/D
     948* |       1 |     107 |       31 |      9 |    62 |    +0.3% |   -0.129 |       -5.3 |      -27.4 |    610 | core/div/remainder\[64\]$_SDFFE_PP0P_/D
     949* |       1 |     107 |       31 |      9 |    62 |    +0.3% |   -0.129 |       -5.3 |      -27.4 |    610 | core/div/remainder\[64\]$_SDFFE_PP0P_/D
     950* |       1 |     107 |       31 |      9 |    62 |    +0.3% |   -0.129 |       -5.3 |      -27.4 |    610 | core/div/remainder\[64\]$_SDFFE_PP0P_/D
     950* |       1 |     107 |       31 |      9 |    62 |    +0.3% |   -0.129 |       -5.3 |      -27.4 |    610 | core/div/remainder\[64\]$_SDFFE_PP0P_/D
     953* |       1 |     109 |       31 |      9 |    62 |    +0.3% |   -0.129 |       -5.3 |      -27.4 |    610 | core/div/remainder\[64\]$_SDFFE_PP0P_/D
     954* |       1 |     109 |       31 |      9 |    62 |    +0.3% |   -0.129 |       -5.3 |      -27.4 |    610 | core/div/remainder\[64\]$_SDFFE_PP0P_/D
     955* |       1 |     109 |       31 |      9 |    62 |    +0.3% |   -0.129 |       -5.3 |      -27.4 |    610 | core/div/remainder\[64\]$_SDFFE_PP0P_/D
     956* |       1 |     109 |       31 |      9 |    62 |    +0.3% |   -0.129 |       -5.3 |      -27.4 |    610 | core/div/remainder\[64\]$_SDFFE_PP0P_/D
     960* |       1 |     110 |       31 |     11 |    62 |    +0.3% |   -0.129 |       -5.3 |      -27.7 |    610 | core/div/remainder\[64\]$_SDFFE_PP0P_/D
     961* |       1 |     109 |       31 |      9 |    62 |    +0.3% |   -0.129 |       -5.3 |      -27.4 |    610 | core/div/remainder\[64\]$_SDFFE_PP0P_/D
     966* |       1 |     109 |       31 |      9 |    62 |    +0.3% |   -0.129 |       -5.3 |      -27.4 |    610 | core/div/remainder\[64\]$_SDFFE_PP0P_/D
     967* |       1 |     109 |       31 |      9 |    62 |    +0.3% |   -0.129 |       -5.3 |      -27.4 |    610 | core/div/remainder\[64\]$_SDFFE_PP0P_/D
     968* |       1 |     109 |       31 |      9 |    62 |    +0.3% |   -0.129 |       -5.3 |      -27.4 |    610 | core/div/remainder\[64\]$_SDFFE_PP0P_/D
     970* |       1 |     110 |       31 |      9 |    62 |    +0.3% |   -0.129 |       -5.3 |      -27.5 |    610 | core/div/remainder\[64\]$_SDFFE_PP0P_/D
     971* |       1 |     109 |       31 |      9 |    62 |    +0.3% |   -0.129 |       -5.3 |      -27.4 |    610 | core/div/remainder\[64\]$_SDFFE_PP0P_/D
     974* |       1 |     109 |       31 |      9 |    62 |    +0.3% |   -0.129 |       -5.3 |      -27.4 |    610 | core/div/remainder\[64\]$_SDFFE_PP0P_/D
     975* |       1 |     109 |       31 |      9 |    62 |    +0.3% |   -0.129 |       -5.3 |      -27.4 |    610 | core/div/remainder\[64\]$_SDFFE_PP0P_/D
     976* |       1 |     109 |       31 |      9 |    62 |    +0.3% |   -0.129 |       -5.3 |      -27.4 |    610 | core/div/remainder\[64\]$_SDFFE_PP0P_/D
     980* |       1 |     110 |       34 |      9 |    62 |    +0.3% |   -0.131 |       -5.3 |      -27.4 |    610 | core/div/remainder\[64\]$_SDFFE_PP0P_/D
     990* |       1 |     116 |       38 |      9 |    63 |    +0.3% |   -0.138 |       -5.5 |      -27.6 |    610 | core/div/remainder\[64\]$_SDFFE_PP0P_/D
    1000* |       1 |     125 |       38 |      9 |    64 |    +0.3% |   -0.138 |       -5.4 |      -27.4 |    610 | core/div/remainder\[64\]$_SDFFE_PP0P_/D
    1005* |       1 |     109 |       31 |      9 |    62 |    +0.3% |   -0.129 |       -5.3 |      -27.4 |    610 | core/div/remainder\[64\]$_SDFFE_PP0P_/D
    1007* |       1 |     109 |       31 |      9 |    62 |    +0.3% |   -0.129 |       -5.3 |      -27.4 |    610 | core/div/remainder\[64\]$_SDFFE_PP0P_/D
    1008* |       1 |     109 |       31 |      9 |    62 |    +0.3% |   -0.129 |       -5.3 |      -27.4 |    610 | core/div/remainder\[64\]$_SDFFE_PP0P_/D
    1010* |       1 |     110 |       31 |      9 |    62 |    +0.3% |   -0.129 |       -5.3 |      -27.5 |    610 | core/div/remainder\[64\]$_SDFFE_PP0P_/D
    1011* |       1 |     109 |       31 |      9 |    62 |    +0.3% |   -0.129 |       -5.3 |      -27.4 |    610 | core/div/remainder\[64\]$_SDFFE_PP0P_/D
    1012* |       1 |     109 |       31 |      9 |    62 |    +0.3% |   -0.129 |       -5.3 |      -27.4 |    610 | core/div/remainder\[64\]$_SDFFE_PP0P_/D
    1013* |       1 |     109 |       31 |      9 |    62 |    +0.3% |   -0.129 |       -5.3 |      -27.4 |    610 | core/div/remainder\[64\]$_SDFFE_PP0P_/D
    1014* |       1 |     109 |       31 |      9 |    62 |    +0.3% |   -0.129 |       -5.3 |      -27.4 |    610 | core/div/remainder\[64\]$_SDFFE_PP0P_/D
    1019* |       1 |     109 |       31 |      9 |    62 |    +0.3% |   -0.129 |       -5.3 |      -27.4 |    610 | core/div/remainder\[64\]$_SDFFE_PP0P_/D
    1020* |       1 |     109 |       31 |      9 |    62 |    +0.3% |   -0.129 |       -5.3 |      -27.4 |    610 | core/div/remainder\[64\]$_SDFFE_PP0P_/D
    1024* |       1 |     109 |       31 |      9 |    62 |    +0.3% |   -0.129 |       -5.3 |      -27.4 |    610 | core/div/remainder\[64\]$_SDFFE_PP0P_/D
    1029* |       1 |     109 |       31 |      9 |    62 |    +0.3% |   -0.129 |       -5.3 |      -27.4 |    610 | core/div/remainder\[64\]$_SDFFE_PP0P_/D
    1030* |       1 |     109 |       31 |      9 |    62 |    +0.3% |   -0.129 |       -5.3 |      -27.4 |    610 | core/div/remainder\[64\]$_SDFFE_PP0P_/D
    1030* |       1 |     109 |       31 |      9 |    62 |    +0.3% |   -0.129 |       -5.3 |      -27.4 |    610 | core/div/remainder\[64\]$_SDFFE_PP0P_/D
    1032* |       1 |     110 |       31 |      9 |    62 |    +0.3% |   -0.129 |       -5.3 |      -27.4 |    610 | core/div/remainder\[64\]$_SDFFE_PP0P_/D
    1035* |       1 |     110 |       31 |      9 |    62 |    +0.3% |   -0.129 |       -5.3 |      -27.4 |    610 | core/div/remainder\[64\]$_SDFFE_PP0P_/D
    1040* |       1 |     112 |       31 |     11 |    62 |    +0.4% |   -0.129 |       -5.3 |      -28.0 |    610 | core/div/remainder\[64\]$_SDFFE_PP0P_/D
    1040* |       1 |     110 |       31 |      9 |    62 |    +0.3% |   -0.129 |       -5.3 |      -27.4 |    610 | core/div/remainder\[64\]$_SDFFE_PP0P_/D
    1045* |       1 |     110 |       31 |      9 |    62 |    +0.3% |   -0.129 |       -5.3 |      -27.4 |    610 | core/div/remainder\[64\]$_SDFFE_PP0P_/D
    1046* |       1 |     110 |       31 |      9 |    62 |    +0.3% |   -0.129 |       -5.3 |      -27.4 |    610 | core/div/remainder\[64\]$_SDFFE_PP0P_/D
    1050* |       1 |     111 |       31 |     11 |    62 |    +0.4% |   -0.129 |       -5.3 |      -27.7 |    610 | core/div/remainder\[64\]$_SDFFE_PP0P_/D
    1051* |       1 |     110 |       31 |      9 |    62 |    +0.3% |   -0.129 |       -5.3 |      -27.4 |    610 | core/div/remainder\[64\]$_SDFFE_PP0P_/D
    1054* |       1 |     110 |       31 |      9 |    62 |    +0.3% |   -0.129 |       -5.3 |      -27.4 |    610 | core/div/remainder\[64\]$_SDFFE_PP0P_/D
    1057* |       1 |     110 |       31 |      9 |    62 |    +0.3% |   -0.129 |       -5.3 |      -27.4 |    610 | core/div/remainder\[64\]$_SDFFE_PP0P_/D
    1058* |       1 |     110 |       31 |      9 |    62 |    +0.3% |   -0.129 |       -5.3 |      -27.4 |    610 | core/div/remainder\[64\]$_SDFFE_PP0P_/D
    1059* |       1 |     110 |       31 |      9 |    62 |    +0.3% |   -0.129 |       -5.3 |      -27.4 |    610 | core/div/remainder\[64\]$_SDFFE_PP0P_/D
    1060* |       1 |     110 |       31 |      9 |    62 |    +0.3% |   -0.129 |       -5.3 |      -27.4 |    610 | core/div/remainder\[64\]$_SDFFE_PP0P_/D
    1062* |       1 |     110 |       31 |      9 |    62 |    +0.3% |   -0.129 |       -5.3 |      -27.4 |    610 | core/div/remainder\[64\]$_SDFFE_PP0P_/D
    1068* |       1 |     110 |       31 |      9 |    62 |    +0.3% |   -0.129 |       -5.3 |      -27.4 |    610 | core/div/remainder\[64\]$_SDFFE_PP0P_/D
    1070* |       1 |     111 |       31 |      9 |    62 |    +0.3% |   -0.129 |       -5.3 |      -27.5 |    610 | core/div/remainder\[64\]$_SDFFE_PP0P_/D
    1073* |       1 |     110 |       31 |      9 |    62 |    +0.3% |   -0.129 |       -5.3 |      -27.4 |    610 | core/div/remainder\[64\]$_SDFFE_PP0P_/D
    1078* |       1 |     110 |       31 |      9 |    62 |    +0.3% |   -0.129 |       -5.3 |      -27.4 |    610 | core/div/remainder\[64\]$_SDFFE_PP0P_/D
    1080* |       1 |     111 |       31 |      9 |    62 |    +0.3% |   -0.129 |       -5.3 |      -27.4 |    610 | core/div/remainder\[64\]$_SDFFE_PP0P_/D
    1081* |       1 |     112 |       31 |      9 |    62 |    +0.3% |   -0.129 |       -5.3 |      -27.6 |    610 | core/div/remainder\[64\]$_SDFFE_PP0P_/D
    1082* |       1 |     112 |       31 |      9 |    62 |    +0.3% |   -0.129 |       -5.3 |      -27.6 |    610 | core/div/remainder\[64\]$_SDFFE_PP0P_/D
    1084* |       1 |     112 |       31 |     10 |    62 |    +0.3% |   -0.129 |       -5.3 |      -27.7 |    610 | core/div/remainder\[64\]$_SDFFE_PP0P_/D
    1085* |       1 |     112 |       31 |     10 |    62 |    +0.3% |   -0.129 |       -5.3 |      -27.7 |    610 | core/div/remainder\[64\]$_SDFFE_PP0P_/D
    1086* |       1 |     112 |       31 |     10 |    62 |    +0.3% |   -0.129 |       -5.3 |      -27.7 |    610 | core/div/remainder\[64\]$_SDFFE_PP0P_/D
    1090* |       1 |     113 |       31 |     12 |    62 |    +0.4% |   -0.129 |       -5.3 |      -27.9 |    610 | core/div/remainder\[64\]$_SDFFE_PP0P_/D
    1092* |       1 |     112 |       31 |     10 |    62 |    +0.3% |   -0.129 |       -5.3 |      -27.7 |    610 | core/div/remainder\[64\]$_SDFFE_PP0P_/D
    1093* |       1 |     112 |       31 |     10 |    62 |    +0.3% |   -0.129 |       -5.3 |      -27.7 |    610 | core/div/remainder\[64\]$_SDFFE_PP0P_/D
    1096* |       1 |     112 |       31 |     10 |    62 |    +0.3% |   -0.129 |       -5.3 |      -27.7 |    610 | core/div/remainder\[64\]$_SDFFE_PP0P_/D
    1097* |       1 |     112 |       31 |     10 |    62 |    +0.3% |   -0.129 |       -5.3 |      -27.7 |    610 | core/div/remainder\[64\]$_SDFFE_PP0P_/D
    1100* |       1 |     113 |       31 |     11 |    62 |    +0.4% |   -0.129 |       -5.3 |      -27.8 |    610 | core/div/remainder\[64\]$_SDFFE_PP0P_/D
    1100* |       1 |     112 |       31 |     10 |    62 |    +0.3% |   -0.129 |       -5.3 |      -27.7 |    610 | core/div/remainder\[64\]$_SDFFE_PP0P_/D
    1105* |       1 |     112 |       31 |     10 |    62 |    +0.3% |   -0.129 |       -5.3 |      -27.7 |    610 | core/div/remainder\[64\]$_SDFFE_PP0P_/D
    1110* |       1 |     114 |       31 |     12 |    62 |    +0.4% |   -0.129 |       -5.3 |      -28.1 |    610 | core/div/remainder\[64\]$_SDFFE_PP0P_/D
    1111* |       1 |     112 |       31 |     10 |    62 |    +0.3% |   -0.129 |       -5.3 |      -27.7 |    610 | core/div/remainder\[64\]$_SDFFE_PP0P_/D
    1112* |       1 |     112 |       31 |     10 |    62 |    +0.3% |   -0.129 |       -5.3 |      -27.7 |    610 | core/div/remainder\[64\]$_SDFFE_PP0P_/D
    1113* |       1 |     112 |       31 |     10 |    62 |    +0.3% |   -0.129 |       -5.3 |      -27.7 |    610 | core/div/remainder\[64\]$_SDFFE_PP0P_/D
    1114* |       1 |     112 |       31 |     10 |    62 |    +0.3% |   -0.129 |       -5.3 |      -27.7 |    610 | core/div/remainder\[64\]$_SDFFE_PP0P_/D
    1115* |       1 |     112 |       31 |     10 |    62 |    +0.3% |   -0.129 |       -5.3 |      -27.7 |    610 | core/div/remainder\[64\]$_SDFFE_PP0P_/D
    1118* |       1 |     112 |       31 |     10 |    62 |    +0.3% |   -0.129 |       -5.3 |      -27.7 |    610 | core/div/remainder\[64\]$_SDFFE_PP0P_/D
    1119* |       1 |     112 |       31 |     10 |    62 |    +0.3% |   -0.129 |       -5.3 |      -27.7 |    610 | core/div/remainder\[64\]$_SDFFE_PP0P_/D
    1120* |       1 |     112 |       31 |     10 |    62 |    +0.3% |   -0.129 |       -5.3 |      -27.7 |    610 | core/div/remainder\[64\]$_SDFFE_PP0P_/D
    1124* |       1 |     112 |       31 |     10 |    62 |    +0.3% |   -0.129 |       -5.3 |      -27.7 |    610 | core/div/remainder\[64\]$_SDFFE_PP0P_/D
    1125* |       1 |     112 |       31 |     10 |    62 |    +0.3% |   -0.129 |       -5.3 |      -27.7 |    610 | core/div/remainder\[64\]$_SDFFE_PP0P_/D
    1126* |       1 |     112 |       31 |     10 |    62 |    +0.3% |   -0.129 |       -5.3 |      -27.7 |    610 | core/div/remainder\[64\]$_SDFFE_PP0P_/D
    1130* |       1 |     113 |       31 |     12 |    62 |    +0.4% |   -0.129 |       -5.3 |      -27.9 |    610 | core/div/remainder\[64\]$_SDFFE_PP0P_/D
    1131* |       1 |     112 |       31 |     10 |    62 |    +0.3% |   -0.129 |       -5.3 |      -27.7 |    610 | core/div/remainder\[64\]$_SDFFE_PP0P_/D
    1132* |       1 |     112 |       31 |     10 |    62 |    +0.3% |   -0.129 |       -5.3 |      -27.7 |    610 | core/div/remainder\[64\]$_SDFFE_PP0P_/D
    1138* |       1 |     112 |       31 |     10 |    62 |    +0.3% |   -0.129 |       -5.3 |      -27.7 |    610 | core/div/remainder\[64\]$_SDFFE_PP0P_/D
    1139* |       1 |     112 |       31 |     10 |    62 |    +0.3% |   -0.129 |       -5.3 |      -27.7 |    610 | core/div/remainder\[64\]$_SDFFE_PP0P_/D
    1140* |       1 |     112 |       31 |     10 |    62 |    +0.3% |   -0.129 |       -5.3 |      -27.7 |    610 | core/div/remainder\[64\]$_SDFFE_PP0P_/D
    1140* |       1 |     112 |       31 |     10 |    62 |    +0.3% |   -0.129 |       -5.3 |      -27.7 |    610 | core/div/remainder\[64\]$_SDFFE_PP0P_/D
    1141* |       1 |     112 |       31 |     10 |    62 |    +0.3% |   -0.129 |       -5.3 |      -27.7 |    610 | core/div/remainder\[64\]$_SDFFE_PP0P_/D
    1142* |       1 |     112 |       31 |     10 |    62 |    +0.3% |   -0.129 |       -5.3 |      -27.7 |    610 | core/div/remainder\[64\]$_SDFFE_PP0P_/D
    1143* |       1 |     112 |       31 |     10 |    62 |    +0.3% |   -0.129 |       -5.3 |      -27.7 |    610 | core/div/remainder\[64\]$_SDFFE_PP0P_/D
    1144* |       1 |     112 |       31 |     10 |    62 |    +0.3% |   -0.129 |       -5.3 |      -27.7 |    610 | core/div/remainder\[64\]$_SDFFE_PP0P_/D
    1145* |       1 |     112 |       31 |     10 |    62 |    +0.3% |   -0.129 |       -5.3 |      -27.7 |    610 | core/div/remainder\[64\]$_SDFFE_PP0P_/D
    1146* |       1 |     112 |       31 |     10 |    62 |    +0.3% |   -0.129 |       -5.3 |      -27.7 |    610 | core/div/remainder\[64\]$_SDFFE_PP0P_/D
    1147* |       1 |     112 |       31 |     10 |    62 |    +0.3% |   -0.129 |       -5.3 |      -27.7 |    610 | core/div/remainder\[64\]$_SDFFE_PP0P_/D
    1148* |       1 |     112 |       31 |     10 |    62 |    +0.3% |   -0.129 |       -5.3 |      -27.7 |    610 | core/div/remainder\[64\]$_SDFFE_PP0P_/D
    1149* |       1 |     112 |       31 |     10 |    62 |    +0.3% |   -0.129 |       -5.3 |      -27.7 |    610 | core/div/remainder\[64\]$_SDFFE_PP0P_/D
    1150* |       1 |     112 |       31 |     10 |    62 |    +0.3% |   -0.129 |       -5.3 |      -27.7 |    610 | core/div/remainder\[64\]$_SDFFE_PP0P_/D
    1150* |       1 |     112 |       31 |     10 |    62 |    +0.3% |   -0.129 |       -5.3 |      -27.7 |    610 | core/div/remainder\[64\]$_SDFFE_PP0P_/D
    1155* |       1 |     112 |       31 |     10 |    62 |    +0.3% |   -0.129 |       -5.3 |      -27.7 |    610 | core/div/remainder\[64\]$_SDFFE_PP0P_/D
    1156* |       1 |     112 |       31 |     10 |    62 |    +0.3% |   -0.129 |       -5.3 |      -27.7 |    610 | core/div/remainder\[64\]$_SDFFE_PP0P_/D
    1157* |       1 |     112 |       31 |     10 |    62 |    +0.3% |   -0.129 |       -5.3 |      -27.7 |    610 | core/div/remainder\[64\]$_SDFFE_PP0P_/D
    1158* |       1 |     112 |       31 |     10 |    62 |    +0.3% |   -0.129 |       -5.3 |      -27.7 |    610 | core/div/remainder\[64\]$_SDFFE_PP0P_/D
    1159* |       1 |     112 |       31 |     10 |    62 |    +0.3% |   -0.129 |       -5.3 |      -27.7 |    610 | core/div/remainder\[64\]$_SDFFE_PP0P_/D
    1160* |       1 |     112 |       31 |     10 |    62 |    +0.3% |   -0.129 |       -5.3 |      -27.7 |    610 | core/div/remainder\[64\]$_SDFFE_PP0P_/D
    1160* |       1 |     112 |       31 |     10 |    62 |    +0.3% |   -0.129 |       -5.3 |      -27.7 |    610 | core/div/remainder\[64\]$_SDFFE_PP0P_/D
    1161* |       1 |     112 |       31 |     10 |    62 |    +0.3% |   -0.129 |       -5.3 |      -27.7 |    610 | core/div/remainder\[64\]$_SDFFE_PP0P_/D
    1164* |       1 |     114 |       31 |     10 |    62 |    +0.3% |   -0.129 |       -5.3 |      -27.6 |    610 | core/div/remainder\[64\]$_SDFFE_PP0P_/D
    1169* |       1 |     114 |       31 |     10 |    62 |    +0.3% |   -0.129 |       -5.3 |      -27.6 |    610 | core/div/remainder\[64\]$_SDFFE_PP0P_/D
    1170* |       1 |     114 |       31 |     10 |    62 |    +0.3% |   -0.129 |       -5.3 |      -27.6 |    610 | core/div/remainder\[64\]$_SDFFE_PP0P_/D
    1170* |       1 |     114 |       31 |     10 |    62 |    +0.3% |   -0.129 |       -5.3 |      -27.6 |    610 | core/div/remainder\[64\]$_SDFFE_PP0P_/D
    1171* |       1 |     114 |       31 |     10 |    62 |    +0.3% |   -0.129 |       -5.3 |      -27.6 |    610 | core/div/remainder\[64\]$_SDFFE_PP0P_/D
    1172* |       1 |     114 |       31 |     10 |    62 |    +0.3% |   -0.129 |       -5.3 |      -27.6 |    610 | core/div/remainder\[64\]$_SDFFE_PP0P_/D
    1173* |       1 |     114 |       31 |     10 |    62 |    +0.3% |   -0.129 |       -5.3 |      -27.6 |    610 | core/div/remainder\[64\]$_SDFFE_PP0P_/D
    1179* |       1 |     114 |       31 |     10 |    62 |    +0.3% |   -0.129 |       -5.3 |      -27.6 |    610 | core/div/remainder\[64\]$_SDFFE_PP0P_/D
    1180* |       1 |     114 |       31 |     10 |    62 |    +0.3% |   -0.129 |       -5.3 |      -27.6 |    610 | core/div/remainder\[64\]$_SDFFE_PP0P_/D
    1181* |       1 |     115 |       31 |     10 |    62 |    +0.3% |   -0.129 |       -5.3 |      -27.7 |    610 | core/div/remainder\[64\]$_SDFFE_PP0P_/D
    1182* |       1 |     115 |       31 |     10 |    62 |    +0.3% |   -0.129 |       -5.3 |      -27.7 |    610 | core/div/remainder\[64\]$_SDFFE_PP0P_/D
    1183* |       1 |     115 |       31 |     10 |    62 |    +0.3% |   -0.129 |       -5.3 |      -27.7 |    610 | core/div/remainder\[64\]$_SDFFE_PP0P_/D
    1184* |       1 |     115 |       31 |     10 |    62 |    +0.3% |   -0.129 |       -5.3 |      -27.7 |    610 | core/div/remainder\[64\]$_SDFFE_PP0P_/D
    1189* |       1 |     115 |       31 |     10 |    62 |    +0.3% |   -0.129 |       -5.3 |      -27.7 |    610 | core/div/remainder\[64\]$_SDFFE_PP0P_/D
    1190* |       1 |     115 |       31 |     10 |    62 |    +0.3% |   -0.129 |       -5.3 |      -27.7 |    610 | core/div/remainder\[64\]$_SDFFE_PP0P_/D
    1190* |       1 |     115 |       31 |     10 |    62 |    +0.3% |   -0.129 |       -5.3 |      -27.7 |    610 | core/div/remainder\[64\]$_SDFFE_PP0P_/D
    1191* |       1 |     115 |       31 |     10 |    62 |    +0.3% |   -0.129 |       -5.3 |      -27.7 |    610 | core/div/remainder\[64\]$_SDFFE_PP0P_/D
    1192* |       1 |     115 |       31 |     10 |    62 |    +0.3% |   -0.129 |       -5.3 |      -27.7 |    610 | core/div/remainder\[64\]$_SDFFE_PP0P_/D
    1193* |       1 |     115 |       31 |     10 |    62 |    +0.3% |   -0.129 |       -5.3 |      -27.7 |    610 | core/div/remainder\[64\]$_SDFFE_PP0P_/D
    1194* |       1 |     115 |       31 |     10 |    62 |    +0.3% |   -0.129 |       -5.3 |      -27.7 |    610 | core/div/remainder\[64\]$_SDFFE_PP0P_/D
    1195* |       1 |     115 |       31 |     10 |    62 |    +0.3% |   -0.129 |       -5.3 |      -27.7 |    610 | core/div/remainder\[64\]$_SDFFE_PP0P_/D
    1196* |       1 |     115 |       31 |     10 |    62 |    +0.3% |   -0.129 |       -5.3 |      -27.7 |    610 | core/div/remainder\[64\]$_SDFFE_PP0P_/D
    1197* |       1 |     115 |       31 |     10 |    62 |    +0.3% |   -0.129 |       -5.3 |      -27.7 |    610 | core/div/remainder\[64\]$_SDFFE_PP0P_/D
    1200* |       1 |     117 |       31 |     10 |    62 |    +0.3% |   -0.129 |       -5.3 |      -27.7 |    610 | core/div/remainder\[64\]$_SDFFE_PP0P_/D
    1201* |       1 |     118 |       31 |     10 |    62 |    +0.4% |   -0.129 |       -5.3 |      -27.7 |    610 | core/div/remainder\[64\]$_SDFFE_PP0P_/D
    1202* |       1 |     118 |       31 |     10 |    62 |    +0.4% |   -0.129 |       -5.3 |      -27.7 |    610 | core/div/remainder\[64\]$_SDFFE_PP0P_/D
    1203* |       1 |     118 |       31 |     10 |    62 |    +0.4% |   -0.129 |       -5.3 |      -27.7 |    610 | core/div/remainder\[64\]$_SDFFE_PP0P_/D
    1204* |       1 |     118 |       31 |     10 |    62 |    +0.4% |   -0.129 |       -5.3 |      -27.7 |    610 | core/div/remainder\[64\]$_SDFFE_PP0P_/D
    1205* |       1 |     118 |       31 |     10 |    62 |    +0.4% |   -0.129 |       -5.3 |      -27.7 |    610 | core/div/remainder\[64\]$_SDFFE_PP0P_/D
    1206* |       1 |     118 |       31 |     10 |    62 |    +0.4% |   -0.129 |       -5.3 |      -27.7 |    610 | core/div/remainder\[64\]$_SDFFE_PP0P_/D
    1207* |       1 |     118 |       31 |     10 |    62 |    +0.4% |   -0.129 |       -5.3 |      -27.7 |    610 | core/div/remainder\[64\]$_SDFFE_PP0P_/D
    1208* |       1 |     118 |       31 |     10 |    62 |    +0.4% |   -0.129 |       -5.3 |      -27.7 |    610 | core/div/remainder\[64\]$_SDFFE_PP0P_/D
    1209* |       1 |     118 |       31 |     10 |    62 |    +0.4% |   -0.129 |       -5.3 |      -27.7 |    610 | core/div/remainder\[64\]$_SDFFE_PP0P_/D
    1210* |       1 |     118 |       31 |     10 |    62 |    +0.4% |   -0.129 |       -5.3 |      -27.7 |    610 | core/div/remainder\[64\]$_SDFFE_PP0P_/D
    1210* |       1 |     118 |       31 |     10 |    62 |    +0.4% |   -0.129 |       -5.3 |      -27.7 |    610 | core/div/remainder\[64\]$_SDFFE_PP0P_/D
    1211* |       1 |     118 |       31 |     10 |    62 |    +0.4% |   -0.129 |       -5.3 |      -27.7 |    610 | core/div/remainder\[64\]$_SDFFE_PP0P_/D
    1212* |       1 |     118 |       31 |     10 |    62 |    +0.4% |   -0.129 |       -5.3 |      -27.7 |    610 | core/div/remainder\[64\]$_SDFFE_PP0P_/D
    1216* |       1 |     119 |       31 |     10 |    62 |    +0.4% |   -0.129 |       -5.3 |      -27.7 |    610 | core/div/remainder\[64\]$_SDFFE_PP0P_/D
    1217* |       1 |     119 |       31 |     10 |    62 |    +0.4% |   -0.129 |       -5.3 |      -27.7 |    610 | core/div/remainder\[64\]$_SDFFE_PP0P_/D
    1218* |       1 |     119 |       31 |     10 |    62 |    +0.4% |   -0.129 |       -5.3 |      -27.7 |    610 | core/div/remainder\[64\]$_SDFFE_PP0P_/D
    1219* |       1 |     119 |       31 |     10 |    62 |    +0.4% |   -0.129 |       -5.3 |      -27.7 |    610 | core/div/remainder\[64\]$_SDFFE_PP0P_/D
    1220* |       1 |     119 |       31 |     10 |    62 |    +0.4% |   -0.129 |       -5.3 |      -27.7 |    610 | core/div/remainder\[64\]$_SDFFE_PP0P_/D
    1222* |       1 |     121 |       31 |     10 |    62 |    +0.4% |   -0.129 |       -5.3 |      -27.7 |    610 | core/div/remainder\[64\]$_SDFFE_PP0P_/D
    1223* |       1 |     121 |       31 |     10 |    62 |    +0.4% |   -0.129 |       -5.3 |      -27.7 |    610 | core/div/remainder\[64\]$_SDFFE_PP0P_/D
    1230* |       1 |     122 |       32 |     10 |    66 |    +0.4% |   -0.129 |       -5.3 |      -27.8 |    610 | core/div/remainder\[64\]$_SDFFE_PP0P_/D
    1240* |       1 |     126 |       33 |     10 |    71 |    +0.4% |   -0.130 |       -5.3 |      -27.8 |    610 | core/div/remainder\[64\]$_SDFFE_PP0P_/D
    1250* |       1 |     131 |       35 |     10 |    75 |    +0.4% |   -0.135 |       -5.4 |      -27.8 |    610 | core/div/remainder\[64\]$_SDFFE_PP0P_/D
    1260* |       1 |     138 |       36 |     11 |    76 |    +0.4% |   -0.140 |       -5.4 |      -27.9 |    610 | core/div/remainder\[64\]$_SDFFE_PP0P_/D
    1270* |       2 |     141 |       39 |     11 |    79 |    +0.4% |   -0.150 |       -5.4 |      -28.2 |    610 | core/div/remainder\[64\]$_SDFFE_PP0P_/D
    1280* |       2 |     147 |       40 |     11 |    82 |    +0.4% |   -0.150 |       -5.4 |      -28.2 |    610 | core/div/remainder\[64\]$_SDFFE_PP0P_/D
    1288* |       1 |     125 |       33 |     10 |    70 |    +0.4% |   -0.129 |       -5.3 |      -27.7 |    610 | core/div/remainder\[64\]$_SDFFE_PP0P_/D
    1290* |       1 |     126 |       33 |     10 |    70 |    +0.4% |   -0.129 |       -5.3 |      -27.8 |    610 | core/div/remainder\[64\]$_SDFFE_PP0P_/D
    1291* |       1 |     125 |       33 |     10 |    70 |    +0.4% |   -0.129 |       -5.3 |      -27.7 |    610 | core/div/remainder\[64\]$_SDFFE_PP0P_/D
    1292* |       1 |     125 |       33 |     10 |    70 |    +0.4% |   -0.129 |       -5.3 |      -27.7 |    610 | core/div/remainder\[64\]$_SDFFE_PP0P_/D
    1293* |       1 |     125 |       33 |     10 |    70 |    +0.4% |   -0.129 |       -5.3 |      -27.7 |    610 | core/div/remainder\[64\]$_SDFFE_PP0P_/D
    1296* |       1 |     125 |       33 |     10 |    70 |    +0.4% |   -0.129 |       -5.3 |      -27.7 |    610 | core/div/remainder\[64\]$_SDFFE_PP0P_/D
    1297* |       1 |     125 |       33 |     10 |    70 |    +0.4% |   -0.129 |       -5.3 |      -27.7 |    610 | core/div/remainder\[64\]$_SDFFE_PP0P_/D
    1298* |       1 |     125 |       33 |     10 |    70 |    +0.4% |   -0.129 |       -5.3 |      -27.7 |    610 | core/div/remainder\[64\]$_SDFFE_PP0P_/D
    1299* |       1 |     125 |       33 |     10 |    70 |    +0.4% |   -0.129 |       -5.3 |      -27.7 |    610 | core/div/remainder\[64\]$_SDFFE_PP0P_/D
    1300* |       1 |     125 |       33 |     10 |    70 |    +0.4% |   -0.129 |       -5.3 |      -27.7 |    610 | core/div/remainder\[64\]$_SDFFE_PP0P_/D
    1300* |       1 |     125 |       33 |     10 |    70 |    +0.4% |   -0.129 |       -5.3 |      -27.7 |    610 | core/div/remainder\[64\]$_SDFFE_PP0P_/D
    1301* |       1 |     125 |       33 |     10 |    70 |    +0.4% |   -0.129 |       -5.3 |      -27.7 |    610 | core/div/remainder\[64\]$_SDFFE_PP0P_/D
    1302* |       1 |     125 |       33 |     10 |    70 |    +0.4% |   -0.129 |       -5.3 |      -27.7 |    610 | core/div/remainder\[64\]$_SDFFE_PP0P_/D
    1303* |       1 |     125 |       33 |     10 |    70 |    +0.4% |   -0.129 |       -5.3 |      -27.7 |    610 | core/div/remainder\[64\]$_SDFFE_PP0P_/D
    1306* |       1 |     125 |       33 |     10 |    70 |    +0.4% |   -0.129 |       -5.3 |      -27.7 |    610 | core/div/remainder\[64\]$_SDFFE_PP0P_/D
    1307* |       1 |     125 |       33 |     10 |    70 |    +0.4% |   -0.129 |       -5.3 |      -27.7 |    610 | core/div/remainder\[64\]$_SDFFE_PP0P_/D
    1308* |       1 |     125 |       33 |     10 |    70 |    +0.4% |   -0.129 |       -5.3 |      -27.7 |    610 | core/div/remainder\[64\]$_SDFFE_PP0P_/D
    1309* |       1 |     125 |       33 |     10 |    70 |    +0.4% |   -0.129 |       -5.3 |      -27.7 |    610 | core/div/remainder\[64\]$_SDFFE_PP0P_/D
    1310* |       1 |     125 |       33 |     10 |    70 |    +0.4% |   -0.129 |       -5.3 |      -27.7 |    610 | core/div/remainder\[64\]$_SDFFE_PP0P_/D
    1312* |       1 |     125 |       33 |     10 |    70 |    +0.4% |   -0.129 |       -5.3 |      -27.7 |    610 | core/div/remainder\[64\]$_SDFFE_PP0P_/D
    1315* |       1 |     125 |       33 |     10 |    70 |    +0.4% |   -0.129 |       -5.3 |      -27.7 |    610 | core/div/remainder\[64\]$_SDFFE_PP0P_/D
    1316* |       1 |     125 |       33 |     10 |    70 |    +0.4% |   -0.129 |       -5.3 |      -27.7 |    610 | core/div/remainder\[64\]$_SDFFE_PP0P_/D
    1319* |       1 |     126 |       33 |     11 |    70 |    +0.4% |   -0.129 |       -5.3 |      -27.8 |    610 | core/div/remainder\[64\]$_SDFFE_PP0P_/D
    1320* |       1 |     126 |       33 |     11 |    70 |    +0.4% |   -0.129 |       -5.3 |      -27.8 |    610 | core/div/remainder\[64\]$_SDFFE_PP0P_/D
    1320* |       1 |     126 |       33 |     11 |    70 |    +0.4% |   -0.129 |       -5.3 |      -27.8 |    610 | core/div/remainder\[64\]$_SDFFE_PP0P_/D
    1321* |       1 |     126 |       33 |     11 |    70 |    +0.4% |   -0.129 |       -5.3 |      -27.8 |    610 | core/div/remainder\[64\]$_SDFFE_PP0P_/D
    1322* |       1 |     126 |       33 |     11 |    70 |    +0.4% |   -0.129 |       -5.3 |      -27.8 |    610 | core/div/remainder\[64\]$_SDFFE_PP0P_/D
    1323* |       1 |     126 |       33 |     11 |    70 |    +0.4% |   -0.129 |       -5.3 |      -27.8 |    610 | core/div/remainder\[64\]$_SDFFE_PP0P_/D
    1324* |       1 |     126 |       33 |     11 |    70 |    +0.4% |   -0.129 |       -5.3 |      -27.8 |    610 | core/div/remainder\[64\]$_SDFFE_PP0P_/D
    1327* |       1 |     126 |       33 |     11 |    70 |    +0.4% |   -0.129 |       -5.3 |      -27.8 |    610 | core/div/remainder\[64\]$_SDFFE_PP0P_/D
    1328* |       1 |     126 |       33 |     11 |    70 |    +0.4% |   -0.129 |       -5.3 |      -27.8 |    610 | core/div/remainder\[64\]$_SDFFE_PP0P_/D
    1330* |       1 |     127 |       33 |     11 |    70 |    +0.4% |   -0.129 |       -5.3 |      -27.9 |    610 | core/div/remainder\[64\]$_SDFFE_PP0P_/D
    1330* |       1 |     127 |       33 |     11 |    70 |    +0.4% |   -0.129 |       -5.3 |      -27.9 |    610 | core/div/remainder\[64\]$_SDFFE_PP0P_/D
    1331* |       1 |     127 |       33 |     11 |    70 |    +0.4% |   -0.129 |       -5.3 |      -27.9 |    610 | core/div/remainder\[64\]$_SDFFE_PP0P_/D
    1334* |       1 |     127 |       33 |     11 |    70 |    +0.4% |   -0.129 |       -5.3 |      -27.9 |    610 | core/div/remainder\[64\]$_SDFFE_PP0P_/D
    1335* |       1 |     127 |       33 |     11 |    70 |    +0.4% |   -0.129 |       -5.3 |      -27.9 |    610 | core/div/remainder\[64\]$_SDFFE_PP0P_/D
    1336* |       1 |     127 |       33 |     11 |    70 |    +0.4% |   -0.129 |       -5.3 |      -27.9 |    610 | core/div/remainder\[64\]$_SDFFE_PP0P_/D
    1337* |       1 |     127 |       33 |     11 |    70 |    +0.4% |   -0.129 |       -5.3 |      -27.9 |    610 | core/div/remainder\[64\]$_SDFFE_PP0P_/D
    1338* |       1 |     127 |       33 |     11 |    70 |    +0.4% |   -0.129 |       -5.3 |      -27.9 |    610 | core/div/remainder\[64\]$_SDFFE_PP0P_/D
    1339* |       1 |     127 |       33 |     11 |    70 |    +0.4% |   -0.129 |       -5.3 |      -27.9 |    610 | core/div/remainder\[64\]$_SDFFE_PP0P_/D
    1340* |       1 |     127 |       33 |     11 |    70 |    +0.4% |   -0.129 |       -5.3 |      -27.9 |    610 | core/div/remainder\[64\]$_SDFFE_PP0P_/D
    1340* |       1 |     127 |       33 |     11 |    70 |    +0.4% |   -0.129 |       -5.3 |      -27.9 |    610 | core/div/remainder\[64\]$_SDFFE_PP0P_/D
    1341* |       1 |     127 |       33 |     11 |    70 |    +0.4% |   -0.129 |       -5.3 |      -27.9 |    610 | core/div/remainder\[64\]$_SDFFE_PP0P_/D
    1342* |       1 |     127 |       33 |     11 |    70 |    +0.4% |   -0.129 |       -5.3 |      -27.9 |    610 | core/div/remainder\[64\]$_SDFFE_PP0P_/D
    1345* |       1 |     127 |       33 |     11 |    70 |    +0.4% |   -0.129 |       -5.3 |      -27.9 |    610 | core/div/remainder\[64\]$_SDFFE_PP0P_/D
    1346* |       1 |     127 |       33 |     11 |    70 |    +0.4% |   -0.129 |       -5.3 |      -27.9 |    610 | core/div/remainder\[64\]$_SDFFE_PP0P_/D
    1349* |       1 |     127 |       33 |     11 |    70 |    +0.4% |   -0.129 |       -5.3 |      -27.9 |    610 | core/div/remainder\[64\]$_SDFFE_PP0P_/D
    1350* |       1 |     127 |       33 |     11 |    70 |    +0.4% |   -0.129 |       -5.3 |      -27.9 |    610 | core/div/remainder\[64\]$_SDFFE_PP0P_/D
    1350* |       1 |     127 |       33 |     11 |    70 |    +0.4% |   -0.129 |       -5.3 |      -27.9 |    610 | core/div/remainder\[64\]$_SDFFE_PP0P_/D
    1351* |       1 |     127 |       33 |     11 |    70 |    +0.4% |   -0.129 |       -5.3 |      -27.9 |    610 | core/div/remainder\[64\]$_SDFFE_PP0P_/D
    1352* |       1 |     127 |       33 |     11 |    70 |    +0.4% |   -0.129 |       -5.3 |      -27.9 |    610 | core/div/remainder\[64\]$_SDFFE_PP0P_/D
    1353* |       1 |     127 |       33 |     11 |    70 |    +0.4% |   -0.129 |       -5.3 |      -27.9 |    610 | core/div/remainder\[64\]$_SDFFE_PP0P_/D
    1354* |       1 |     127 |       33 |     11 |    70 |    +0.4% |   -0.129 |       -5.3 |      -27.9 |    610 | core/div/remainder\[64\]$_SDFFE_PP0P_/D
    1357* |       1 |     127 |       33 |     11 |    70 |    +0.4% |   -0.129 |       -5.3 |      -27.9 |    610 | core/div/remainder\[64\]$_SDFFE_PP0P_/D
    1358* |       1 |     127 |       33 |     11 |    70 |    +0.4% |   -0.129 |       -5.3 |      -27.9 |    610 | core/div/remainder\[64\]$_SDFFE_PP0P_/D
    1359* |       1 |     127 |       33 |     11 |    70 |    +0.4% |   -0.129 |       -5.3 |      -27.9 |    610 | core/div/remainder\[64\]$_SDFFE_PP0P_/D
    1360* |       1 |     127 |       33 |     11 |    70 |    +0.4% |   -0.129 |       -5.3 |      -27.9 |    610 | core/div/remainder\[64\]$_SDFFE_PP0P_/D
    1360* |       1 |     127 |       33 |     11 |    70 |    +0.4% |   -0.129 |       -5.3 |      -27.9 |    610 | core/div/remainder\[64\]$_SDFFE_PP0P_/D
    1361* |       1 |     127 |       33 |     11 |    70 |    +0.4% |   -0.129 |       -5.3 |      -27.9 |    610 | core/div/remainder\[64\]$_SDFFE_PP0P_/D
    1364* |       1 |     127 |       33 |     11 |    70 |    +0.4% |   -0.129 |       -5.3 |      -27.9 |    610 | core/div/remainder\[64\]$_SDFFE_PP0P_/D
    1365* |       1 |     127 |       33 |     11 |    70 |    +0.4% |   -0.129 |       -5.3 |      -27.9 |    610 | core/div/remainder\[64\]$_SDFFE_PP0P_/D
    1366* |       1 |     127 |       33 |     11 |    70 |    +0.4% |   -0.129 |       -5.3 |      -27.9 |    610 | core/div/remainder\[64\]$_SDFFE_PP0P_/D
    1367* |       1 |     127 |       33 |     11 |    70 |    +0.4% |   -0.129 |       -5.3 |      -27.9 |    610 | core/div/remainder\[64\]$_SDFFE_PP0P_/D
    1368* |       1 |     127 |       33 |     11 |    70 |    +0.4% |   -0.129 |       -5.3 |      -27.9 |    610 | core/div/remainder\[64\]$_SDFFE_PP0P_/D
    1369* |       1 |     127 |       33 |     11 |    70 |    +0.4% |   -0.129 |       -5.3 |      -27.9 |    610 | core/div/remainder\[64\]$_SDFFE_PP0P_/D
    1370* |       1 |     127 |       33 |     11 |    70 |    +0.4% |   -0.129 |       -5.3 |      -27.9 |    610 | core/div/remainder\[64\]$_SDFFE_PP0P_/D
    1372* |       1 |     127 |       33 |     11 |    70 |    +0.4% |   -0.129 |       -5.3 |      -27.9 |    610 | core/div/remainder\[64\]$_SDFFE_PP0P_/D
    1373* |       1 |     127 |       33 |     11 |    70 |    +0.4% |   -0.129 |       -5.3 |      -27.9 |    610 | core/div/remainder\[64\]$_SDFFE_PP0P_/D
    1374* |       1 |     127 |       33 |     11 |    70 |    +0.4% |   -0.129 |       -5.3 |      -27.9 |    610 | core/div/remainder\[64\]$_SDFFE_PP0P_/D
    1376* |       1 |     128 |       33 |     11 |    70 |    +0.4% |   -0.129 |       -5.3 |      -27.9 |    610 | core/div/remainder\[64\]$_SDFFE_PP0P_/D
    1377* |       1 |     128 |       33 |     11 |    70 |    +0.4% |   -0.129 |       -5.3 |      -27.9 |    610 | core/div/remainder\[64\]$_SDFFE_PP0P_/D
    1378* |       1 |     128 |       33 |     11 |    70 |    +0.4% |   -0.129 |       -5.3 |      -27.9 |    610 | core/div/remainder\[64\]$_SDFFE_PP0P_/D
    1379* |       1 |     128 |       33 |     11 |    70 |    +0.4% |   -0.129 |       -5.3 |      -27.9 |    610 | core/div/remainder\[64\]$_SDFFE_PP0P_/D
    1380* |       1 |     128 |       33 |     11 |    70 |    +0.4% |   -0.129 |       -5.3 |      -27.9 |    610 | core/div/remainder\[64\]$_SDFFE_PP0P_/D
    1380* |       1 |     128 |       33 |     11 |    70 |    +0.4% |   -0.129 |       -5.3 |      -27.9 |    610 | core/div/remainder\[64\]$_SDFFE_PP0P_/D
    1381* |       1 |     128 |       33 |     11 |    70 |    +0.4% |   -0.129 |       -5.3 |      -27.9 |    610 | core/div/remainder\[64\]$_SDFFE_PP0P_/D
    1387* |       1 |     133 |       33 |     11 |    70 |    +0.4% |   -0.129 |       -5.3 |      -23.8 |    610 | core/div/remainder\[64\]$_SDFFE_PP0P_/D
    1388* |       1 |     133 |       33 |     11 |    70 |    +0.4% |   -0.129 |       -5.3 |      -23.8 |    610 | core/div/remainder\[64\]$_SDFFE_PP0P_/D
    1390* |       1 |     133 |       35 |     11 |    70 |    +0.4% |   -0.129 |       -5.3 |      -23.8 |    610 | core/div/remainder\[64\]$_SDFFE_PP0P_/D
    1400* |       1 |     140 |       37 |     11 |    71 |    +0.4% |   -0.132 |       -5.3 |      -23.8 |    610 | core/div/remainder\[64\]$_SDFFE_PP0P_/D
    1410* |       1 |     147 |       38 |     11 |    73 |    +0.4% |   -0.132 |       -5.3 |      -23.8 |    610 | core/div/remainder\[64\]$_SDFFE_PP0P_/D
    1417* |       1 |     133 |       33 |     11 |    70 |    +0.4% |   -0.129 |       -5.3 |      -23.8 |    610 | core/div/remainder\[64\]$_SDFFE_PP0P_/D
    1418* |       1 |     133 |       33 |     11 |    70 |    +0.4% |   -0.129 |       -5.3 |      -23.8 |    610 | core/div/remainder\[64\]$_SDFFE_PP0P_/D
    1419* |       1 |     133 |       33 |     11 |    70 |    +0.4% |   -0.129 |       -5.3 |      -23.8 |    610 | core/div/remainder\[64\]$_SDFFE_PP0P_/D
    1420* |       1 |     133 |       33 |     11 |    70 |    +0.4% |   -0.129 |       -5.3 |      -23.8 |    610 | core/div/remainder\[64\]$_SDFFE_PP0P_/D
    1430* |       1 |     143 |       33 |     11 |    70 |    +0.4% |   -0.129 |       -5.3 |      -23.7 |    610 | core/div/remainder\[64\]$_SDFFE_PP0P_/D
    1438* |       1 |     150 |       33 |     11 |    71 |    +0.4% |   -0.129 |       -5.4 |      -25.3 |    610 | core/div/remainder\[64\]$_SDFFE_PP0P_/D
    1440* |       1 |     151 |       33 |     11 |    71 |    +0.4% |   -0.129 |       -5.4 |      -24.8 |    610 | core/div/remainder\[64\]$_SDFFE_PP0P_/D
    1446* |       2 |     154 |       33 |     11 |    71 |    +0.4% |   -0.129 |       -5.3 |      -23.4 |    610 | core/div/remainder\[64\]$_SDFFE_PP0P_/D
    1449* |       2 |     154 |       33 |     11 |    71 |    +0.4% |   -0.129 |       -5.3 |      -23.4 |    610 | core/div/remainder\[64\]$_SDFFE_PP0P_/D
    1450* |       2 |     154 |       33 |     11 |    71 |    +0.4% |   -0.129 |       -5.3 |      -23.4 |    610 | core/div/remainder\[64\]$_SDFFE_PP0P_/D
    1452* |       2 |     154 |       33 |     11 |    71 |    +0.4% |   -0.129 |       -5.3 |      -23.4 |    610 | core/div/remainder\[64\]$_SDFFE_PP0P_/D
    1458* |       3 |     158 |       33 |     11 |    71 |    +0.4% |   -0.129 |       -5.4 |      -23.7 |    610 | core/div/remainder\[64\]$_SDFFE_PP0P_/D
    1459* |       3 |     158 |       33 |     11 |    71 |    +0.4% |   -0.129 |       -5.4 |      -23.7 |    610 | core/div/remainder\[64\]$_SDFFE_PP0P_/D
    1460* |       3 |     158 |       33 |     11 |    71 |    +0.4% |   -0.129 |       -5.4 |      -23.7 |    610 | core/div/remainder\[64\]$_SDFFE_PP0P_/D
    1460* |       3 |     158 |       33 |     11 |    71 |    +0.4% |   -0.129 |       -5.4 |      -23.7 |    610 | core/div/remainder\[64\]$_SDFFE_PP0P_/D
    1461* |       3 |     158 |       33 |     11 |    71 |    +0.4% |   -0.129 |       -5.4 |      -23.7 |    610 | core/div/remainder\[64\]$_SDFFE_PP0P_/D
    1462* |       3 |     158 |       33 |     11 |    71 |    +0.4% |   -0.129 |       -5.4 |      -23.7 |    610 | core/div/remainder\[64\]$_SDFFE_PP0P_/D
    1463* |       3 |     158 |       33 |     11 |    71 |    +0.4% |   -0.129 |       -5.4 |      -23.7 |    610 | core/div/remainder\[64\]$_SDFFE_PP0P_/D
    1464* |       3 |     158 |       33 |     11 |    71 |    +0.4% |   -0.129 |       -5.4 |      -23.7 |    610 | core/div/remainder\[64\]$_SDFFE_PP0P_/D
    1465* |       3 |     158 |       33 |     11 |    71 |    +0.4% |   -0.129 |       -5.4 |      -23.7 |    610 | core/div/remainder\[64\]$_SDFFE_PP0P_/D
    1466* |       3 |     158 |       33 |     11 |    71 |    +0.4% |   -0.129 |       -5.4 |      -23.7 |    610 | core/div/remainder\[64\]$_SDFFE_PP0P_/D
    1467* |       3 |     158 |       33 |     11 |    71 |    +0.4% |   -0.129 |       -5.4 |      -23.7 |    610 | core/div/remainder\[64\]$_SDFFE_PP0P_/D
    1468* |       3 |     158 |       33 |     11 |    71 |    +0.4% |   -0.129 |       -5.4 |      -23.7 |    610 | core/div/remainder\[64\]$_SDFFE_PP0P_/D
    1470* |       3 |     159 |       33 |     11 |    71 |    +0.4% |   -0.129 |       -5.4 |      -23.7 |    610 | core/div/remainder\[64\]$_SDFFE_PP0P_/D
    1479* |       3 |     163 |       35 |     11 |    74 |    +0.4% |   -0.129 |       -5.3 |      -23.4 |    610 | core/div/remainder\[64\]$_SDFFE_PP0P_/D
    1480* |       3 |     163 |       35 |     11 |    74 |    +0.4% |   -0.129 |       -5.3 |      -23.4 |    610 | core/div/remainder\[64\]$_SDFFE_PP0P_/D
    1490* |       3 |     169 |       40 |     11 |    75 |    +0.4% |   -0.138 |       -5.4 |      -23.4 |    610 | core/div/remainder\[64\]$_SDFFE_PP0P_/D
    1500* |       3 |     176 |       43 |     11 |    75 |    +0.5% |   -0.138 |       -5.5 |      -23.5 |    610 | core/div/remainder\[64\]$_SDFFE_PP0P_/D
    1510* |       3 |     184 |       45 |     11 |    75 |    +0.5% |   -0.138 |       -5.5 |      -23.5 |    610 | core/div/remainder\[64\]$_SDFFE_PP0P_/D
    1515* |       3 |     163 |       35 |     11 |    74 |    +0.4% |   -0.129 |       -5.3 |      -23.4 |    610 | core/div/remainder\[64\]$_SDFFE_PP0P_/D
    1520* |       3 |     167 |       35 |     11 |    74 |    +0.4% |   -0.129 |       -5.4 |      -24.5 |    610 | core/div/remainder\[64\]$_SDFFE_PP0P_/D
    1530* |       3 |     177 |       35 |     11 |    74 |    +0.5% |   -0.129 |       -5.4 |      -24.5 |    610 | core/div/remainder\[64\]$_SDFFE_PP0P_/D
    1540* |       3 |     182 |       39 |     11 |    76 |    +0.5% |   -0.129 |       -5.4 |      -24.5 |    610 | core/div/remainder\[64\]$_SDFFE_PP0P_/D
    1547* |       3 |     187 |       39 |     11 |    78 |    +0.5% |   -0.129 |       -5.4 |      -24.5 |    610 | core/div/remainder\[64\]$_SDFFE_PP0P_/D
    1550* |       3 |     189 |       39 |     11 |    78 |    +0.5% |   -0.129 |       -5.4 |      -24.5 |    610 | core/div/remainder\[64\]$_SDFFE_PP0P_/D
    1554* |       3 |     193 |       39 |     11 |    78 |    +0.5% |   -0.129 |       -5.3 |      -24.4 |    610 | core/div/remainder\[64\]$_SDFFE_PP0P_/D
    1560* |       3 |     197 |       40 |     11 |    78 |    +0.5% |   -0.129 |       -5.3 |      -23.3 |    610 | core/div/remainder\[64\]$_SDFFE_PP0P_/D
    1560* |       3 |     197 |       40 |     11 |    78 |    +0.5% |   -0.129 |       -5.3 |      -23.3 |    610 | core/div/remainder\[64\]$_SDFFE_PP0P_/D
    1564* |       3 |     200 |       40 |     11 |    78 |    +0.5% |   -0.129 |       -5.3 |      -23.3 |    610 | core/div/remainder\[64\]$_SDFFE_PP0P_/D
    1565* |       3 |     200 |       40 |     11 |    78 |    +0.5% |   -0.129 |       -5.3 |      -23.3 |    610 | core/div/remainder\[64\]$_SDFFE_PP0P_/D
    1569* |       3 |     203 |       40 |     11 |    78 |    +0.5% |   -0.129 |       -5.3 |      -23.2 |    610 | core/div/remainder\[64\]$_SDFFE_PP0P_/D
    1570* |       3 |     203 |       40 |     11 |    78 |    +0.5% |   -0.129 |       -5.3 |      -23.2 |    610 | core/div/remainder\[64\]$_SDFFE_PP0P_/D
    1571* |       3 |     204 |       40 |     11 |    78 |    +0.5% |   -0.129 |       -5.3 |      -23.1 |    610 | core/div/remainder\[64\]$_SDFFE_PP0P_/D
    1575* |       3 |     207 |       40 |     11 |    78 |    +0.5% |   -0.129 |       -5.3 |      -23.1 |    610 | core/div/remainder\[64\]$_SDFFE_PP0P_/D
    1579* |       3 |     210 |       40 |     11 |    78 |    +0.5% |   -0.129 |       -5.3 |      -23.8 |    610 | core/div/remainder\[64\]$_SDFFE_PP0P_/D
    1580* |       3 |     210 |       40 |     11 |    78 |    +0.5% |   -0.129 |       -5.3 |      -23.8 |    610 | core/div/remainder\[64\]$_SDFFE_PP0P_/D
    1581* |       3 |     211 |       40 |     11 |    78 |    +0.5% |   -0.129 |       -5.3 |      -23.8 |    610 | core/div/remainder\[64\]$_SDFFE_PP0P_/D
    1585* |       4 |     213 |       40 |     11 |    78 |    +0.5% |   -0.129 |       -5.3 |      -23.8 |    610 | core/div/remainder\[64\]$_SDFFE_PP0P_/D
    1589* |       4 |     216 |       40 |     11 |    78 |    +0.5% |   -0.129 |       -5.3 |      -23.8 |    610 | core/div/remainder\[64\]$_SDFFE_PP0P_/D
    1590* |       4 |     216 |       40 |     11 |    78 |    +0.5% |   -0.129 |       -5.3 |      -23.8 |    610 | core/div/remainder\[64\]$_SDFFE_PP0P_/D
    1591* |       4 |     217 |       40 |     11 |    78 |    +0.5% |   -0.129 |       -5.3 |      -23.8 |    610 | core/div/remainder\[64\]$_SDFFE_PP0P_/D
    1592* |       4 |     217 |       40 |     11 |    78 |    +0.5% |   -0.129 |       -5.3 |      -23.8 |    610 | core/div/remainder\[64\]$_SDFFE_PP0P_/D
    1593* |       4 |     217 |       40 |     11 |    78 |    +0.5% |   -0.129 |       -5.3 |      -23.8 |    610 | core/div/remainder\[64\]$_SDFFE_PP0P_/D
    1594* |       4 |     217 |       40 |     11 |    78 |    +0.5% |   -0.129 |       -5.3 |      -23.8 |    610 | core/div/remainder\[64\]$_SDFFE_PP0P_/D
    1600* |       4 |     221 |       40 |     11 |    79 |    +0.5% |   -0.129 |       -5.3 |      -23.7 |    610 | core/div/remainder\[64\]$_SDFFE_PP0P_/D
    1600* |       4 |     221 |       40 |     11 |    79 |    +0.5% |   -0.129 |       -5.3 |      -23.7 |    610 | core/div/remainder\[64\]$_SDFFE_PP0P_/D
    1601* |       4 |     221 |       40 |     11 |    79 |    +0.5% |   -0.129 |       -5.3 |      -23.7 |    610 | core/div/remainder\[64\]$_SDFFE_PP0P_/D
    1602* |       4 |     221 |       40 |     11 |    79 |    +0.5% |   -0.129 |       -5.3 |      -23.7 |    610 | core/div/remainder\[64\]$_SDFFE_PP0P_/D
    1603* |       4 |     221 |       40 |     11 |    79 |    +0.5% |   -0.129 |       -5.3 |      -23.7 |    610 | core/div/remainder\[64\]$_SDFFE_PP0P_/D
    1604* |       4 |     221 |       40 |     11 |    79 |    +0.5% |   -0.129 |       -5.3 |      -23.7 |    610 | core/div/remainder\[64\]$_SDFFE_PP0P_/D
    1605* |       4 |     221 |       40 |     11 |    79 |    +0.5% |   -0.129 |       -5.3 |      -23.7 |    610 | core/div/remainder\[64\]$_SDFFE_PP0P_/D
    1606* |       4 |     221 |       40 |     11 |    79 |    +0.5% |   -0.129 |       -5.3 |      -23.7 |    610 | core/div/remainder\[64\]$_SDFFE_PP0P_/D
    1607* |       4 |     221 |       40 |     11 |    79 |    +0.5% |   -0.129 |       -5.3 |      -23.7 |    610 | core/div/remainder\[64\]$_SDFFE_PP0P_/D
    1608* |       4 |     221 |       40 |     11 |    79 |    +0.5% |   -0.129 |       -5.3 |      -23.7 |    610 | core/div/remainder\[64\]$_SDFFE_PP0P_/D
    1609* |       4 |     221 |       40 |     11 |    79 |    +0.5% |   -0.129 |       -5.3 |      -23.7 |    610 | core/div/remainder\[64\]$_SDFFE_PP0P_/D
    1610* |       4 |     221 |       40 |     11 |    79 |    +0.5% |   -0.129 |       -5.3 |      -23.7 |    610 | core/div/remainder\[64\]$_SDFFE_PP0P_/D
    1610* |       4 |     221 |       40 |     11 |    79 |    +0.5% |   -0.129 |       -5.3 |      -23.7 |    610 | core/div/remainder\[64\]$_SDFFE_PP0P_/D
    1611* |       4 |     221 |       40 |     11 |    79 |    +0.5% |   -0.129 |       -5.3 |      -23.7 |    610 | core/div/remainder\[64\]$_SDFFE_PP0P_/D
    1612* |       4 |     221 |       40 |     11 |    79 |    +0.5% |   -0.129 |       -5.3 |      -23.7 |    610 | core/div/remainder\[64\]$_SDFFE_PP0P_/D
    1613* |       4 |     221 |       40 |     11 |    79 |    +0.5% |   -0.129 |       -5.3 |      -23.7 |    610 | core/div/remainder\[64\]$_SDFFE_PP0P_/D
    1614* |       4 |     221 |       40 |     11 |    79 |    +0.5% |   -0.129 |       -5.3 |      -23.7 |    610 | core/div/remainder\[64\]$_SDFFE_PP0P_/D
    1615* |       4 |     221 |       40 |     11 |    79 |    +0.5% |   -0.129 |       -5.3 |      -23.7 |    610 | core/div/remainder\[64\]$_SDFFE_PP0P_/D
    1616* |       4 |     221 |       40 |     11 |    79 |    +0.5% |   -0.129 |       -5.3 |      -23.7 |    610 | core/div/remainder\[64\]$_SDFFE_PP0P_/D
    1617* |       4 |     221 |       40 |     11 |    79 |    +0.5% |   -0.129 |       -5.3 |      -23.7 |    610 | core/div/remainder\[64\]$_SDFFE_PP0P_/D
    1618* |       4 |     221 |       40 |     11 |    79 |    +0.5% |   -0.129 |       -5.3 |      -23.7 |    610 | core/div/remainder\[64\]$_SDFFE_PP0P_/D
    1619* |       4 |     221 |       40 |     11 |    79 |    +0.5% |   -0.129 |       -5.3 |      -23.7 |    610 | core/div/remainder\[64\]$_SDFFE_PP0P_/D
    1620* |       4 |     221 |       40 |     11 |    79 |    +0.5% |   -0.129 |       -5.3 |      -23.7 |    610 | core/div/remainder\[64\]$_SDFFE_PP0P_/D
    1620* |       4 |     221 |       40 |     11 |    79 |    +0.5% |   -0.129 |       -5.3 |      -23.7 |    610 | core/div/remainder\[64\]$_SDFFE_PP0P_/D
    1621* |       4 |     221 |       40 |     11 |    79 |    +0.5% |   -0.129 |       -5.3 |      -23.7 |    610 | core/div/remainder\[64\]$_SDFFE_PP0P_/D
    1622* |       4 |     221 |       40 |     11 |    79 |    +0.5% |   -0.129 |       -5.3 |      -23.7 |    610 | core/div/remainder\[64\]$_SDFFE_PP0P_/D
    1623* |       4 |     221 |       40 |     11 |    79 |    +0.5% |   -0.129 |       -5.3 |      -23.7 |    610 | core/div/remainder\[64\]$_SDFFE_PP0P_/D
    1624* |       4 |     221 |       40 |     11 |    79 |    +0.5% |   -0.129 |       -5.3 |      -23.7 |    610 | core/div/remainder\[64\]$_SDFFE_PP0P_/D
    1625* |       4 |     221 |       40 |     11 |    79 |    +0.5% |   -0.129 |       -5.3 |      -23.7 |    610 | core/div/remainder\[64\]$_SDFFE_PP0P_/D
    1627* |       4 |     222 |       40 |     11 |    79 |    +0.5% |   -0.129 |       -5.3 |      -23.7 |    610 | core/div/remainder\[64\]$_SDFFE_PP0P_/D
    1628* |       4 |     222 |       40 |     11 |    79 |    +0.5% |   -0.129 |       -5.3 |      -23.7 |    610 | core/div/remainder\[64\]$_SDFFE_PP0P_/D
    1630* |       4 |     223 |       40 |     11 |    79 |    +0.5% |   -0.129 |       -5.2 |      -23.3 |    610 | core/div/remainder\[64\]$_SDFFE_PP0P_/D
    1631* |       4 |     224 |       40 |     11 |    79 |    +0.6% |   -0.129 |       -5.2 |      -23.3 |    610 | core/div/remainder\[64\]$_SDFFE_PP0P_/D
    1633* |       4 |     225 |       40 |     11 |    79 |    +0.6% |   -0.129 |       -5.2 |      -23.3 |    610 | core/div/remainder\[64\]$_SDFFE_PP0P_/D
    1635* |       4 |     226 |       40 |     11 |    79 |    +0.6% |   -0.129 |       -5.2 |      -23.3 |    610 | core/div/remainder\[64\]$_SDFFE_PP0P_/D
    1636* |       4 |     226 |       40 |     11 |    79 |    +0.6% |   -0.129 |       -5.2 |      -23.3 |    610 | core/div/remainder\[64\]$_SDFFE_PP0P_/D
    1637* |       4 |     226 |       40 |     11 |    79 |    +0.6% |   -0.129 |       -5.2 |      -23.3 |    610 | core/div/remainder\[64\]$_SDFFE_PP0P_/D
    1638* |       4 |     226 |       40 |     11 |    79 |    +0.6% |   -0.129 |       -5.2 |      -23.3 |    610 | core/div/remainder\[64\]$_SDFFE_PP0P_/D
    1639* |       4 |     226 |       40 |     11 |    79 |    +0.6% |   -0.129 |       -5.2 |      -23.3 |    610 | core/div/remainder\[64\]$_SDFFE_PP0P_/D
    1640* |       4 |     226 |       40 |     11 |    79 |    +0.6% |   -0.129 |       -5.2 |      -23.3 |    610 | core/div/remainder\[64\]$_SDFFE_PP0P_/D
    1640* |       4 |     226 |       40 |     11 |    79 |    +0.6% |   -0.129 |       -5.2 |      -23.3 |    610 | core/div/remainder\[64\]$_SDFFE_PP0P_/D
    1641* |       4 |     226 |       40 |     11 |    79 |    +0.6% |   -0.129 |       -5.2 |      -23.3 |    610 | core/div/remainder\[64\]$_SDFFE_PP0P_/D
    1643* |       4 |     226 |       40 |     11 |    80 |    +0.6% |   -0.129 |       -5.2 |      -23.3 |    610 | core/div/remainder\[64\]$_SDFFE_PP0P_/D
    1644* |       4 |     226 |       40 |     11 |    80 |    +0.6% |   -0.129 |       -5.2 |      -23.3 |    610 | core/div/remainder\[64\]$_SDFFE_PP0P_/D
    1646* |       4 |     227 |       40 |     11 |    80 |    +0.6% |   -0.129 |       -5.2 |      -23.3 |    610 | core/div/remainder\[64\]$_SDFFE_PP0P_/D
    1647* |       4 |     227 |       40 |     11 |    80 |    +0.6% |   -0.129 |       -5.2 |      -23.3 |    610 | core/div/remainder\[64\]$_SDFFE_PP0P_/D
    1648* |       4 |     227 |       40 |     11 |    80 |    +0.6% |   -0.129 |       -5.2 |      -23.3 |    610 | core/div/remainder\[64\]$_SDFFE_PP0P_/D
    1649* |       4 |     227 |       40 |     11 |    80 |    +0.6% |   -0.129 |       -5.2 |      -23.3 |    610 | core/div/remainder\[64\]$_SDFFE_PP0P_/D
    1650* |       4 |     227 |       40 |     11 |    80 |    +0.6% |   -0.129 |       -5.2 |      -23.3 |    610 | core/div/remainder\[64\]$_SDFFE_PP0P_/D
    1650* |       4 |     227 |       40 |     11 |    80 |    +0.6% |   -0.129 |       -5.2 |      -23.3 |    610 | core/div/remainder\[64\]$_SDFFE_PP0P_/D
    1651* |       4 |     227 |       40 |     11 |    80 |    +0.6% |   -0.129 |       -5.2 |      -23.3 |    610 | core/div/remainder\[64\]$_SDFFE_PP0P_/D
    1652* |       4 |     227 |       40 |     11 |    80 |    +0.6% |   -0.129 |       -5.2 |      -23.3 |    610 | core/div/remainder\[64\]$_SDFFE_PP0P_/D
    1654* |       4 |     228 |       40 |     11 |    80 |    +0.6% |   -0.129 |       -5.2 |      -23.3 |    610 | core/div/remainder\[64\]$_SDFFE_PP0P_/D
    1655* |       4 |     228 |       40 |     11 |    80 |    +0.6% |   -0.129 |       -5.2 |      -23.3 |    610 | core/div/remainder\[64\]$_SDFFE_PP0P_/D
    1656* |       4 |     228 |       40 |     11 |    80 |    +0.6% |   -0.129 |       -5.2 |      -23.3 |    610 | core/div/remainder\[64\]$_SDFFE_PP0P_/D
    1657* |       4 |     228 |       40 |     11 |    80 |    +0.6% |   -0.129 |       -5.2 |      -23.3 |    610 | core/div/remainder\[64\]$_SDFFE_PP0P_/D
    1658* |       4 |     228 |       40 |     11 |    80 |    +0.6% |   -0.129 |       -5.2 |      -23.3 |    610 | core/div/remainder\[64\]$_SDFFE_PP0P_/D
    1659* |       4 |     228 |       40 |     11 |    80 |    +0.6% |   -0.129 |       -5.2 |      -23.3 |    610 | core/div/remainder\[64\]$_SDFFE_PP0P_/D
    1660* |       4 |     228 |       40 |     11 |    80 |    +0.6% |   -0.129 |       -5.2 |      -23.3 |    610 | core/div/remainder\[64\]$_SDFFE_PP0P_/D
    1660* |       4 |     228 |       40 |     11 |    80 |    +0.6% |   -0.129 |       -5.2 |      -23.3 |    610 | core/div/remainder\[64\]$_SDFFE_PP0P_/D
    1661* |       4 |     228 |       40 |     11 |    80 |    +0.6% |   -0.129 |       -5.2 |      -23.3 |    610 | core/div/remainder\[64\]$_SDFFE_PP0P_/D
    1663* |       4 |     229 |       40 |     11 |    80 |    +0.6% |   -0.129 |       -5.2 |      -23.3 |    610 | core/div/remainder\[64\]$_SDFFE_PP0P_/D
    1664* |       4 |     229 |       40 |     11 |    80 |    +0.6% |   -0.129 |       -5.2 |      -23.3 |    610 | core/div/remainder\[64\]$_SDFFE_PP0P_/D
    1665* |       4 |     229 |       40 |     11 |    80 |    +0.6% |   -0.129 |       -5.2 |      -23.3 |    610 | core/div/remainder\[64\]$_SDFFE_PP0P_/D
    1666* |       4 |     229 |       40 |     11 |    80 |    +0.6% |   -0.129 |       -5.2 |      -23.3 |    610 | core/div/remainder\[64\]$_SDFFE_PP0P_/D
    1667* |       4 |     229 |       40 |     11 |    80 |    +0.6% |   -0.129 |       -5.2 |      -23.3 |    610 | core/div/remainder\[64\]$_SDFFE_PP0P_/D
    1668* |       4 |     229 |       40 |     11 |    80 |    +0.6% |   -0.129 |       -5.2 |      -23.3 |    610 | core/div/remainder\[64\]$_SDFFE_PP0P_/D
    1669* |       4 |     229 |       40 |     11 |    80 |    +0.6% |   -0.129 |       -5.2 |      -23.3 |    610 | core/div/remainder\[64\]$_SDFFE_PP0P_/D
    1670* |       4 |     229 |       40 |     11 |    80 |    +0.6% |   -0.129 |       -5.2 |      -23.3 |    610 | core/div/remainder\[64\]$_SDFFE_PP0P_/D
    1670* |       4 |     229 |       40 |     11 |    80 |    +0.6% |   -0.129 |       -5.2 |      -23.3 |    610 | core/div/remainder\[64\]$_SDFFE_PP0P_/D
    1671* |       4 |     229 |       40 |     11 |    80 |    +0.6% |   -0.129 |       -5.2 |      -23.3 |    610 | core/div/remainder\[64\]$_SDFFE_PP0P_/D
    1672* |       4 |     229 |       40 |     11 |    80 |    +0.6% |   -0.129 |       -5.2 |      -23.3 |    610 | core/div/remainder\[64\]$_SDFFE_PP0P_/D
    1673* |       4 |     229 |       40 |     11 |    80 |    +0.6% |   -0.129 |       -5.2 |      -23.3 |    610 | core/div/remainder\[64\]$_SDFFE_PP0P_/D
    1674* |       4 |     229 |       40 |     11 |    80 |    +0.6% |   -0.129 |       -5.2 |      -23.3 |    610 | core/div/remainder\[64\]$_SDFFE_PP0P_/D
    1675* |       4 |     229 |       40 |     11 |    80 |    +0.6% |   -0.129 |       -5.2 |      -23.3 |    610 | core/div/remainder\[64\]$_SDFFE_PP0P_/D
    1676* |       4 |     229 |       40 |     11 |    80 |    +0.6% |   -0.129 |       -5.2 |      -23.3 |    610 | core/div/remainder\[64\]$_SDFFE_PP0P_/D
    1679* |       4 |     231 |       40 |     11 |    80 |    +0.6% |   -0.129 |       -5.2 |      -23.3 |    610 | core/div/remainder\[64\]$_SDFFE_PP0P_/D
    1680* |       4 |     231 |       40 |     11 |    80 |    +0.6% |   -0.129 |       -5.2 |      -23.3 |    610 | core/div/remainder\[64\]$_SDFFE_PP0P_/D
    1680* |       4 |     231 |       40 |     11 |    80 |    +0.6% |   -0.129 |       -5.2 |      -23.3 |    610 | core/div/remainder\[64\]$_SDFFE_PP0P_/D
    1681* |       4 |     231 |       40 |     11 |    80 |    +0.6% |   -0.129 |       -5.2 |      -23.3 |    610 | core/div/remainder\[64\]$_SDFFE_PP0P_/D
    1682* |       4 |     231 |       40 |     11 |    80 |    +0.6% |   -0.129 |       -5.2 |      -23.3 |    610 | core/div/remainder\[64\]$_SDFFE_PP0P_/D
    1683* |       4 |     231 |       40 |     11 |    80 |    +0.6% |   -0.129 |       -5.2 |      -23.3 |    610 | core/div/remainder\[64\]$_SDFFE_PP0P_/D
    1684* |       4 |     231 |       40 |     11 |    80 |    +0.6% |   -0.129 |       -5.2 |      -23.3 |    610 | core/div/remainder\[64\]$_SDFFE_PP0P_/D
    1685* |       4 |     231 |       40 |     11 |    80 |    +0.6% |   -0.129 |       -5.2 |      -23.3 |    610 | core/div/remainder\[64\]$_SDFFE_PP0P_/D
    1686* |       4 |     231 |       40 |     11 |    80 |    +0.6% |   -0.129 |       -5.2 |      -23.3 |    610 | core/div/remainder\[64\]$_SDFFE_PP0P_/D
    1687* |       4 |     231 |       40 |     11 |    80 |    +0.6% |   -0.129 |       -5.2 |      -23.3 |    610 | core/div/remainder\[64\]$_SDFFE_PP0P_/D
    1688* |       4 |     231 |       40 |     11 |    80 |    +0.6% |   -0.129 |       -5.2 |      -23.3 |    610 | core/div/remainder\[64\]$_SDFFE_PP0P_/D
    1689* |       4 |     231 |       40 |     11 |    80 |    +0.6% |   -0.129 |       -5.2 |      -23.3 |    610 | core/div/remainder\[64\]$_SDFFE_PP0P_/D
    1690* |       4 |     231 |       40 |     11 |    80 |    +0.6% |   -0.129 |       -5.2 |      -23.3 |    610 | core/div/remainder\[64\]$_SDFFE_PP0P_/D
    1690* |       4 |     231 |       40 |     11 |    80 |    +0.6% |   -0.129 |       -5.2 |      -23.3 |    610 | core/div/remainder\[64\]$_SDFFE_PP0P_/D
    1691* |       4 |     231 |       40 |     11 |    80 |    +0.6% |   -0.129 |       -5.2 |      -23.3 |    610 | core/div/remainder\[64\]$_SDFFE_PP0P_/D
    1692* |       4 |     231 |       40 |     11 |    80 |    +0.6% |   -0.129 |       -5.2 |      -23.3 |    610 | core/div/remainder\[64\]$_SDFFE_PP0P_/D
    1693* |       4 |     231 |       40 |     11 |    80 |    +0.6% |   -0.129 |       -5.2 |      -23.3 |    610 | core/div/remainder\[64\]$_SDFFE_PP0P_/D
    1694* |       4 |     231 |       40 |     11 |    80 |    +0.6% |   -0.129 |       -5.2 |      -23.3 |    610 | core/div/remainder\[64\]$_SDFFE_PP0P_/D
    1695* |       4 |     231 |       40 |     11 |    80 |    +0.6% |   -0.129 |       -5.2 |      -23.3 |    610 | core/div/remainder\[64\]$_SDFFE_PP0P_/D
    1696* |       4 |     231 |       40 |     11 |    80 |    +0.6% |   -0.129 |       -5.2 |      -23.3 |    610 | core/div/remainder\[64\]$_SDFFE_PP0P_/D
    1697* |       4 |     231 |       40 |     11 |    80 |    +0.6% |   -0.129 |       -5.2 |      -23.3 |    610 | core/div/remainder\[64\]$_SDFFE_PP0P_/D
    1698* |       4 |     231 |       40 |     11 |    80 |    +0.6% |   -0.129 |       -5.2 |      -23.3 |    610 | core/div/remainder\[64\]$_SDFFE_PP0P_/D
    1699* |       4 |     231 |       40 |     11 |    80 |    +0.6% |   -0.129 |       -5.2 |      -23.3 |    610 | core/div/remainder\[64\]$_SDFFE_PP0P_/D
    1700* |       4 |     231 |       40 |     11 |    80 |    +0.6% |   -0.129 |       -5.2 |      -23.3 |    610 | core/div/remainder\[64\]$_SDFFE_PP0P_/D
    1700* |       4 |     231 |       40 |     11 |    80 |    +0.6% |   -0.129 |       -5.2 |      -23.3 |    610 | core/div/remainder\[64\]$_SDFFE_PP0P_/D
    1701* |       4 |     231 |       40 |     11 |    80 |    +0.6% |   -0.129 |       -5.2 |      -23.3 |    610 | core/div/remainder\[64\]$_SDFFE_PP0P_/D
    1702* |       4 |     231 |       40 |     11 |    80 |    +0.6% |   -0.129 |       -5.2 |      -23.3 |    610 | core/div/remainder\[64\]$_SDFFE_PP0P_/D
    1703* |       4 |     231 |       40 |     11 |    80 |    +0.6% |   -0.129 |       -5.2 |      -23.3 |    610 | core/div/remainder\[64\]$_SDFFE_PP0P_/D
    1704* |       4 |     231 |       40 |     11 |    80 |    +0.6% |   -0.129 |       -5.2 |      -23.3 |    610 | core/div/remainder\[64\]$_SDFFE_PP0P_/D
    1705* |       4 |     231 |       40 |     11 |    80 |    +0.6% |   -0.129 |       -5.2 |      -23.3 |    610 | core/div/remainder\[64\]$_SDFFE_PP0P_/D
    1706* |       4 |     231 |       40 |     11 |    80 |    +0.6% |   -0.129 |       -5.2 |      -23.3 |    610 | core/div/remainder\[64\]$_SDFFE_PP0P_/D
    1707* |       4 |     231 |       40 |     11 |    80 |    +0.6% |   -0.129 |       -5.2 |      -23.3 |    610 | core/div/remainder\[64\]$_SDFFE_PP0P_/D
    1708* |       4 |     231 |       40 |     11 |    80 |    +0.6% |   -0.129 |       -5.2 |      -23.3 |    610 | core/div/remainder\[64\]$_SDFFE_PP0P_/D
    1709* |       4 |     231 |       40 |     11 |    80 |    +0.6% |   -0.129 |       -5.2 |      -23.3 |    610 | core/div/remainder\[64\]$_SDFFE_PP0P_/D
    1710* |       4 |     231 |       40 |     11 |    80 |    +0.6% |   -0.129 |       -5.2 |      -23.3 |    610 | core/div/remainder\[64\]$_SDFFE_PP0P_/D
    1710* |       4 |     231 |       40 |     11 |    80 |    +0.6% |   -0.129 |       -5.2 |      -23.3 |    610 | core/div/remainder\[64\]$_SDFFE_PP0P_/D
    1711* |       4 |     231 |       40 |     11 |    80 |    +0.6% |   -0.129 |       -5.2 |      -23.3 |    610 | core/div/remainder\[64\]$_SDFFE_PP0P_/D
    1712* |       4 |     231 |       40 |     11 |    80 |    +0.6% |   -0.129 |       -5.2 |      -23.3 |    610 | core/div/remainder\[64\]$_SDFFE_PP0P_/D
    1713* |       4 |     231 |       40 |     11 |    80 |    +0.6% |   -0.129 |       -5.2 |      -23.3 |    610 | core/div/remainder\[64\]$_SDFFE_PP0P_/D
    1714* |       4 |     231 |       40 |     11 |    80 |    +0.6% |   -0.129 |       -5.2 |      -23.3 |    610 | core/div/remainder\[64\]$_SDFFE_PP0P_/D
    1715* |       4 |     231 |       40 |     11 |    80 |    +0.6% |   -0.129 |       -5.2 |      -23.3 |    610 | core/div/remainder\[64\]$_SDFFE_PP0P_/D
    1716* |       4 |     231 |       40 |     11 |    80 |    +0.6% |   -0.129 |       -5.2 |      -23.3 |    610 | core/div/remainder\[64\]$_SDFFE_PP0P_/D
    1717* |       4 |     231 |       40 |     11 |    80 |    +0.6% |   -0.129 |       -5.2 |      -23.3 |    610 | core/div/remainder\[64\]$_SDFFE_PP0P_/D
    1718* |       4 |     231 |       40 |     11 |    80 |    +0.6% |   -0.129 |       -5.2 |      -23.3 |    610 | core/div/remainder\[64\]$_SDFFE_PP0P_/D
    1719* |       4 |     231 |       40 |     11 |    80 |    +0.6% |   -0.129 |       -5.2 |      -23.3 |    610 | core/div/remainder\[64\]$_SDFFE_PP0P_/D
    1720* |       4 |     231 |       40 |     11 |    80 |    +0.6% |   -0.129 |       -5.2 |      -23.3 |    610 | core/div/remainder\[64\]$_SDFFE_PP0P_/D
    1720* |       4 |     231 |       40 |     11 |    80 |    +0.6% |   -0.129 |       -5.2 |      -23.3 |    610 | core/div/remainder\[64\]$_SDFFE_PP0P_/D
    1721* |       4 |     231 |       40 |     11 |    80 |    +0.6% |   -0.129 |       -5.2 |      -23.3 |    610 | core/div/remainder\[64\]$_SDFFE_PP0P_/D
    1722* |       4 |     231 |       40 |     11 |    80 |    +0.6% |   -0.129 |       -5.2 |      -23.3 |    610 | core/div/remainder\[64\]$_SDFFE_PP0P_/D
    1723* |       4 |     231 |       40 |     11 |    80 |    +0.6% |   -0.129 |       -5.2 |      -23.3 |    610 | core/div/remainder\[64\]$_SDFFE_PP0P_/D
    1724* |       4 |     231 |       40 |     11 |    80 |    +0.6% |   -0.129 |       -5.2 |      -23.3 |    610 | core/div/remainder\[64\]$_SDFFE_PP0P_/D
    1725* |       4 |     231 |       40 |     11 |    80 |    +0.6% |   -0.129 |       -5.2 |      -23.3 |    610 | core/div/remainder\[64\]$_SDFFE_PP0P_/D
    1726* |       4 |     231 |       40 |     11 |    80 |    +0.6% |   -0.129 |       -5.2 |      -23.3 |    610 | core/div/remainder\[64\]$_SDFFE_PP0P_/D
    1727* |       4 |     231 |       40 |     11 |    80 |    +0.6% |   -0.129 |       -5.2 |      -23.3 |    610 | core/div/remainder\[64\]$_SDFFE_PP0P_/D
    1728* |       4 |     231 |       40 |     11 |    80 |    +0.6% |   -0.129 |       -5.2 |      -23.3 |    610 | core/div/remainder\[64\]$_SDFFE_PP0P_/D
    1730* |       4 |     231 |       41 |     11 |    80 |    +0.6% |   -0.129 |       -5.1 |      -22.5 |    610 | core/div/remainder\[64\]$_SDFFE_PP0P_/D
    1740* |       4 |     237 |       44 |     11 |    83 |    +0.6% |   -0.129 |       -5.1 |      -21.7 |    610 | core/div/remainder\[64\]$_SDFFE_PP0P_/D
    1750* |       4 |     242 |       47 |     13 |    84 |    +0.6% |   -0.129 |       -5.1 |      -22.5 |    610 | core/div/remainder\[64\]$_SDFFE_PP0P_/D
    1755* |       4 |     238 |       44 |     12 |    84 |    +0.6% |   -0.129 |       -5.1 |      -21.7 |    610 | core/div/remainder\[64\]$_SDFFE_PP0P_/D
    1756* |       4 |     238 |       44 |     12 |    84 |    +0.6% |   -0.129 |       -5.1 |      -21.7 |    610 | core/div/remainder\[64\]$_SDFFE_PP0P_/D
    1757* |       4 |     238 |       44 |     12 |    84 |    +0.6% |   -0.129 |       -5.1 |      -21.7 |    610 | core/div/remainder\[64\]$_SDFFE_PP0P_/D
    1758* |       4 |     238 |       44 |     12 |    84 |    +0.6% |   -0.129 |       -5.1 |      -21.7 |    610 | core/div/remainder\[64\]$_SDFFE_PP0P_/D
    1759* |       4 |     238 |       44 |     12 |    84 |    +0.6% |   -0.129 |       -5.1 |      -21.7 |    610 | core/div/remainder\[64\]$_SDFFE_PP0P_/D
    1760* |       4 |     238 |       44 |     12 |    84 |    +0.6% |   -0.129 |       -5.1 |      -21.7 |    610 | core/div/remainder\[64\]$_SDFFE_PP0P_/D
    1760* |       4 |     238 |       44 |     12 |    84 |    +0.6% |   -0.129 |       -5.1 |      -21.7 |    610 | core/div/remainder\[64\]$_SDFFE_PP0P_/D
    1761* |       4 |     238 |       44 |     12 |    84 |    +0.6% |   -0.129 |       -5.1 |      -21.7 |    610 | core/div/remainder\[64\]$_SDFFE_PP0P_/D
    1762* |       4 |     238 |       44 |     12 |    84 |    +0.6% |   -0.129 |       -5.1 |      -21.7 |    610 | core/div/remainder\[64\]$_SDFFE_PP0P_/D
    1763* |       4 |     238 |       44 |     12 |    84 |    +0.6% |   -0.129 |       -5.1 |      -21.7 |    610 | core/div/remainder\[64\]$_SDFFE_PP0P_/D
    1764* |       4 |     238 |       44 |     12 |    84 |    +0.6% |   -0.129 |       -5.1 |      -21.7 |    610 | core/div/remainder\[64\]$_SDFFE_PP0P_/D
    1765* |       4 |     238 |       44 |     12 |    84 |    +0.6% |   -0.129 |       -5.1 |      -21.7 |    610 | core/div/remainder\[64\]$_SDFFE_PP0P_/D
    1766* |       4 |     238 |       44 |     12 |    84 |    +0.6% |   -0.129 |       -5.1 |      -21.7 |    610 | core/div/remainder\[64\]$_SDFFE_PP0P_/D
    1767* |       4 |     238 |       44 |     12 |    84 |    +0.6% |   -0.129 |       -5.1 |      -21.7 |    610 | core/div/remainder\[64\]$_SDFFE_PP0P_/D
    1768* |       4 |     238 |       44 |     12 |    84 |    +0.6% |   -0.129 |       -5.1 |      -21.7 |    610 | core/div/remainder\[64\]$_SDFFE_PP0P_/D
    1770* |       4 |     238 |       46 |     12 |    84 |    +0.6% |   -0.129 |       -5.1 |      -21.8 |    610 | core/div/remainder\[64\]$_SDFFE_PP0P_/D
    1780* |       4 |     245 |       47 |     14 |    84 |    +0.6% |   -0.129 |       -5.1 |      -22.5 |    610 | core/div/remainder\[64\]$_SDFFE_PP0P_/D
    1780* |       4 |     238 |       44 |     12 |    84 |    +0.6% |   -0.129 |       -5.1 |      -21.7 |    610 | core/div/remainder\[64\]$_SDFFE_PP0P_/D
    1781* |       4 |     238 |       44 |     12 |    84 |    +0.6% |   -0.129 |       -5.1 |      -21.7 |    610 | core/div/remainder\[64\]$_SDFFE_PP0P_/D
    1782* |       4 |     238 |       44 |     12 |    84 |    +0.6% |   -0.129 |       -5.1 |      -21.7 |    610 | core/div/remainder\[64\]$_SDFFE_PP0P_/D
    1790* |       4 |     243 |       44 |     12 |    86 |    +0.6% |   -0.130 |       -5.1 |      -21.6 |    610 | core/div/remainder\[64\]$_SDFFE_PP0P_/D
    1800* |       4 |     248 |       48 |     13 |    86 |    +0.6% |   -0.154 |       -5.2 |      -22.5 |    610 | core/div/remainder\[64\]$_SDFFE_PP0P_/D
    1810* |       4 |     254 |       51 |     14 |    86 |    +0.6% |   -0.141 |       -5.1 |      -22.3 |    610 | core/div/remainder\[64\]$_SDFFE_PP0P_/D
    1817* |       4 |     240 |       44 |     12 |    85 |    +0.6% |   -0.129 |       -5.1 |      -21.7 |    610 | core/div/remainder\[64\]$_SDFFE_PP0P_/D
    1818* |       4 |     240 |       44 |     12 |    85 |    +0.6% |   -0.129 |       -5.1 |      -21.7 |    610 | core/div/remainder\[64\]$_SDFFE_PP0P_/D
    1819* |       4 |     240 |       44 |     12 |    85 |    +0.6% |   -0.129 |       -5.1 |      -21.7 |    610 | core/div/remainder\[64\]$_SDFFE_PP0P_/D
    1820* |       4 |     240 |       44 |     12 |    85 |    +0.6% |   -0.129 |       -5.1 |      -21.7 |    610 | core/div/remainder\[64\]$_SDFFE_PP0P_/D
    1830* |       4 |     246 |       47 |     14 |    85 |    +0.6% |   -0.129 |       -5.1 |      -22.7 |    610 | core/div/remainder\[64\]$_SDFFE_PP0P_/D
    1831* |       4 |     240 |       44 |     12 |    85 |    +0.6% |   -0.129 |       -5.1 |      -21.7 |    610 | core/div/remainder\[64\]$_SDFFE_PP0P_/D
    1832* |       4 |     240 |       44 |     12 |    85 |    +0.6% |   -0.129 |       -5.1 |      -21.7 |    610 | core/div/remainder\[64\]$_SDFFE_PP0P_/D
    1833* |       4 |     240 |       44 |     12 |    85 |    +0.6% |   -0.129 |       -5.1 |      -21.7 |    610 | core/div/remainder\[64\]$_SDFFE_PP0P_/D
    1840* |       4 |     244 |       47 |     12 |    85 |    +0.6% |   -0.129 |       -5.1 |      -22.5 |    610 | core/div/remainder\[64\]$_SDFFE_PP0P_/D
    1845* |       4 |     240 |       44 |     12 |    85 |    +0.6% |   -0.129 |       -5.1 |      -21.7 |    610 | core/div/remainder\[64\]$_SDFFE_PP0P_/D
    1846* |       4 |     240 |       44 |     12 |    85 |    +0.6% |   -0.129 |       -5.1 |      -21.7 |    610 | core/div/remainder\[64\]$_SDFFE_PP0P_/D
    1850* |       4 |     241 |       47 |     12 |    85 |    +0.6% |   -0.129 |       -5.1 |      -22.7 |    610 | core/div/remainder\[64\]$_SDFFE_PP0P_/D
    1858* |       4 |     240 |       44 |     12 |    85 |    +0.6% |   -0.129 |       -5.1 |      -21.7 |    610 | core/div/remainder\[64\]$_SDFFE_PP0P_/D
    1860* |       4 |     240 |       46 |     12 |    85 |    +0.6% |   -0.129 |       -5.1 |      -21.7 |    610 | core/div/remainder\[64\]$_SDFFE_PP0P_/D
    1870* |       4 |     247 |       47 |     14 |    85 |    +0.6% |   -0.129 |       -5.1 |      -22.4 |    610 | core/div/remainder\[64\]$_SDFFE_PP0P_/D
    1870* |       4 |     240 |       44 |     12 |    85 |    +0.6% |   -0.129 |       -5.1 |      -21.7 |    610 | core/div/remainder\[64\]$_SDFFE_PP0P_/D
    1871* |       4 |     240 |       44 |     12 |    85 |    +0.6% |   -0.129 |       -5.1 |      -21.7 |    610 | core/div/remainder\[64\]$_SDFFE_PP0P_/D
    1872* |       4 |     240 |       44 |     12 |    85 |    +0.6% |   -0.129 |       -5.1 |      -21.7 |    610 | core/div/remainder\[64\]$_SDFFE_PP0P_/D
    1873* |       4 |     240 |       44 |     12 |    85 |    +0.6% |   -0.129 |       -5.1 |      -21.7 |    610 | core/div/remainder\[64\]$_SDFFE_PP0P_/D
    1874* |       4 |     240 |       44 |     12 |    85 |    +0.6% |   -0.129 |       -5.1 |      -21.7 |    610 | core/div/remainder\[64\]$_SDFFE_PP0P_/D
    1880* |       4 |     243 |       47 |     12 |    85 |    +0.6% |   -0.129 |       -5.1 |      -22.5 |    610 | core/div/remainder\[64\]$_SDFFE_PP0P_/D
    1886* |       4 |     240 |       44 |     12 |    85 |    +0.6% |   -0.129 |       -5.1 |      -21.7 |    610 | core/div/remainder\[64\]$_SDFFE_PP0P_/D
    1890* |       4 |     241 |       47 |     12 |    85 |    +0.6% |   -0.129 |       -5.1 |      -22.7 |    610 | core/div/remainder\[64\]$_SDFFE_PP0P_/D
    1898* |       4 |     240 |       44 |     12 |    85 |    +0.6% |   -0.129 |       -5.1 |      -21.7 |    610 | core/div/remainder\[64\]$_SDFFE_PP0P_/D
    1899* |       4 |     240 |       44 |     12 |    85 |    +0.6% |   -0.129 |       -5.1 |      -21.7 |    610 | core/div/remainder\[64\]$_SDFFE_PP0P_/D
    1900* |       4 |     240 |       44 |     12 |    85 |    +0.6% |   -0.129 |       -5.1 |      -21.7 |    610 | core/div/remainder\[64\]$_SDFFE_PP0P_/D
    1900* |       4 |     240 |       44 |     12 |    85 |    +0.6% |   -0.129 |       -5.1 |      -21.7 |    610 | core/div/remainder\[64\]$_SDFFE_PP0P_/D
    1910* |       4 |     245 |       49 |     13 |    85 |    +0.6% |   -0.129 |       -5.1 |      -22.8 |    610 | core/div/remainder\[64\]$_SDFFE_PP0P_/D
    1914* |       4 |     242 |       46 |     12 |    85 |    +0.6% |   -0.129 |       -5.1 |      -21.5 |    610 | core/div/remainder\[64\]$_SDFFE_PP0P_/D
    1915* |       4 |     242 |       46 |     12 |    85 |    +0.6% |   -0.129 |       -5.1 |      -21.5 |    610 | core/div/remainder\[64\]$_SDFFE_PP0P_/D
    1920* |       4 |     245 |       47 |     12 |    85 |    +0.6% |   -0.129 |       -5.1 |      -22.5 |    610 | core/div/remainder\[64\]$_SDFFE_PP0P_/D
    1925* |       4 |     242 |       46 |     12 |    85 |    +0.6% |   -0.129 |       -5.1 |      -21.5 |    610 | core/div/remainder\[64\]$_SDFFE_PP0P_/D
    1926* |       4 |     242 |       46 |     12 |    85 |    +0.6% |   -0.129 |       -5.1 |      -21.5 |    610 | core/div/remainder\[64\]$_SDFFE_PP0P_/D
    1930* |       4 |     244 |       47 |     12 |    85 |    +0.6% |   -0.129 |       -5.1 |      -22.6 |    610 | core/div/remainder\[64\]$_SDFFE_PP0P_/D
    1936* |       4 |     242 |       46 |     12 |    85 |    +0.6% |   -0.129 |       -5.1 |      -21.5 |    610 | core/div/remainder\[64\]$_SDFFE_PP0P_/D
    1940* |       4 |     244 |       47 |     12 |    85 |    +0.6% |   -0.129 |       -5.1 |      -22.6 |    610 | core/div/remainder\[64\]$_SDFFE_PP0P_/D
    1946* |       4 |     242 |       46 |     12 |    85 |    +0.6% |   -0.129 |       -5.1 |      -21.5 |    610 | core/div/remainder\[64\]$_SDFFE_PP0P_/D
    1950* |       4 |     242 |       49 |     13 |    85 |    +0.6% |   -0.129 |       -5.1 |      -23.0 |    610 | core/div/remainder\[64\]$_SDFFE_PP0P_/D
    1957* |       4 |     242 |       46 |     12 |    85 |    +0.6% |   -0.129 |       -5.1 |      -21.5 |    610 | core/div/remainder\[64\]$_SDFFE_PP0P_/D
    1958* |       4 |     242 |       46 |     12 |    85 |    +0.6% |   -0.129 |       -5.1 |      -21.5 |    610 | core/div/remainder\[64\]$_SDFFE_PP0P_/D
    1959* |       4 |     242 |       46 |     12 |    85 |    +0.6% |   -0.129 |       -5.1 |      -21.5 |    610 | core/div/remainder\[64\]$_SDFFE_PP0P_/D
    1960* |       4 |     242 |       46 |     12 |    85 |    +0.6% |   -0.129 |       -5.1 |      -21.5 |    610 | core/div/remainder\[64\]$_SDFFE_PP0P_/D
    1960* |       4 |     242 |       46 |     12 |    85 |    +0.6% |   -0.129 |       -5.1 |      -21.5 |    610 | core/div/remainder\[64\]$_SDFFE_PP0P_/D
    1970* |       4 |     249 |       47 |     13 |    85 |    +0.6% |   -0.129 |       -5.1 |      -22.5 |    610 | core/div/remainder\[64\]$_SDFFE_PP0P_/D
    1970* |       4 |     242 |       46 |     12 |    85 |    +0.6% |   -0.129 |       -5.1 |      -21.5 |    610 | core/div/remainder\[64\]$_SDFFE_PP0P_/D
    1971* |       4 |     242 |       46 |     12 |    85 |    +0.6% |   -0.129 |       -5.1 |      -21.5 |    610 | core/div/remainder\[64\]$_SDFFE_PP0P_/D
    1972* |       4 |     242 |       46 |     12 |    85 |    +0.6% |   -0.129 |       -5.1 |      -21.5 |    610 | core/div/remainder\[64\]$_SDFFE_PP0P_/D
    1980* |       4 |     247 |       47 |     13 |    85 |    +0.6% |   -0.129 |       -5.1 |      -22.6 |    610 | core/div/remainder\[64\]$_SDFFE_PP0P_/D
    1982* |       4 |     242 |       46 |     12 |    85 |    +0.6% |   -0.129 |       -5.1 |      -21.5 |    610 | core/div/remainder\[64\]$_SDFFE_PP0P_/D
    1983* |       4 |     242 |       46 |     12 |    85 |    +0.6% |   -0.129 |       -5.1 |      -21.5 |    610 | core/div/remainder\[64\]$_SDFFE_PP0P_/D
    1984* |       4 |     242 |       46 |     12 |    85 |    +0.6% |   -0.129 |       -5.1 |      -21.5 |    610 | core/div/remainder\[64\]$_SDFFE_PP0P_/D
    1985* |       4 |     242 |       46 |     12 |    85 |    +0.6% |   -0.129 |       -5.1 |      -21.5 |    610 | core/div/remainder\[64\]$_SDFFE_PP0P_/D
    1990* |       4 |     243 |       49 |     13 |    85 |    +0.6% |   -0.129 |       -5.1 |      -22.9 |    610 | core/div/remainder\[64\]$_SDFFE_PP0P_/D
    1996* |       4 |     242 |       46 |     12 |    85 |    +0.6% |   -0.129 |       -5.1 |      -21.5 |    610 | core/div/remainder\[64\]$_SDFFE_PP0P_/D
    1997* |       4 |     242 |       46 |     12 |    85 |    +0.6% |   -0.129 |       -5.1 |      -21.5 |    610 | core/div/remainder\[64\]$_SDFFE_PP0P_/D
    2000* |       4 |     243 |       47 |     12 |    85 |    +0.6% |   -0.129 |       -5.1 |      -22.6 |    610 | core/div/remainder\[64\]$_SDFFE_PP0P_/D
    2000* |       4 |     242 |       46 |     12 |    85 |    +0.6% |   -0.129 |       -5.1 |      -21.5 |    610 | core/div/remainder\[64\]$_SDFFE_PP0P_/D
    2001* |       4 |     242 |       46 |     12 |    85 |    +0.6% |   -0.129 |       -5.1 |      -21.5 |    610 | core/div/remainder\[64\]$_SDFFE_PP0P_/D
    2002* |       4 |     242 |       46 |     12 |    85 |    +0.6% |   -0.129 |       -5.1 |      -21.5 |    610 | core/div/remainder\[64\]$_SDFFE_PP0P_/D
    2003* |       4 |     242 |       46 |     12 |    85 |    +0.6% |   -0.129 |       -5.1 |      -21.5 |    610 | core/div/remainder\[64\]$_SDFFE_PP0P_/D
    2004* |       4 |     242 |       46 |     12 |    85 |    +0.6% |   -0.129 |       -5.1 |      -21.5 |    610 | core/div/remainder\[64\]$_SDFFE_PP0P_/D
    2005* |       4 |     242 |       46 |     12 |    85 |    +0.6% |   -0.129 |       -5.1 |      -21.5 |    610 | core/div/remainder\[64\]$_SDFFE_PP0P_/D
    2006* |       4 |     242 |       46 |     12 |    85 |    +0.6% |   -0.129 |       -5.1 |      -21.5 |    610 | core/div/remainder\[64\]$_SDFFE_PP0P_/D
    2007* |       4 |     242 |       46 |     12 |    85 |    +0.6% |   -0.129 |       -5.1 |      -21.5 |    610 | core/div/remainder\[64\]$_SDFFE_PP0P_/D
    2008* |       4 |     242 |       46 |     12 |    85 |    +0.6% |   -0.129 |       -5.1 |      -21.5 |    610 | core/div/remainder\[64\]$_SDFFE_PP0P_/D
    2009* |       4 |     242 |       46 |     12 |    85 |    +0.6% |   -0.129 |       -5.1 |      -21.5 |    610 | core/div/remainder\[64\]$_SDFFE_PP0P_/D
    2010* |       4 |     242 |       46 |     12 |    85 |    +0.6% |   -0.129 |       -5.1 |      -21.5 |    610 | core/div/remainder\[64\]$_SDFFE_PP0P_/D
    2010* |       4 |     242 |       46 |     12 |    85 |    +0.6% |   -0.129 |       -5.1 |      -21.5 |    610 | core/div/remainder\[64\]$_SDFFE_PP0P_/D
    2020* |       4 |     249 |       47 |     13 |    85 |    +0.6% |   -0.129 |       -5.1 |      -22.5 |    610 | core/div/remainder\[64\]$_SDFFE_PP0P_/D
    2020* |       4 |     242 |       46 |     12 |    85 |    +0.6% |   -0.129 |       -5.1 |      -21.5 |    610 | core/div/remainder\[64\]$_SDFFE_PP0P_/D
    2030* |       4 |     247 |       49 |     14 |    85 |    +0.6% |   -0.129 |       -5.1 |      -23.0 |    610 | core/div/remainder\[64\]$_SDFFE_PP0P_/D
    2031* |       4 |     242 |       46 |     12 |    85 |    +0.6% |   -0.129 |       -5.1 |      -21.5 |    610 | core/div/remainder\[64\]$_SDFFE_PP0P_/D
    2032* |       4 |     242 |       46 |     12 |    85 |    +0.6% |   -0.129 |       -5.1 |      -21.5 |    610 | core/div/remainder\[64\]$_SDFFE_PP0P_/D
    2033* |       4 |     242 |       46 |     12 |    85 |    +0.6% |   -0.129 |       -5.1 |      -21.5 |    610 | core/div/remainder\[64\]$_SDFFE_PP0P_/D
    2034* |       4 |     242 |       46 |     12 |    85 |    +0.6% |   -0.129 |       -5.1 |      -21.5 |    610 | core/div/remainder\[64\]$_SDFFE_PP0P_/D
    2035* |       4 |     242 |       46 |     12 |    85 |    +0.6% |   -0.129 |       -5.1 |      -21.5 |    610 | core/div/remainder\[64\]$_SDFFE_PP0P_/D
    2036* |       4 |     242 |       46 |     12 |    85 |    +0.6% |   -0.129 |       -5.1 |      -21.5 |    610 | core/div/remainder\[64\]$_SDFFE_PP0P_/D
    2040* |       4 |     242 |       49 |     13 |    85 |    +0.6% |   -0.129 |       -5.1 |      -23.0 |    610 | core/div/remainder\[64\]$_SDFFE_PP0P_/D
    2047* |       4 |     242 |       46 |     12 |    85 |    +0.6% |   -0.129 |       -5.1 |      -21.5 |    610 | core/div/remainder\[64\]$_SDFFE_PP0P_/D
    2048* |       4 |     242 |       46 |     12 |    85 |    +0.6% |   -0.129 |       -5.1 |      -21.5 |    610 | core/div/remainder\[64\]$_SDFFE_PP0P_/D
    2049* |       4 |     242 |       46 |     12 |    85 |    +0.6% |   -0.129 |       -5.1 |      -21.5 |    610 | core/div/remainder\[64\]$_SDFFE_PP0P_/D
    2050* |       4 |     242 |       46 |     12 |    85 |    +0.6% |   -0.129 |       -5.1 |      -21.5 |    610 | core/div/remainder\[64\]$_SDFFE_PP0P_/D
    2050* |       4 |     242 |       46 |     12 |    85 |    +0.6% |   -0.129 |       -5.1 |      -21.5 |    610 | core/div/remainder\[64\]$_SDFFE_PP0P_/D
    2060* |       4 |     247 |       49 |     14 |    85 |    +0.6% |   -0.129 |       -5.1 |      -23.0 |    610 | core/div/remainder\[64\]$_SDFFE_PP0P_/D
    2061* |       4 |     242 |       46 |     12 |    85 |    +0.6% |   -0.129 |       -5.1 |      -21.5 |    610 | core/div/remainder\[64\]$_SDFFE_PP0P_/D
    2070* |       4 |     246 |       49 |     14 |    85 |    +0.6% |   -0.129 |       -5.1 |      -22.8 |    610 | core/div/remainder\[64\]$_SDFFE_PP0P_/D
    2073* |       4 |     242 |       46 |     12 |    85 |    +0.6% |   -0.129 |       -5.1 |      -21.5 |    610 | core/div/remainder\[64\]$_SDFFE_PP0P_/D
    2080* |       4 |     245 |       49 |     13 |    85 |    +0.6% |   -0.129 |       -5.1 |      -22.8 |    610 | core/div/remainder\[64\]$_SDFFE_PP0P_/D
    2085* |       4 |     242 |       46 |     12 |    85 |    +0.6% |   -0.129 |       -5.1 |      -21.5 |    610 | core/div/remainder\[64\]$_SDFFE_PP0P_/D
    2086* |       4 |     242 |       46 |     12 |    85 |    +0.6% |   -0.129 |       -5.1 |      -21.5 |    610 | core/div/remainder\[64\]$_SDFFE_PP0P_/D
    2087* |       4 |     242 |       46 |     12 |    85 |    +0.6% |   -0.129 |       -5.1 |      -21.5 |    610 | core/div/remainder\[64\]$_SDFFE_PP0P_/D
    2090* |       4 |     242 |       47 |     13 |    85 |    +0.6% |   -0.129 |       -5.1 |      -23.0 |    610 | core/div/remainder\[64\]$_SDFFE_PP0P_/D
    2098* |       4 |     242 |       46 |     12 |    85 |    +0.6% |   -0.129 |       -5.1 |      -21.5 |    610 | core/div/remainder\[64\]$_SDFFE_PP0P_/D
    2099* |       4 |     242 |       46 |     12 |    85 |    +0.6% |   -0.129 |       -5.1 |      -21.5 |    610 | core/div/remainder\[64\]$_SDFFE_PP0P_/D
    2100* |       4 |     242 |       46 |     12 |    85 |    +0.6% |   -0.129 |       -5.1 |      -21.5 |    610 | core/div/remainder\[64\]$_SDFFE_PP0P_/D
    2110* |       4 |     248 |       49 |     14 |    85 |    +0.6% |   -0.129 |       -5.1 |      -22.7 |    610 | core/div/remainder\[64\]$_SDFFE_PP0P_/D
    2110* |       4 |     242 |       46 |     12 |    85 |    +0.6% |   -0.129 |       -5.1 |      -21.5 |    610 | core/div/remainder\[64\]$_SDFFE_PP0P_/D
    2111* |       4 |     242 |       46 |     12 |    85 |    +0.6% |   -0.129 |       -5.1 |      -21.5 |    610 | core/div/remainder\[64\]$_SDFFE_PP0P_/D
    2120* |       4 |     246 |       49 |     14 |    85 |    +0.6% |   -0.129 |       -5.1 |      -22.8 |    610 | core/div/remainder\[64\]$_SDFFE_PP0P_/D
    2123* |       4 |     242 |       46 |     12 |    85 |    +0.6% |   -0.129 |       -5.1 |      -21.5 |    610 | core/div/remainder\[64\]$_SDFFE_PP0P_/D
    2130* |       4 |     245 |       49 |     13 |    85 |    +0.6% |   -0.129 |       -5.1 |      -22.8 |    610 | core/div/remainder\[64\]$_SDFFE_PP0P_/D
    2135* |       4 |     242 |       46 |     12 |    85 |    +0.6% |   -0.129 |       -5.1 |      -21.5 |    610 | core/div/remainder\[64\]$_SDFFE_PP0P_/D
    2140* |       4 |     243 |       49 |     13 |    85 |    +0.6% |   -0.129 |       -5.1 |      -22.9 |    610 | core/div/remainder\[64\]$_SDFFE_PP0P_/D
    2147* |       4 |     242 |       46 |     12 |    85 |    +0.6% |   -0.129 |       -5.1 |      -21.5 |    610 | core/div/remainder\[64\]$_SDFFE_PP0P_/D
    2148* |       4 |     242 |       46 |     12 |    85 |    +0.6% |   -0.129 |       -5.1 |      -21.5 |    610 | core/div/remainder\[64\]$_SDFFE_PP0P_/D
    2150* |       4 |     242 |       47 |     12 |    85 |    +0.6% |   -0.129 |       -5.1 |      -22.8 |    610 | core/div/remainder\[64\]$_SDFFE_PP0P_/D
    2160* |       4 |     249 |       49 |     14 |    85 |    +0.6% |   -0.129 |       -5.1 |      -22.7 |    610 | core/div/remainder\[64\]$_SDFFE_PP0P_/D
    2160* |       4 |     242 |       46 |     12 |    85 |    +0.6% |   -0.129 |       -5.1 |      -21.5 |    610 | core/div/remainder\[64\]$_SDFFE_PP0P_/D
    2170* |       4 |     247 |       49 |     14 |    85 |    +0.6% |   -0.129 |       -5.1 |      -22.9 |    610 | core/div/remainder\[64\]$_SDFFE_PP0P_/D
    2173* |       4 |     242 |       46 |     12 |    85 |    +0.6% |   -0.129 |       -5.1 |      -21.5 |    610 | core/div/remainder\[64\]$_SDFFE_PP0P_/D
    2174* |       4 |     242 |       46 |     12 |    85 |    +0.6% |   -0.129 |       -5.1 |      -21.5 |    610 | core/div/remainder\[64\]$_SDFFE_PP0P_/D
    2180* |       4 |     244 |       49 |     13 |    85 |    +0.6% |   -0.129 |       -5.1 |      -22.9 |    610 | core/div/remainder\[64\]$_SDFFE_PP0P_/D
    2186* |       4 |     242 |       46 |     12 |    85 |    +0.6% |   -0.129 |       -5.1 |      -21.5 |    610 | core/div/remainder\[64\]$_SDFFE_PP0P_/D
    2190* |       4 |     242 |       49 |     13 |    85 |    +0.6% |   -0.129 |       -5.1 |      -23.0 |    610 | core/div/remainder\[64\]$_SDFFE_PP0P_/D
    2199* |       4 |     242 |       46 |     12 |    85 |    +0.6% |   -0.129 |       -5.1 |      -21.5 |    610 | core/div/remainder\[64\]$_SDFFE_PP0P_/D
    2200* |       4 |     242 |       46 |     12 |    85 |    +0.6% |   -0.129 |       -5.1 |      -21.5 |    610 | core/div/remainder\[64\]$_SDFFE_PP0P_/D
    2200* |       4 |     242 |       46 |     12 |    85 |    +0.6% |   -0.129 |       -5.1 |      -21.5 |    610 | core/div/remainder\[64\]$_SDFFE_PP0P_/D
    2201* |       4 |     242 |       46 |     12 |    85 |    +0.6% |   -0.129 |       -5.1 |      -21.5 |    610 | core/div/remainder\[64\]$_SDFFE_PP0P_/D
    2202* |       4 |     242 |       46 |     12 |    85 |    +0.6% |   -0.129 |       -5.1 |      -21.5 |    610 | core/div/remainder\[64\]$_SDFFE_PP0P_/D
    2203* |       4 |     242 |       46 |     12 |    85 |    +0.6% |   -0.129 |       -5.1 |      -21.5 |    610 | core/div/remainder\[64\]$_SDFFE_PP0P_/D
    2204* |       4 |     242 |       46 |     12 |    85 |    +0.6% |   -0.129 |       -5.1 |      -21.5 |    610 | core/div/remainder\[64\]$_SDFFE_PP0P_/D
    2210* |       4 |     244 |       49 |     13 |    85 |    +0.6% |   -0.129 |       -5.1 |      -22.8 |    610 | core/div/remainder\[64\]$_SDFFE_PP0P_/D
    2216* |       4 |     242 |       46 |     12 |    85 |    +0.6% |   -0.129 |       -5.1 |      -21.5 |    610 | core/div/remainder\[64\]$_SDFFE_PP0P_/D
    2220* |       5 |     243 |       47 |     12 |    85 |    +0.6% |   -0.129 |       -5.1 |      -22.8 |    610 | core/div/remainder\[64\]$_SDFFE_PP0P_/D
    2223* |       5 |     245 |       47 |     12 |    86 |    +0.6% |   -0.129 |       -5.1 |      -23.1 |    610 | core/div/remainder\[64\]$_SDFFE_PP0P_/D
    2224* |       5 |     245 |       47 |     12 |    86 |    +0.6% |   -0.129 |       -5.1 |      -23.1 |    610 | core/div/remainder\[64\]$_SDFFE_PP0P_/D
    2225* |       5 |     245 |       47 |     12 |    86 |    +0.6% |   -0.129 |       -5.1 |      -23.1 |    610 | core/div/remainder\[64\]$_SDFFE_PP0P_/D
    2226* |       5 |     245 |       47 |     12 |    86 |    +0.6% |   -0.129 |       -5.1 |      -23.1 |    610 | core/div/remainder\[64\]$_SDFFE_PP0P_/D
    2227* |       5 |     245 |       47 |     12 |    86 |    +0.6% |   -0.129 |       -5.1 |      -23.1 |    610 | core/div/remainder\[64\]$_SDFFE_PP0P_/D
    2228* |       5 |     245 |       47 |     12 |    86 |    +0.6% |   -0.129 |       -5.1 |      -23.1 |    610 | core/div/remainder\[64\]$_SDFFE_PP0P_/D
    2230* |       5 |     246 |       47 |     12 |    86 |    +0.6% |   -0.129 |       -5.1 |      -23.1 |    610 | core/div/remainder\[64\]$_SDFFE_PP0P_/D
    2230* |       5 |     246 |       47 |     12 |    86 |    +0.6% |   -0.129 |       -5.1 |      -23.1 |    610 | core/div/remainder\[64\]$_SDFFE_PP0P_/D
    2231* |       5 |     246 |       47 |     12 |    86 |    +0.6% |   -0.129 |       -5.1 |      -23.1 |    610 | core/div/remainder\[64\]$_SDFFE_PP0P_/D
    2240* |       5 |     250 |       49 |     14 |    86 |    +0.6% |   -0.129 |       -5.1 |      -22.7 |    610 | core/div/remainder\[64\]$_SDFFE_PP0P_/D
    2242* |       5 |     248 |       48 |     14 |    86 |    +0.6% |   -0.129 |       -5.1 |      -23.2 |    610 | core/div/remainder\[64\]$_SDFFE_PP0P_/D
    2249* |       5 |     248 |       48 |     14 |    86 |    +0.6% |   -0.129 |       -5.1 |      -23.2 |    610 | core/div/remainder\[64\]$_SDFFE_PP0P_/D
    2250* |       5 |     248 |       48 |     14 |    86 |    +0.6% |   -0.129 |       -5.1 |      -23.2 |    610 | core/div/remainder\[64\]$_SDFFE_PP0P_/D
    2250* |       5 |     248 |       48 |     14 |    86 |    +0.6% |   -0.129 |       -5.1 |      -23.2 |    610 | core/div/remainder\[64\]$_SDFFE_PP0P_/D
    2251* |       5 |     248 |       48 |     14 |    86 |    +0.6% |   -0.129 |       -5.1 |      -23.2 |    610 | core/div/remainder\[64\]$_SDFFE_PP0P_/D
    2252* |       5 |     248 |       48 |     14 |    86 |    +0.6% |   -0.129 |       -5.1 |      -23.2 |    610 | core/div/remainder\[64\]$_SDFFE_PP0P_/D
    2253* |       5 |     248 |       48 |     14 |    86 |    +0.6% |   -0.129 |       -5.1 |      -23.2 |    610 | core/div/remainder\[64\]$_SDFFE_PP0P_/D
    2260* |       5 |     253 |       49 |     14 |    86 |    +0.6% |   -0.129 |       -5.1 |      -22.7 |    610 | core/div/remainder\[64\]$_SDFFE_PP0P_/D
    2260* |       5 |     253 |       49 |     14 |    86 |    +0.6% |   -0.129 |       -5.1 |      -22.7 |    610 | core/div/remainder\[64\]$_SDFFE_PP0P_/D
    2261* |       5 |     253 |       49 |     14 |    86 |    +0.6% |   -0.129 |       -5.1 |      -22.7 |    610 | core/div/remainder\[64\]$_SDFFE_PP0P_/D
    2270* |       5 |     258 |       51 |     14 |    87 |    +0.7% |   -0.129 |       -5.1 |      -22.8 |    610 | core/div/remainder\[64\]$_SDFFE_PP0P_/D
    2280* |       5 |     264 |       53 |     15 |    88 |    +0.7% |   -0.153 |       -5.2 |      -23.5 |    610 | core/div/remainder\[64\]$_SDFFE_PP0P_/D
    2290* |       5 |     270 |       56 |     16 |    88 |    +0.7% |   -0.141 |       -5.2 |      -23.3 |    610 | core/div/remainder\[64\]$_SDFFE_PP0P_/D
    2298* |       5 |     253 |       49 |     14 |    86 |    +0.6% |   -0.129 |       -5.1 |      -22.7 |    610 | core/div/remainder\[64\]$_SDFFE_PP0P_/D
    2299* |       5 |     253 |       49 |     14 |    86 |    +0.6% |   -0.129 |       -5.1 |      -22.7 |    610 | core/div/remainder\[64\]$_SDFFE_PP0P_/D
    2300* |       5 |     253 |       49 |     14 |    86 |    +0.6% |   -0.129 |       -5.1 |      -22.7 |    610 | core/div/remainder\[64\]$_SDFFE_PP0P_/D
    2300* |       5 |     253 |       49 |     14 |    86 |    +0.6% |   -0.129 |       -5.1 |      -22.7 |    610 | core/div/remainder\[64\]$_SDFFE_PP0P_/D
    2300* |       5 |     253 |       49 |     14 |    86 |    +0.6% |   -0.129 |       -5.1 |      -22.7 |    610 | core/div/remainder\[64\]$_SDFFE_PP0P_/D
    2300+ |       5 |     253 |       49 |     14 |    86 |    +0.6% |   -0.129 |       -5.1 |      -22.7 |    384 | core/div/remainder\[64\]$_SDFFE_PP0P_/D
    2301+ |       5 |     253 |       49 |     14 |    86 |    +0.6% |   -0.129 |       -5.1 |      -22.7 |    384 | core/div/remainder\[64\]$_SDFFE_PP0P_/D
    2302+ |       5 |     253 |       49 |     14 |    86 |    +0.6% |   -0.129 |       -5.1 |      -22.7 |    384 | core/div/remainder\[64\]$_SDFFE_PP0P_/D
    2305+ |       5 |     255 |       49 |     14 |    86 |    +0.6% |   -0.129 |       -5.1 |      -22.7 |    384 | core/div/remainder\[64\]$_SDFFE_PP0P_/D
    2310+ |       5 |     259 |       49 |     14 |    86 |    +0.7% |   -0.129 |       -5.1 |      -22.7 |    384 | core/div/remainder\[64\]$_SDFFE_PP0P_/D
    2313+ |       5 |     261 |       49 |     14 |    87 |    +0.7% |   -0.129 |       -5.1 |      -22.7 |    384 | core/div/remainder\[64\]$_SDFFE_PP0P_/D
    2314+ |       5 |     261 |       49 |     14 |    87 |    +0.7% |   -0.129 |       -5.1 |      -22.7 |    384 | core/div/remainder\[64\]$_SDFFE_PP0P_/D
    2315+ |       5 |     261 |       49 |     14 |    87 |    +0.7% |   -0.129 |       -5.1 |      -22.7 |    384 | core/div/remainder\[64\]$_SDFFE_PP0P_/D
    2316+ |       5 |     261 |       49 |     14 |    87 |    +0.7% |   -0.129 |       -5.1 |      -22.7 |    384 | core/div/remainder\[64\]$_SDFFE_PP0P_/D
    2317+ |       5 |     261 |       49 |     14 |    87 |    +0.7% |   -0.129 |       -5.1 |      -22.7 |    384 | core/div/remainder\[64\]$_SDFFE_PP0P_/D
    2318+ |       5 |     261 |       49 |     14 |    87 |    +0.7% |   -0.129 |       -5.1 |      -22.7 |    384 | core/div/remainder\[64\]$_SDFFE_PP0P_/D
    2319+ |       5 |     261 |       49 |     14 |    87 |    +0.7% |   -0.129 |       -5.1 |      -22.7 |    384 | core/div/remainder\[64\]$_SDFFE_PP0P_/D
    2320+ |       5 |     261 |       49 |     14 |    87 |    +0.7% |   -0.129 |       -5.1 |      -22.7 |    384 | core/div/remainder\[64\]$_SDFFE_PP0P_/D
    2320+ |       5 |     261 |       49 |     14 |    87 |    +0.7% |   -0.129 |       -5.1 |      -22.7 |    384 | core/div/remainder\[64\]$_SDFFE_PP0P_/D
    2321+ |       5 |     261 |       49 |     14 |    87 |    +0.7% |   -0.129 |       -5.1 |      -22.7 |    384 | core/div/remainder\[64\]$_SDFFE_PP0P_/D
    2322+ |       5 |     261 |       49 |     14 |    87 |    +0.7% |   -0.129 |       -5.1 |      -22.7 |    384 | core/div/remainder\[64\]$_SDFFE_PP0P_/D
    2323+ |       5 |     261 |       49 |     14 |    87 |    +0.7% |   -0.129 |       -5.1 |      -22.7 |    384 | core/div/remainder\[64\]$_SDFFE_PP0P_/D
    2324+ |       5 |     261 |       49 |     14 |    87 |    +0.7% |   -0.129 |       -5.1 |      -22.7 |    384 | core/div/remainder\[64\]$_SDFFE_PP0P_/D
    2325+ |       5 |     261 |       49 |     14 |    87 |    +0.7% |   -0.129 |       -5.1 |      -22.7 |    384 | core/div/remainder\[64\]$_SDFFE_PP0P_/D
    2326+ |       5 |     261 |       49 |     14 |    87 |    +0.7% |   -0.129 |       -5.1 |      -22.7 |    384 | core/div/remainder\[64\]$_SDFFE_PP0P_/D
    2327+ |       5 |     261 |       49 |     14 |    87 |    +0.7% |   -0.129 |       -5.1 |      -22.7 |    384 | core/div/remainder\[64\]$_SDFFE_PP0P_/D
    2328+ |       5 |     261 |       49 |     14 |    87 |    +0.7% |   -0.129 |       -5.1 |      -22.7 |    384 | core/div/remainder\[64\]$_SDFFE_PP0P_/D
    2329+ |       5 |     261 |       49 |     14 |    87 |    +0.7% |   -0.129 |       -5.1 |      -22.7 |    384 | core/div/remainder\[64\]$_SDFFE_PP0P_/D
    2330+ |       5 |     261 |       49 |     14 |    87 |    +0.7% |   -0.129 |       -5.1 |      -22.7 |    384 | core/div/remainder\[64\]$_SDFFE_PP0P_/D
    2330+ |       5 |     261 |       49 |     14 |    87 |    +0.7% |   -0.129 |       -5.1 |      -22.7 |    384 | core/div/remainder\[64\]$_SDFFE_PP0P_/D
    2331+ |       5 |     261 |       49 |     14 |    87 |    +0.7% |   -0.129 |       -5.1 |      -22.7 |    384 | core/div/remainder\[64\]$_SDFFE_PP0P_/D
    2332+ |       5 |     261 |       49 |     14 |    87 |    +0.7% |   -0.129 |       -5.1 |      -22.7 |    384 | core/div/remainder\[64\]$_SDFFE_PP0P_/D
    2333+ |       5 |     261 |       49 |     14 |    87 |    +0.7% |   -0.129 |       -5.1 |      -22.7 |    384 | core/div/remainder\[64\]$_SDFFE_PP0P_/D
    2334+ |       5 |     261 |       49 |     14 |    87 |    +0.7% |   -0.129 |       -5.1 |      -22.7 |    384 | core/div/remainder\[64\]$_SDFFE_PP0P_/D
    2335+ |       5 |     261 |       49 |     14 |    87 |    +0.7% |   -0.129 |       -5.1 |      -22.7 |    384 | core/div/remainder\[64\]$_SDFFE_PP0P_/D
    2336+ |       5 |     261 |       49 |     14 |    87 |    +0.7% |   -0.129 |       -5.1 |      -22.7 |    384 | core/div/remainder\[64\]$_SDFFE_PP0P_/D
    2337+ |       5 |     261 |       49 |     14 |    87 |    +0.7% |   -0.129 |       -5.1 |      -22.7 |    384 | core/div/remainder\[64\]$_SDFFE_PP0P_/D
    2338+ |       5 |     261 |       49 |     14 |    87 |    +0.7% |   -0.129 |       -5.1 |      -22.7 |    384 | core/div/remainder\[64\]$_SDFFE_PP0P_/D
    2339+ |       5 |     261 |       49 |     14 |    87 |    +0.7% |   -0.129 |       -5.1 |      -22.7 |    384 | core/div/remainder\[64\]$_SDFFE_PP0P_/D
    2340+ |       5 |     261 |       49 |     14 |    87 |    +0.7% |   -0.129 |       -5.1 |      -22.7 |    384 | core/div/remainder\[64\]$_SDFFE_PP0P_/D
    2340+ |       5 |     261 |       49 |     14 |    87 |    +0.7% |   -0.129 |       -5.1 |      -22.7 |    384 | core/div/remainder\[64\]$_SDFFE_PP0P_/D
    2341+ |       5 |     261 |       49 |     14 |    87 |    +0.7% |   -0.129 |       -5.1 |      -22.7 |    384 | core/div/remainder\[64\]$_SDFFE_PP0P_/D
    2342+ |       5 |     261 |       49 |     14 |    87 |    +0.7% |   -0.129 |       -5.1 |      -22.7 |    384 | core/div/remainder\[64\]$_SDFFE_PP0P_/D
    2343+ |       5 |     261 |       49 |     14 |    87 |    +0.7% |   -0.129 |       -5.1 |      -22.7 |    384 | core/div/remainder\[64\]$_SDFFE_PP0P_/D
    2344+ |       5 |     261 |       49 |     14 |    87 |    +0.7% |   -0.129 |       -5.1 |      -22.7 |    384 | core/div/remainder\[64\]$_SDFFE_PP0P_/D
    2345+ |       5 |     261 |       49 |     14 |    87 |    +0.7% |   -0.129 |       -5.1 |      -22.7 |    384 | core/div/remainder\[64\]$_SDFFE_PP0P_/D
    2346+ |       5 |     261 |       49 |     14 |    87 |    +0.7% |   -0.129 |       -5.1 |      -22.7 |    384 | core/div/remainder\[64\]$_SDFFE_PP0P_/D
    2347+ |       5 |     261 |       49 |     14 |    87 |    +0.7% |   -0.129 |       -5.1 |      -22.7 |    384 | core/div/remainder\[64\]$_SDFFE_PP0P_/D
    2348+ |       5 |     261 |       49 |     14 |    87 |    +0.7% |   -0.129 |       -5.1 |      -22.7 |    384 | core/div/remainder\[64\]$_SDFFE_PP0P_/D
    2349+ |       5 |     261 |       49 |     14 |    87 |    +0.7% |   -0.129 |       -5.1 |      -22.7 |    384 | core/div/remainder\[64\]$_SDFFE_PP0P_/D
    2350+ |       5 |     261 |       49 |     14 |    87 |    +0.7% |   -0.129 |       -5.1 |      -22.7 |    384 | core/div/remainder\[64\]$_SDFFE_PP0P_/D
    2350+ |       5 |     261 |       49 |     14 |    87 |    +0.7% |   -0.129 |       -5.1 |      -22.7 |    384 | core/div/remainder\[64\]$_SDFFE_PP0P_/D
    2351+ |       5 |     261 |       49 |     14 |    87 |    +0.7% |   -0.129 |       -5.1 |      -22.7 |    384 | core/div/remainder\[64\]$_SDFFE_PP0P_/D
    2352+ |       5 |     261 |       49 |     14 |    87 |    +0.7% |   -0.129 |       -5.1 |      -22.7 |    384 | core/div/remainder\[64\]$_SDFFE_PP0P_/D
    2353+ |       5 |     261 |       49 |     14 |    87 |    +0.7% |   -0.129 |       -5.1 |      -22.7 |    384 | core/div/remainder\[64\]$_SDFFE_PP0P_/D
    2354+ |       5 |     261 |       49 |     14 |    87 |    +0.7% |   -0.129 |       -5.1 |      -22.7 |    384 | core/div/remainder\[64\]$_SDFFE_PP0P_/D
    2355+ |       5 |     261 |       49 |     14 |    87 |    +0.7% |   -0.129 |       -5.1 |      -22.7 |    384 | core/div/remainder\[64\]$_SDFFE_PP0P_/D
    2356+ |       5 |     261 |       49 |     14 |    87 |    +0.7% |   -0.129 |       -5.1 |      -22.7 |    384 | core/div/remainder\[64\]$_SDFFE_PP0P_/D
    2357+ |       5 |     261 |       49 |     14 |    87 |    +0.7% |   -0.129 |       -5.1 |      -22.7 |    384 | core/div/remainder\[64\]$_SDFFE_PP0P_/D
    2358+ |       5 |     261 |       49 |     14 |    87 |    +0.7% |   -0.129 |       -5.1 |      -22.7 |    384 | core/div/remainder\[64\]$_SDFFE_PP0P_/D
    2359+ |       5 |     261 |       49 |     14 |    87 |    +0.7% |   -0.129 |       -5.1 |      -22.7 |    384 | core/div/remainder\[64\]$_SDFFE_PP0P_/D
    2360+ |       5 |     261 |       49 |     14 |    87 |    +0.7% |   -0.129 |       -5.1 |      -22.7 |    384 | core/div/remainder\[64\]$_SDFFE_PP0P_/D
    2360+ |       5 |     261 |       49 |     14 |    87 |    +0.7% |   -0.129 |       -5.1 |      -22.7 |    384 | core/div/remainder\[64\]$_SDFFE_PP0P_/D
    2361+ |       5 |     261 |       49 |     14 |    87 |    +0.7% |   -0.129 |       -5.1 |      -22.7 |    384 | core/div/remainder\[64\]$_SDFFE_PP0P_/D
    2362+ |       5 |     261 |       49 |     14 |    87 |    +0.7% |   -0.129 |       -5.1 |      -22.7 |    384 | core/div/remainder\[64\]$_SDFFE_PP0P_/D
    2363+ |       5 |     261 |       49 |     14 |    87 |    +0.7% |   -0.129 |       -5.1 |      -22.7 |    384 | core/div/remainder\[64\]$_SDFFE_PP0P_/D
    2364+ |       5 |     261 |       49 |     14 |    87 |    +0.7% |   -0.129 |       -5.1 |      -22.7 |    384 | core/div/remainder\[64\]$_SDFFE_PP0P_/D
    2365+ |       5 |     261 |       49 |     14 |    87 |    +0.7% |   -0.129 |       -5.1 |      -22.7 |    384 | core/div/remainder\[64\]$_SDFFE_PP0P_/D
    2366+ |       5 |     261 |       49 |     14 |    87 |    +0.7% |   -0.129 |       -5.1 |      -22.7 |    384 | core/div/remainder\[64\]$_SDFFE_PP0P_/D
    2367+ |       5 |     261 |       49 |     14 |    87 |    +0.7% |   -0.129 |       -5.1 |      -22.7 |    384 | core/div/remainder\[64\]$_SDFFE_PP0P_/D
    2368+ |       5 |     261 |       49 |     14 |    87 |    +0.7% |   -0.129 |       -5.1 |      -22.7 |    384 | core/div/remainder\[64\]$_SDFFE_PP0P_/D
    2369+ |       5 |     261 |       49 |     14 |    87 |    +0.7% |   -0.129 |       -5.1 |      -22.7 |    384 | core/div/remainder\[64\]$_SDFFE_PP0P_/D
    2370+ |       5 |     261 |       49 |     14 |    87 |    +0.7% |   -0.129 |       -5.1 |      -22.7 |    384 | core/div/remainder\[64\]$_SDFFE_PP0P_/D
    2370+ |       5 |     261 |       49 |     14 |    87 |    +0.7% |   -0.129 |       -5.1 |      -22.7 |    384 | core/div/remainder\[64\]$_SDFFE_PP0P_/D
    2371+ |       5 |     261 |       49 |     14 |    87 |    +0.7% |   -0.129 |       -5.1 |      -22.7 |    384 | core/div/remainder\[64\]$_SDFFE_PP0P_/D
    2372+ |       5 |     261 |       49 |     14 |    87 |    +0.7% |   -0.129 |       -5.1 |      -22.7 |    384 | core/div/remainder\[64\]$_SDFFE_PP0P_/D
    2373+ |       5 |     261 |       49 |     14 |    87 |    +0.7% |   -0.129 |       -5.1 |      -22.7 |    384 | core/div/remainder\[64\]$_SDFFE_PP0P_/D
    2374+ |       5 |     261 |       49 |     14 |    87 |    +0.7% |   -0.129 |       -5.1 |      -22.7 |    384 | core/div/remainder\[64\]$_SDFFE_PP0P_/D
    2375+ |       5 |     261 |       49 |     14 |    87 |    +0.7% |   -0.129 |       -5.1 |      -22.7 |    384 | core/div/remainder\[64\]$_SDFFE_PP0P_/D
    2376+ |       5 |     261 |       49 |     14 |    87 |    +0.7% |   -0.129 |       -5.1 |      -22.7 |    384 | core/div/remainder\[64\]$_SDFFE_PP0P_/D
    2377+ |       5 |     261 |       49 |     14 |    87 |    +0.7% |   -0.129 |       -5.1 |      -22.7 |    384 | core/div/remainder\[64\]$_SDFFE_PP0P_/D
    2378+ |       5 |     261 |       49 |     14 |    87 |    +0.7% |   -0.129 |       -5.1 |      -22.7 |    384 | core/div/remainder\[64\]$_SDFFE_PP0P_/D
    2379+ |       5 |     261 |       49 |     14 |    87 |    +0.7% |   -0.129 |       -5.1 |      -22.7 |    384 | core/div/remainder\[64\]$_SDFFE_PP0P_/D
    2380+ |       5 |     261 |       49 |     14 |    87 |    +0.7% |   -0.129 |       -5.1 |      -22.7 |    384 | core/div/remainder\[64\]$_SDFFE_PP0P_/D
    2380+ |       5 |     261 |       49 |     14 |    87 |    +0.7% |   -0.129 |       -5.1 |      -22.7 |    384 | core/div/remainder\[64\]$_SDFFE_PP0P_/D
    2381+ |       5 |     261 |       49 |     14 |    87 |    +0.7% |   -0.129 |       -5.1 |      -22.7 |    384 | core/div/remainder\[64\]$_SDFFE_PP0P_/D
    2382+ |       5 |     261 |       49 |     14 |    87 |    +0.7% |   -0.129 |       -5.1 |      -22.7 |    384 | core/div/remainder\[64\]$_SDFFE_PP0P_/D
    2383+ |       5 |     261 |       49 |     14 |    87 |    +0.7% |   -0.129 |       -5.1 |      -22.7 |    384 | core/div/remainder\[64\]$_SDFFE_PP0P_/D
    2384+ |       5 |     261 |       49 |     14 |    87 |    +0.7% |   -0.129 |       -5.1 |      -22.7 |    384 | core/div/remainder\[64\]$_SDFFE_PP0P_/D
    2385+ |       5 |     261 |       49 |     14 |    87 |    +0.7% |   -0.129 |       -5.1 |      -22.7 |    384 | core/div/remainder\[64\]$_SDFFE_PP0P_/D
    2386+ |       5 |     261 |       49 |     14 |    87 |    +0.7% |   -0.129 |       -5.1 |      -22.7 |    384 | core/div/remainder\[64\]$_SDFFE_PP0P_/D
    2387+ |       5 |     261 |       49 |     14 |    87 |    +0.7% |   -0.129 |       -5.1 |      -22.7 |    384 | core/div/remainder\[64\]$_SDFFE_PP0P_/D
    2388+ |       5 |     261 |       49 |     14 |    87 |    +0.7% |   -0.129 |       -5.1 |      -22.7 |    384 | core/div/remainder\[64\]$_SDFFE_PP0P_/D
    2389+ |       5 |     261 |       49 |     14 |    87 |    +0.7% |   -0.129 |       -5.1 |      -22.7 |    384 | core/div/remainder\[64\]$_SDFFE_PP0P_/D
    2390+ |       5 |     261 |       49 |     14 |    87 |    +0.7% |   -0.129 |       -5.1 |      -22.7 |    384 | core/div/remainder\[64\]$_SDFFE_PP0P_/D
    2390+ |       5 |     261 |       49 |     14 |    87 |    +0.7% |   -0.129 |       -5.1 |      -22.7 |    384 | core/div/remainder\[64\]$_SDFFE_PP0P_/D
    2391+ |       5 |     261 |       49 |     14 |    87 |    +0.7% |   -0.129 |       -5.1 |      -22.7 |    384 | core/div/remainder\[64\]$_SDFFE_PP0P_/D
    2392+ |       5 |     261 |       49 |     14 |    87 |    +0.7% |   -0.129 |       -5.1 |      -22.7 |    384 | core/div/remainder\[64\]$_SDFFE_PP0P_/D
    2393+ |       5 |     261 |       49 |     14 |    87 |    +0.7% |   -0.129 |       -5.1 |      -22.7 |    384 | core/div/remainder\[64\]$_SDFFE_PP0P_/D
    2394+ |       5 |     261 |       49 |     14 |    87 |    +0.7% |   -0.129 |       -5.1 |      -22.7 |    384 | core/div/remainder\[64\]$_SDFFE_PP0P_/D
    2395+ |       5 |     261 |       49 |     14 |    87 |    +0.7% |   -0.129 |       -5.1 |      -22.7 |    384 | core/div/remainder\[64\]$_SDFFE_PP0P_/D
    2396+ |       5 |     261 |       49 |     14 |    87 |    +0.7% |   -0.129 |       -5.1 |      -22.7 |    384 | core/div/remainder\[64\]$_SDFFE_PP0P_/D
    2397+ |       5 |     261 |       49 |     14 |    87 |    +0.7% |   -0.129 |       -5.1 |      -22.7 |    384 | core/div/remainder\[64\]$_SDFFE_PP0P_/D
    2398+ |       5 |     261 |       49 |     14 |    87 |    +0.7% |   -0.129 |       -5.1 |      -22.7 |    384 | core/div/remainder\[64\]$_SDFFE_PP0P_/D
    2399+ |       5 |     261 |       49 |     14 |    87 |    +0.7% |   -0.129 |       -5.1 |      -22.7 |    384 | core/div/remainder\[64\]$_SDFFE_PP0P_/D
    2400+ |       5 |     261 |       49 |     14 |    87 |    +0.7% |   -0.129 |       -5.1 |      -22.7 |    384 | core/div/remainder\[64\]$_SDFFE_PP0P_/D
    2401+ |       5 |     261 |       49 |     14 |    87 |    +0.7% |   -0.129 |       -5.1 |      -22.7 |    384 | core/div/remainder\[64\]$_SDFFE_PP0P_/D
    2402+ |       5 |     261 |       49 |     14 |    87 |    +0.7% |   -0.129 |       -5.1 |      -22.7 |    384 | core/div/remainder\[64\]$_SDFFE_PP0P_/D
    2403+ |       5 |     261 |       49 |     14 |    87 |    +0.7% |   -0.129 |       -5.1 |      -22.7 |    384 | core/div/remainder\[64\]$_SDFFE_PP0P_/D
    2404+ |       5 |     261 |       49 |     14 |    87 |    +0.7% |   -0.129 |       -5.1 |      -22.7 |    384 | core/div/remainder\[64\]$_SDFFE_PP0P_/D
    2405+ |       5 |     261 |       49 |     14 |    87 |    +0.7% |   -0.129 |       -5.1 |      -22.7 |    384 | core/div/remainder\[64\]$_SDFFE_PP0P_/D
    2406+ |       5 |     261 |       49 |     14 |    87 |    +0.7% |   -0.129 |       -5.1 |      -22.7 |    384 | core/div/remainder\[64\]$_SDFFE_PP0P_/D
    2407+ |       5 |     261 |       49 |     14 |    87 |    +0.7% |   -0.129 |       -5.1 |      -22.7 |    384 | core/div/remainder\[64\]$_SDFFE_PP0P_/D
    2408+ |       5 |     261 |       49 |     14 |    87 |    +0.7% |   -0.129 |       -5.1 |      -22.7 |    384 | core/div/remainder\[64\]$_SDFFE_PP0P_/D
    2409+ |       5 |     261 |       49 |     14 |    87 |    +0.7% |   -0.129 |       -5.1 |      -22.7 |    384 | core/div/remainder\[64\]$_SDFFE_PP0P_/D
    2410+ |       5 |     261 |       49 |     14 |    87 |    +0.7% |   -0.129 |       -5.1 |      -22.7 |    384 | core/div/remainder\[64\]$_SDFFE_PP0P_/D
    2410+ |       5 |     261 |       49 |     14 |    87 |    +0.7% |   -0.129 |       -5.1 |      -22.7 |    384 | core/div/remainder\[64\]$_SDFFE_PP0P_/D
    2411+ |       5 |     261 |       49 |     14 |    87 |    +0.7% |   -0.129 |       -5.1 |      -22.7 |    384 | core/div/remainder\[64\]$_SDFFE_PP0P_/D
    2412+ |       5 |     261 |       49 |     14 |    87 |    +0.7% |   -0.129 |       -5.1 |      -22.7 |    384 | core/div/remainder\[64\]$_SDFFE_PP0P_/D
    2413+ |       5 |     261 |       49 |     14 |    87 |    +0.7% |   -0.129 |       -5.1 |      -22.7 |    384 | core/div/remainder\[64\]$_SDFFE_PP0P_/D
    2414+ |       5 |     261 |       49 |     14 |    87 |    +0.7% |   -0.129 |       -5.1 |      -22.7 |    384 | core/div/remainder\[64\]$_SDFFE_PP0P_/D
    2415+ |       5 |     261 |       49 |     14 |    87 |    +0.7% |   -0.129 |       -5.1 |      -22.7 |    384 | core/div/remainder\[64\]$_SDFFE_PP0P_/D
    2416+ |       5 |     261 |       49 |     14 |    87 |    +0.7% |   -0.129 |       -5.1 |      -22.7 |    384 | core/div/remainder\[64\]$_SDFFE_PP0P_/D
    2417+ |       5 |     261 |       49 |     14 |    87 |    +0.7% |   -0.129 |       -5.1 |      -22.7 |    384 | core/div/remainder\[64\]$_SDFFE_PP0P_/D
    2418+ |       5 |     261 |       49 |     14 |    87 |    +0.7% |   -0.129 |       -5.1 |      -22.7 |    384 | core/div/remainder\[64\]$_SDFFE_PP0P_/D
    2419+ |       5 |     261 |       49 |     14 |    87 |    +0.7% |   -0.129 |       -5.1 |      -22.7 |    384 | core/div/remainder\[64\]$_SDFFE_PP0P_/D
    2420+ |       5 |     261 |       49 |     14 |    87 |    +0.7% |   -0.129 |       -5.1 |      -22.7 |    384 | core/div/remainder\[64\]$_SDFFE_PP0P_/D
    2420+ |       5 |     261 |       49 |     14 |    87 |    +0.7% |   -0.129 |       -5.1 |      -22.7 |    384 | core/div/remainder\[64\]$_SDFFE_PP0P_/D
    2421+ |       5 |     261 |       49 |     14 |    87 |    +0.7% |   -0.129 |       -5.1 |      -22.7 |    384 | core/div/remainder\[64\]$_SDFFE_PP0P_/D
    2422+ |       5 |     261 |       49 |     14 |    87 |    +0.7% |   -0.129 |       -5.1 |      -22.7 |    384 | core/div/remainder\[64\]$_SDFFE_PP0P_/D
    2423+ |       5 |     261 |       49 |     14 |    87 |    +0.7% |   -0.129 |       -5.1 |      -22.7 |    384 | core/div/remainder\[64\]$_SDFFE_PP0P_/D
    2424+ |       5 |     261 |       49 |     14 |    87 |    +0.7% |   -0.129 |       -5.1 |      -22.7 |    384 | core/div/remainder\[64\]$_SDFFE_PP0P_/D
    2425+ |       5 |     261 |       49 |     14 |    87 |    +0.7% |   -0.129 |       -5.1 |      -22.7 |    384 | core/div/remainder\[64\]$_SDFFE_PP0P_/D
    2426+ |       5 |     261 |       49 |     14 |    87 |    +0.7% |   -0.129 |       -5.1 |      -22.7 |    384 | core/div/remainder\[64\]$_SDFFE_PP0P_/D
    2427+ |       5 |     261 |       49 |     14 |    87 |    +0.7% |   -0.129 |       -5.1 |      -22.7 |    384 | core/div/remainder\[64\]$_SDFFE_PP0P_/D
    2428+ |       5 |     261 |       49 |     14 |    87 |    +0.7% |   -0.129 |       -5.1 |      -22.7 |    384 | core/div/remainder\[64\]$_SDFFE_PP0P_/D
    2429+ |       5 |     261 |       49 |     14 |    87 |    +0.7% |   -0.129 |       -5.1 |      -22.7 |    384 | core/div/remainder\[64\]$_SDFFE_PP0P_/D
    2430+ |       5 |     261 |       49 |     14 |    87 |    +0.7% |   -0.129 |       -5.1 |      -22.7 |    384 | core/div/remainder\[64\]$_SDFFE_PP0P_/D
    2430+ |       5 |     261 |       49 |     14 |    87 |    +0.7% |   -0.129 |       -5.1 |      -22.7 |    384 | core/div/remainder\[64\]$_SDFFE_PP0P_/D
    2431+ |       5 |     261 |       49 |     14 |    87 |    +0.7% |   -0.129 |       -5.1 |      -22.7 |    384 | core/div/remainder\[64\]$_SDFFE_PP0P_/D
    2432+ |       5 |     261 |       49 |     14 |    87 |    +0.7% |   -0.129 |       -5.1 |      -22.7 |    384 | core/div/remainder\[64\]$_SDFFE_PP0P_/D
    2433+ |       5 |     261 |       49 |     14 |    87 |    +0.7% |   -0.129 |       -5.1 |      -22.7 |    384 | core/div/remainder\[64\]$_SDFFE_PP0P_/D
    2434+ |       5 |     261 |       49 |     14 |    87 |    +0.7% |   -0.129 |       -5.1 |      -22.7 |    384 | core/div/remainder\[64\]$_SDFFE_PP0P_/D
    2435+ |       5 |     261 |       49 |     14 |    87 |    +0.7% |   -0.129 |       -5.1 |      -22.7 |    384 | core/div/remainder\[64\]$_SDFFE_PP0P_/D
    2436+ |       5 |     261 |       49 |     14 |    87 |    +0.7% |   -0.129 |       -5.1 |      -22.7 |    384 | core/div/remainder\[64\]$_SDFFE_PP0P_/D
    2437+ |       5 |     261 |       49 |     14 |    87 |    +0.7% |   -0.129 |       -5.1 |      -22.7 |    384 | core/div/remainder\[64\]$_SDFFE_PP0P_/D
    2438+ |       5 |     261 |       49 |     14 |    87 |    +0.7% |   -0.129 |       -5.1 |      -22.7 |    384 | core/div/remainder\[64\]$_SDFFE_PP0P_/D
    2439+ |       5 |     261 |       49 |     14 |    87 |    +0.7% |   -0.129 |       -5.1 |      -22.7 |    384 | core/div/remainder\[64\]$_SDFFE_PP0P_/D
    2440+ |       5 |     261 |       49 |     14 |    87 |    +0.7% |   -0.129 |       -5.1 |      -22.7 |    384 | core/div/remainder\[64\]$_SDFFE_PP0P_/D
    2440+ |       5 |     261 |       49 |     14 |    87 |    +0.7% |   -0.129 |       -5.1 |      -22.7 |    384 | core/div/remainder\[64\]$_SDFFE_PP0P_/D
    2441+ |       5 |     261 |       49 |     14 |    87 |    +0.7% |   -0.129 |       -5.1 |      -22.7 |    384 | core/div/remainder\[64\]$_SDFFE_PP0P_/D
    2442+ |       5 |     261 |       49 |     14 |    87 |    +0.7% |   -0.129 |       -5.1 |      -22.7 |    384 | core/div/remainder\[64\]$_SDFFE_PP0P_/D
    2443+ |       5 |     261 |       49 |     14 |    87 |    +0.7% |   -0.129 |       -5.1 |      -22.7 |    384 | core/div/remainder\[64\]$_SDFFE_PP0P_/D
    2444+ |       5 |     261 |       49 |     14 |    87 |    +0.7% |   -0.129 |       -5.1 |      -22.7 |    384 | core/div/remainder\[64\]$_SDFFE_PP0P_/D
    2445+ |       5 |     261 |       49 |     14 |    87 |    +0.7% |   -0.129 |       -5.1 |      -22.7 |    384 | core/div/remainder\[64\]$_SDFFE_PP0P_/D
    2446+ |       5 |     261 |       49 |     14 |    87 |    +0.7% |   -0.129 |       -5.1 |      -22.7 |    384 | core/div/remainder\[64\]$_SDFFE_PP0P_/D
    2447+ |       5 |     261 |       49 |     14 |    87 |    +0.7% |   -0.129 |       -5.1 |      -22.7 |    384 | core/div/remainder\[64\]$_SDFFE_PP0P_/D
    2448+ |       5 |     261 |       49 |     14 |    87 |    +0.7% |   -0.129 |       -5.1 |      -22.7 |    384 | core/div/remainder\[64\]$_SDFFE_PP0P_/D
    2449+ |       5 |     261 |       49 |     14 |    87 |    +0.7% |   -0.129 |       -5.1 |      -22.7 |    384 | core/div/remainder\[64\]$_SDFFE_PP0P_/D
    2450+ |       5 |     261 |       49 |     14 |    87 |    +0.7% |   -0.129 |       -5.1 |      -22.7 |    384 | core/div/remainder\[64\]$_SDFFE_PP0P_/D
    2450+ |       5 |     261 |       49 |     14 |    87 |    +0.7% |   -0.129 |       -5.1 |      -22.7 |    384 | core/div/remainder\[64\]$_SDFFE_PP0P_/D
    2451+ |       5 |     261 |       49 |     14 |    87 |    +0.7% |   -0.129 |       -5.1 |      -22.7 |    384 | core/div/remainder\[64\]$_SDFFE_PP0P_/D
    2452+ |       5 |     261 |       49 |     14 |    87 |    +0.7% |   -0.129 |       -5.1 |      -22.7 |    384 | core/div/remainder\[64\]$_SDFFE_PP0P_/D
    2453+ |       5 |     261 |       49 |     14 |    87 |    +0.7% |   -0.129 |       -5.1 |      -22.7 |    384 | core/div/remainder\[64\]$_SDFFE_PP0P_/D
    2454+ |       5 |     261 |       49 |     14 |    87 |    +0.7% |   -0.129 |       -5.1 |      -22.7 |    384 | core/div/remainder\[64\]$_SDFFE_PP0P_/D
    2455+ |       5 |     261 |       49 |     14 |    87 |    +0.7% |   -0.129 |       -5.1 |      -22.7 |    384 | core/div/remainder\[64\]$_SDFFE_PP0P_/D
    2456+ |       5 |     261 |       49 |     14 |    87 |    +0.7% |   -0.129 |       -5.1 |      -22.7 |    384 | core/div/remainder\[64\]$_SDFFE_PP0P_/D
    2457+ |       5 |     261 |       49 |     14 |    87 |    +0.7% |   -0.129 |       -5.1 |      -22.7 |    384 | core/div/remainder\[64\]$_SDFFE_PP0P_/D
    2458+ |       5 |     261 |       49 |     14 |    87 |    +0.7% |   -0.129 |       -5.1 |      -22.7 |    384 | core/div/remainder\[64\]$_SDFFE_PP0P_/D
    2459+ |       5 |     261 |       49 |     14 |    87 |    +0.7% |   -0.129 |       -5.1 |      -22.7 |    384 | core/div/remainder\[64\]$_SDFFE_PP0P_/D
    2460+ |       5 |     261 |       49 |     14 |    87 |    +0.7% |   -0.129 |       -5.1 |      -22.7 |    384 | core/div/remainder\[64\]$_SDFFE_PP0P_/D
    2460+ |       5 |     261 |       49 |     14 |    87 |    +0.7% |   -0.129 |       -5.1 |      -22.7 |    384 | core/div/remainder\[64\]$_SDFFE_PP0P_/D
    2461+ |       5 |     261 |       49 |     14 |    87 |    +0.7% |   -0.129 |       -5.1 |      -22.7 |    384 | core/div/remainder\[64\]$_SDFFE_PP0P_/D
    2462+ |       5 |     261 |       49 |     14 |    87 |    +0.7% |   -0.129 |       -5.1 |      -22.7 |    384 | core/div/remainder\[64\]$_SDFFE_PP0P_/D
    2463+ |       5 |     261 |       49 |     14 |    87 |    +0.7% |   -0.129 |       -5.1 |      -22.7 |    384 | core/div/remainder\[64\]$_SDFFE_PP0P_/D
    2464+ |       5 |     261 |       49 |     14 |    87 |    +0.7% |   -0.129 |       -5.1 |      -22.7 |    384 | core/div/remainder\[64\]$_SDFFE_PP0P_/D
    2465+ |       5 |     261 |       49 |     14 |    87 |    +0.7% |   -0.129 |       -5.1 |      -22.7 |    384 | core/div/remainder\[64\]$_SDFFE_PP0P_/D
    2466+ |       5 |     261 |       49 |     14 |    87 |    +0.7% |   -0.129 |       -5.1 |      -22.7 |    384 | core/div/remainder\[64\]$_SDFFE_PP0P_/D
    2467+ |       5 |     261 |       49 |     14 |    87 |    +0.7% |   -0.129 |       -5.1 |      -22.7 |    384 | core/div/remainder\[64\]$_SDFFE_PP0P_/D
    2468+ |       5 |     261 |       49 |     14 |    87 |    +0.7% |   -0.129 |       -5.1 |      -22.7 |    384 | core/div/remainder\[64\]$_SDFFE_PP0P_/D
    2469+ |       5 |     261 |       49 |     14 |    87 |    +0.7% |   -0.129 |       -5.1 |      -22.7 |    384 | core/div/remainder\[64\]$_SDFFE_PP0P_/D
    2470+ |       5 |     261 |       49 |     14 |    87 |    +0.7% |   -0.129 |       -5.1 |      -22.7 |    384 | core/div/remainder\[64\]$_SDFFE_PP0P_/D
    2470+ |       5 |     261 |       49 |     14 |    87 |    +0.7% |   -0.129 |       -5.1 |      -22.7 |    384 | core/div/remainder\[64\]$_SDFFE_PP0P_/D
    2471+ |       5 |     261 |       49 |     14 |    87 |    +0.7% |   -0.129 |       -5.1 |      -22.7 |    384 | core/div/remainder\[64\]$_SDFFE_PP0P_/D
    2472+ |       5 |     261 |       49 |     14 |    87 |    +0.7% |   -0.129 |       -5.1 |      -22.7 |    384 | core/div/remainder\[64\]$_SDFFE_PP0P_/D
    2473+ |       5 |     261 |       49 |     14 |    87 |    +0.7% |   -0.129 |       -5.1 |      -22.7 |    384 | core/div/remainder\[64\]$_SDFFE_PP0P_/D
    2474+ |       5 |     261 |       49 |     14 |    87 |    +0.7% |   -0.129 |       -5.1 |      -22.7 |    384 | core/div/remainder\[64\]$_SDFFE_PP0P_/D
    2475+ |       5 |     261 |       49 |     14 |    87 |    +0.7% |   -0.129 |       -5.1 |      -22.7 |    384 | core/div/remainder\[64\]$_SDFFE_PP0P_/D
    2476+ |       5 |     261 |       49 |     14 |    87 |    +0.7% |   -0.129 |       -5.1 |      -22.7 |    384 | core/div/remainder\[64\]$_SDFFE_PP0P_/D
    2477+ |       5 |     261 |       49 |     14 |    87 |    +0.7% |   -0.129 |       -5.1 |      -22.7 |    384 | core/div/remainder\[64\]$_SDFFE_PP0P_/D
    2478+ |       5 |     261 |       49 |     14 |    87 |    +0.7% |   -0.129 |       -5.1 |      -22.7 |    384 | core/div/remainder\[64\]$_SDFFE_PP0P_/D
    2479+ |       5 |     261 |       49 |     14 |    87 |    +0.7% |   -0.129 |       -5.1 |      -22.7 |    384 | core/div/remainder\[64\]$_SDFFE_PP0P_/D
    2480+ |       5 |     261 |       49 |     14 |    87 |    +0.7% |   -0.129 |       -5.1 |      -22.7 |    384 | core/div/remainder\[64\]$_SDFFE_PP0P_/D
    2480+ |       5 |     261 |       49 |     14 |    87 |    +0.7% |   -0.129 |       -5.1 |      -22.7 |    384 | core/div/remainder\[64\]$_SDFFE_PP0P_/D
    2481+ |       5 |     261 |       49 |     14 |    87 |    +0.7% |   -0.129 |       -5.1 |      -22.7 |    384 | core/div/remainder\[64\]$_SDFFE_PP0P_/D
    2482+ |       5 |     261 |       49 |     14 |    87 |    +0.7% |   -0.129 |       -5.1 |      -22.7 |    384 | core/div/remainder\[64\]$_SDFFE_PP0P_/D
    2483+ |       5 |     261 |       49 |     14 |    87 |    +0.7% |   -0.129 |       -5.1 |      -22.7 |    384 | core/div/remainder\[64\]$_SDFFE_PP0P_/D
    2484+ |       5 |     261 |       49 |     14 |    87 |    +0.7% |   -0.129 |       -5.1 |      -22.7 |    384 | core/div/remainder\[64\]$_SDFFE_PP0P_/D
    2485+ |       5 |     261 |       49 |     14 |    87 |    +0.7% |   -0.129 |       -5.1 |      -22.7 |    384 | core/div/remainder\[64\]$_SDFFE_PP0P_/D
    2486+ |       5 |     261 |       49 |     14 |    87 |    +0.7% |   -0.129 |       -5.1 |      -22.7 |    384 | core/div/remainder\[64\]$_SDFFE_PP0P_/D
    2487+ |       5 |     261 |       49 |     14 |    87 |    +0.7% |   -0.129 |       -5.1 |      -22.7 |    384 | core/div/remainder\[64\]$_SDFFE_PP0P_/D
    2488+ |       5 |     261 |       49 |     14 |    87 |    +0.7% |   -0.129 |       -5.1 |      -22.7 |    384 | core/div/remainder\[64\]$_SDFFE_PP0P_/D
    2489+ |       5 |     261 |       49 |     14 |    87 |    +0.7% |   -0.129 |       -5.1 |      -22.7 |    384 | core/div/remainder\[64\]$_SDFFE_PP0P_/D
    2490+ |       5 |     261 |       49 |     14 |    87 |    +0.7% |   -0.129 |       -5.1 |      -22.7 |    384 | core/div/remainder\[64\]$_SDFFE_PP0P_/D
    2490+ |       5 |     261 |       49 |     14 |    87 |    +0.7% |   -0.129 |       -5.1 |      -22.7 |    384 | core/div/remainder\[64\]$_SDFFE_PP0P_/D
    2491+ |       5 |     261 |       49 |     14 |    87 |    +0.7% |   -0.129 |       -5.1 |      -22.7 |    384 | core/div/remainder\[64\]$_SDFFE_PP0P_/D
    2492+ |       5 |     261 |       49 |     14 |    87 |    +0.7% |   -0.129 |       -5.1 |      -22.7 |    384 | core/div/remainder\[64\]$_SDFFE_PP0P_/D
    2493+ |       5 |     261 |       49 |     14 |    87 |    +0.7% |   -0.129 |       -5.1 |      -22.7 |    384 | core/div/remainder\[64\]$_SDFFE_PP0P_/D
    2494+ |       5 |     261 |       49 |     14 |    87 |    +0.7% |   -0.129 |       -5.1 |      -22.7 |    384 | core/div/remainder\[64\]$_SDFFE_PP0P_/D
    2495+ |       5 |     261 |       49 |     14 |    87 |    +0.7% |   -0.129 |       -5.1 |      -22.7 |    384 | core/div/remainder\[64\]$_SDFFE_PP0P_/D
    2496+ |       5 |     261 |       49 |     14 |    87 |    +0.7% |   -0.129 |       -5.1 |      -22.7 |    384 | core/div/remainder\[64\]$_SDFFE_PP0P_/D
    2497+ |       5 |     261 |       49 |     14 |    87 |    +0.7% |   -0.129 |       -5.1 |      -22.7 |    384 | core/div/remainder\[64\]$_SDFFE_PP0P_/D
    2498+ |       5 |     261 |       49 |     14 |    87 |    +0.7% |   -0.129 |       -5.1 |      -22.7 |    384 | core/div/remainder\[64\]$_SDFFE_PP0P_/D
    2499+ |       5 |     261 |       49 |     14 |    87 |    +0.7% |   -0.129 |       -5.1 |      -22.7 |    384 | core/div/remainder\[64\]$_SDFFE_PP0P_/D
    2500+ |       5 |     261 |       49 |     14 |    87 |    +0.7% |   -0.129 |       -5.1 |      -22.7 |    384 | core/div/remainder\[64\]$_SDFFE_PP0P_/D
    final |       5 |     261 |       49 |     14 |    87 |    +0.7% |   -0.129 |       -5.1 |      -22.7 |    384 | core/div/remainder\[64\]$_SDFFE_PP0P_/D
------------------------------------------------------------------------------------------------------------------------------
[INFO RSZ-0059] Removed 5 buffers.
[INFO RSZ-0045] Inserted 49 buffers, 1 to split loads.
[INFO RSZ-0051] Resized 261 instances: 261 up, 0 up match, 0 down, 0 VT
[INFO RSZ-0043] Swapped pins on 87 instances.
[INFO RSZ-0049] Cloned 14 instances.
[WARNING RSZ-0062] Unable to repair all setup violations.
[INFO RSZ-0505] Runtime: 136.40s
[INFO RSZ-0033] No hold violations found.
[INFO RSZ-0506] Runtime: 0.11s
Took 136 seconds: repair_timing -setup_margin 0 -hold_margin 0 -repair_tns 100 -verbose
global_route -start_incremental
detailed_placement
[INFO DPL-0006] Core area: 88535.44 um^2
[INFO DPL-0007] Movable instances area: 53192.55 um^2
[INFO DPL-0008] Fixed instances area within core: 2693.78 um^2
[INFO DPL-0009] Utilization: 63.1%
[INFO DPL-0005] Diamond search max displacement: +/- 500 sites horizontally, +/- 100 rows vertically.
[INFO DPL-1102] Legalizing using negotiation legalizer.
[INFO DPL-1103] Negotiation base search window: +/-20 sites horizontally, +/-5 rows vertically 
	Automatic search window extension enabled.
	Search window extendable up to the max displacement cap of +/-500 sites, +/-100 rows near walls.
[INFO DPL-1104] NegotiationLegalizer DRC penalty: 5.
[INFO DPL-0392] Negotiation cell height distribution (2 unique row-count(s)):
[INFO DPL-0393]   height 1 row(s): 29714 cells
[INFO DPL-0393]   height 44 row(s): 2 cells
          |      Total |  Illegal |  Illegal
Iteration | Violations |    Cells |    Sites
---------------------------------------------
        0 |       1534 |       230 |      1304
        1 |        880 |       100 |       780
        2 |        700 |        74 |       626
        3 |        592 |        56 |       536
        4 |        437 |        43 |       388
        5 |        281 |        33 |       248
        6 |        280 |        30 |       232
        7 |        205 |        23 |       182
        8 |        219 |        20 |       199
        9 |        199 |        19 |       180
       10 |        151 |        15 |       136
       20 |         37 |         3 |        34
       25 |          0 |         0 |         0
Negotiation phase 1 converged at iteration 25.
[INFO DPL-0500] Runtime: 0.59s
Placement Analysis
---------------------------------
total displacement        834.3 u
average displacement        0.0 u
max displacement           13.2 u
original HPWL          431839.9 u
legalized HPWL         432664.7 u
delta HPWL                    0 %

check_placement -verbose
global_route -end_incremental -congestion_report_file /work/reports/nangate45/tinyRocket/base/congestion_post_repair_timing.rpt
estimate_parasitics -global_routing
global_route -start_incremental
global_route -end_incremental -congestion_report_file /work/reports/nangate45/tinyRocket/base/congestion_post_recover_power.rpt
Repair antennas...
[WARNING GRT-0246] No diode with LEF class CORE ANTENNACELL found.
[INFO ANT-0002] Found 0 net violations.
[INFO ANT-0001] Found 0 pin violations.
Estimate parasitics...
estimate_parasitics -global_routing
Report metrics stage 5, global route...

==========================================================================
global route report_design_area
--------------------------------------------------------------------------
Design area 55886 um^2 63% utilization.
[INFO FLW-0007] clock core_clock period 1.200000
[INFO FLW-0008] Clock core_clock period 1.263
[INFO FLW-0009] Clock core_clock slack -0.130
write_sdc -no_timestamp /work/results/nangate45/tinyRocket/base/updated_clks.sdc
[INFO FLW-0011] Path endpoint path count 9084
write_db /work/results/nangate45/tinyRocket/base/5_1_grt.odb
write_sdc -no_timestamp /work/results/nangate45/tinyRocket/base/5_1_grt.sdc
Elapsed time: 3:04.83[h:]min:sec. CPU time: user 619.63 sys 18.81 (345%). Peak memory: 677548KB.
Log                       Ext     Elapsed/s Peak Memory/MB sha1sum result [0:20)
5_1_grt                   .odb          184            661 6962e04f09a2bd554e1e
5_1_grt                   .sdc                             7e89828fd407c9695363
