OpenROAD unknown 
Features included (+) or not (-): -GPU +GUI -Python
This program is licensed under the BSD-3 license. See the LICENSE file for details.
Components of this program may be licensed under more restrictive licenses which must be honored.
[INFO ORD-0030] Using 16 thread(s).
read_liberty /OpenROAD-flow-scripts/flow/platforms/nangate45/lib/NangateOpenCellLibrary_typical.lib
read_liberty /OpenROAD-flow-scripts/flow/designs/nangate45/tinyRocket/fakeram45_1024x32.lib
read_liberty /OpenROAD-flow-scripts/flow/designs/nangate45/tinyRocket/fakeram45_64x32.lib
read_db /work/tinyRocket/18b7966f4e91c8d5/orfs/results/nangate45/tinyRocket/base/4_cts.odb
read_sdc /work/tinyRocket/18b7966f4e91c8d5/orfs/results/nangate45/tinyRocket/base/4_cts.sdc
source /OpenROAD-flow-scripts/flow/platforms/nangate45/setRC.tcl
pin_access
[INFO DRT-0149] Reading tech and libs.

Units:                2000
Number of layers:     21
Number of macros:     137
Number of vias:       36
Number of viarulegen: 19

[INFO DRT-0150] Reading design.

Design:                   RocketTile
Die area:                 ( 0 0 ) ( 604800 604800 )
Number of track patterns: 20
Number of DEF vias:       0
Number of components:     28048
Number of terminals:      271
Number of snets:          2
Number of nets:           32731

[INFO DRT-0167] List of default vias:
  Layer via2
    default via: via2_5
  Layer via3
    default via: via3_2
  Layer via4
    default via: via4_0
  Layer via5
    default via: via5_0
  Layer via6
    default via: via6_0
  Layer via7
    default via: via7_0
  Layer via8
    default via: via8_0
  Layer via9
    default via: via9_0
[INFO DRT-0162] Library cell analysis.
[INFO DRT-0163] Instance analysis.
[INFO DRT-0164] Number of unique instances = 174.
[INFO DRT-0168] Init region query.
[INFO DRT-0024]   Complete active.
[INFO DRT-0024]   Complete Fr_VIA.
[INFO DRT-0024]   Complete metal1.
[INFO DRT-0024]   Complete via1.
[INFO DRT-0024]   Complete metal2.
[INFO DRT-0024]   Complete via2.
[INFO DRT-0024]   Complete metal3.
[INFO DRT-0024]   Complete via3.
[INFO DRT-0024]   Complete metal4.
[INFO DRT-0024]   Complete via4.
[INFO DRT-0024]   Complete metal5.
[INFO DRT-0024]   Complete via5.
[INFO DRT-0024]   Complete metal6.
[INFO DRT-0024]   Complete via6.
[INFO DRT-0024]   Complete metal7.
[INFO DRT-0024]   Complete via7.
[INFO DRT-0024]   Complete metal8.
[INFO DRT-0024]   Complete via8.
[INFO DRT-0024]   Complete metal9.
[INFO DRT-0024]   Complete via9.
[INFO DRT-0024]   Complete metal10.
[INFO DRT-0033] active shape region query size = 0.
[INFO DRT-0033] FR_VIA shape region query size = 0.
[INFO DRT-0033] metal1 shape region query size = 580453.
[INFO DRT-0033] via1 shape region query size = 3522.
[INFO DRT-0033] metal2 shape region query size = 2350.
[INFO DRT-0033] via2 shape region query size = 3522.
[INFO DRT-0033] metal3 shape region query size = 2772.
[INFO DRT-0033] via3 shape region query size = 3522.
[INFO DRT-0033] metal4 shape region query size = 1407.
[INFO DRT-0033] via4 shape region query size = 1328.
[INFO DRT-0033] metal5 shape region query size = 412.
[INFO DRT-0033] via5 shape region query size = 1532.
[INFO DRT-0033] metal6 shape region query size = 521.
[INFO DRT-0033] via6 shape region query size = 600.
[INFO DRT-0033] metal7 shape region query size = 170.
[INFO DRT-0033] via7 shape region query size = 0.
[INFO DRT-0033] metal8 shape region query size = 0.
[INFO DRT-0033] via8 shape region query size = 0.
[INFO DRT-0033] metal9 shape region query size = 0.
[INFO DRT-0033] via9 shape region query size = 0.
[INFO DRT-0033] metal10 shape region query size = 0.
[INFO DRT-0165] Start pin access.
[INFO DRT-0076]   Complete 1000 pins.
[INFO DRT-0078]   Complete 1224 pins.
[INFO DRT-0079]   Complete 100 unique inst patterns.
[INFO DRT-0081]   Complete 172 unique inst patterns.
[INFO DRT-0082]   Complete 10000 groups.
[INFO DRT-0084]   Complete 14198 groups.
#scanned instances     = 28048
#unique  instances     = 174
#stdCellGenAp          = 6504
#stdCellValidPlanarAp  = 0
#stdCellValidViaAp     = 4441
#stdCellPinNoAp        = 0
#stdCellPinCnt         = 100233
#instTermValidViaApCnt = 0
#macroGenAp            = 210
#macroValidPlanarAp    = 210
#macroValidViaAp       = 0
#macroNoAp             = 0
[INFO DRT-0166] Complete pin access.
[INFO DRT-0267] cpu time = 00:06:26, elapsed time = 00:00:27, memory = 203.54 (MB), peak = 213.53 (MB)
Took 27 seconds: pin_access
global_route -congestion_report_file /work/tinyRocket/18b7966f4e91c8d5/orfs/reports/nangate45/tinyRocket/base/congestion.rpt -congestion_iterations 30 -congestion_report_iter_step 5 -verbose
[INFO GRT-0020] Min routing layer: metal2
[INFO GRT-0021] Max routing layer: metal10
[INFO GRT-0022] Global adjustment: 0%
[INFO GRT-0023] Grid origin: (0, 0)
[INFO GRT-0088] Layer metal1  Track-Pitch = 0.1400  line-2-Via Pitch: 0.1350
[INFO GRT-0088] Layer metal2  Track-Pitch = 0.1900  line-2-Via Pitch: 0.1400
[INFO GRT-0088] Layer metal3  Track-Pitch = 0.1400  line-2-Via Pitch: 0.1400
[INFO GRT-0088] Layer metal4  Track-Pitch = 0.2800  line-2-Via Pitch: 0.2800
[INFO GRT-0088] Layer metal5  Track-Pitch = 0.2800  line-2-Via Pitch: 0.2800
[INFO GRT-0088] Layer metal6  Track-Pitch = 0.2800  line-2-Via Pitch: 0.2800
[INFO GRT-0088] Layer metal7  Track-Pitch = 0.8000  line-2-Via Pitch: 0.8000
[INFO GRT-0088] Layer metal8  Track-Pitch = 0.8000  line-2-Via Pitch: 0.8000
[INFO GRT-0088] Layer metal9  Track-Pitch = 1.6000  line-2-Via Pitch: 1.6000
[INFO GRT-0088] Layer metal10 Track-Pitch = 1.6000  line-2-Via Pitch: 1.6000
[INFO GRT-0003] Macros: 2
[INFO GRT-0004] Blockages: 236
[INFO GRT-0019] Found 649 clock nets.
[INFO GRT-0001] Minimum degree: 2
[INFO GRT-0002] Maximum degree: 52

[INFO GRT-0053] Routing resources analysis:
          Routing      Original      Derated      Resource
Layer     Direction    Resources     Resources    Reduction (%)
---------------------------------------------------------------
metal1     Horizontal          0             0          0.00%
metal2     Vertical       158454         74490          52.99%
metal3     Horizontal     218199        107217          50.86%
metal4     Vertical       107484         76065          29.23%
metal5     Horizontal     112293         79188          29.48%
metal6     Vertical       112475         79356          29.45%
metal7     Horizontal      34545         24360          29.48%
metal8     Vertical        39585         28455          28.12%
metal9     Horizontal      19740         11130          43.62%
metal10    Vertical        19740         11130          43.62%
---------------------------------------------------------------

[INFO GRT-0101] Running extra iterations to remove congestion.
[INFO GRT-0102] Start extra iteration 1/30
[INFO GRT-0102] Start extra iteration 2/30
[INFO GRT-0197] Via related to pin nodes: 176387
[INFO GRT-0198] Via related Steiner nodes: 3851
[INFO GRT-0199] Via filling finished.
[INFO GRT-0111] Final number of vias: 227273
[INFO GRT-0112] Final usage 3D: 857020

[INFO GRT-0096] Final congestion report:
Layer         Resource        Demand        Usage (%)    Max H / Max V / Total Congestion
---------------------------------------------------------------------------------------
metal1               0             0            0.00%             0 /  0 /  0
metal2           74490         45997           61.75%             0 /  0 /  0
metal3          107217         60287           56.23%             0 /  0 /  0
metal4           76065         27255           35.83%             0 /  0 /  0
metal5           79188         24748           31.25%             0 /  0 /  0
metal6           79356         11840           14.92%             0 /  0 /  0
metal7           24360          3184           13.07%             0 /  0 /  0
metal8           28455          1174            4.13%             0 /  0 /  0
metal9           11130           579            5.20%             0 /  0 /  0
metal10          11130           137            1.23%             0 /  0 /  0
---------------------------------------------------------------------------------------
Total           491391        175201           35.65%             0 /  0 /  0

[INFO GRT-0018] Total wirelength: 704702 um
[INFO GRT-0014] Routed nets: 28317
[INFO GRT-0303] Global routing runtime = 00:00:01
estimate_parasitics -global_routing
Perform buffer insertion and gate resizing...
repair_design -verbose
Iteration |   Area    | Resized | Buffers | Nets repaired | Remaining
---------------------------------------------------------------------
        0 |     +0.0% |       0 |       0 |             0 |     33179
     1000 |     +0.0% |       0 |       0 |             0 |     32179
     2000 |     +0.0% |       0 |       0 |             0 |     31179
     3000 |     +0.0% |       0 |       1 |             1 |     30179
     4000 |     +0.0% |       0 |       1 |             1 |     29179
     5000 |     +0.0% |       0 |       1 |             1 |     28179
     6000 |     +0.0% |       0 |       1 |             2 |     27179
     7000 |     +0.0% |       0 |       2 |             5 |     26179
[WARNING RSZ-0104] Net core/_10493_ only has one pin. Check if it is intended to be dangling.
     8000 |     +0.0% |       0 |       2 |             6 |     25179
[WARNING RSZ-0104] Net core/csr/_T_311\[28\] only has one pin. Check if it is intended to be dangling.
[WARNING RSZ-0104] Net core/csr/_T_311\[22\] only has one pin. Check if it is intended to be dangling.
[WARNING RSZ-0104] Net core/csr/_T_311\[26\] only has one pin. Check if it is intended to be dangling.
[WARNING RSZ-0104] Net core/csr/_T_311\[24\] only has one pin. Check if it is intended to be dangling.
     9000 |     +0.0% |       0 |       4 |            10 |     24179
[WARNING RSZ-0104] Net _2135_ only has one pin. Check if it is intended to be dangling.
[WARNING RSZ-0104] Net core/csr/_T_347\[28\] only has one pin. Check if it is intended to be dangling.
[WARNING RSZ-0104] Net core/csr/_T_293\[27\] only has one pin. Check if it is intended to be dangling.
[WARNING RSZ-0104] Net core/csr/_T_347\[29\] only has one pin. Check if it is intended to be dangling.
[WARNING RSZ-0104] Net core/csr/_T_302\[28\] only has one pin. Check if it is intended to be dangling.
[WARNING RSZ-0104] Net core/csr/_T_293\[25\] only has one pin. Check if it is intended to be dangling.
[WARNING RSZ-0104] Net core/csr/_T_293\[26\] only has one pin. Check if it is intended to be dangling.
[WARNING RSZ-0104] Net core/csr/_T_311\[18\] only has one pin. Check if it is intended to be dangling.
[WARNING RSZ-0104] Net core/csr/_T_311\[27\] only has one pin. Check if it is intended to be dangling.
[WARNING RSZ-0104] Net core/csr/_T_293\[23\] only has one pin. Check if it is intended to be dangling.
[WARNING RSZ-0104] Net core/csr/_T_347\[27\] only has one pin. Check if it is intended to be dangling.
[WARNING RSZ-0104] Net core/csr/_T_311\[20\] only has one pin. Check if it is intended to be dangling.
[WARNING RSZ-0104] Net core/csr/_T_347\[25\] only has one pin. Check if it is intended to be dangling.
[WARNING RSZ-0104] Net core/csr/_T_347\[26\] only has one pin. Check if it is intended to be dangling.
[WARNING RSZ-0104] Net core/csr/_T_320\[23\] only has one pin. Check if it is intended to be dangling.
[WARNING RSZ-0104] Net core/csr/_T_320\[27\] only has one pin. Check if it is intended to be dangling.
[WARNING RSZ-0104] Net core/csr/_T_347\[23\] only has one pin. Check if it is intended to be dangling.
[WARNING RSZ-0104] Net core/csr/_T_302\[24\] only has one pin. Check if it is intended to be dangling.
[WARNING RSZ-0104] Net core/csr/_T_302\[26\] only has one pin. Check if it is intended to be dangling.
[WARNING RSZ-0104] Net core/csr/_T_311\[25\] only has one pin. Check if it is intended to be dangling.
[WARNING RSZ-0104] Net core/csr/_T_311\[16\] only has one pin. Check if it is intended to be dangling.
[WARNING RSZ-0104] Net core/csr/_T_347\[24\] only has one pin. Check if it is intended to be dangling.
[WARNING RSZ-0104] Net core/csr/_T_338\[26\] only has one pin. Check if it is intended to be dangling.
    10000 |     +0.0% |       0 |       5 |            11 |     23179
[WARNING RSZ-0104] Net _2133_ only has one pin. Check if it is intended to be dangling.
[WARNING RSZ-0104] Net core/csr/_T_284\[23\] only has one pin. Check if it is intended to be dangling.
[WARNING RSZ-0104] Net core/csr/_T_284\[25\] only has one pin. Check if it is intended to be dangling.
[WARNING RSZ-0104] Net core/csr/_T_284\[27\] only has one pin. Check if it is intended to be dangling.
[WARNING RSZ-0104] Net core/csr/_T_284\[29\] only has one pin. Check if it is intended to be dangling.
[WARNING RSZ-0104] Net core/csr/_T_284\[26\] only has one pin. Check if it is intended to be dangling.
[WARNING RSZ-0104] Net core/csr/_T_284\[28\] only has one pin. Check if it is intended to be dangling.
[WARNING RSZ-0104] Net core/csr/_T_347\[22\] only has one pin. Check if it is intended to be dangling.
[WARNING RSZ-0104] Net core/csr/_T_347\[20\] only has one pin. Check if it is intended to be dangling.
[WARNING RSZ-0104] Net core/csr/_T_293\[19\] only has one pin. Check if it is intended to be dangling.
[WARNING RSZ-0104] Net core/csr/_T_338\[22\] only has one pin. Check if it is intended to be dangling.
[WARNING RSZ-0104] Net core/csr/_T_293\[24\] only has one pin. Check if it is intended to be dangling.
[WARNING RSZ-0104] Net core/csr/_T_347\[12\] only has one pin. Check if it is intended to be dangling.
[WARNING RSZ-0104] Net core/csr/_T_293\[21\] only has one pin. Check if it is intended to be dangling.
[WARNING RSZ-0104] Net core/csr/_T_293\[20\] only has one pin. Check if it is intended to be dangling.
[WARNING RSZ-0104] Net core/csr/_T_347\[19\] only has one pin. Check if it is intended to be dangling.
[WARNING RSZ-0104] Net core/csr/_T_338\[16\] only has one pin. Check if it is intended to be dangling.
[WARNING RSZ-0104] Net core/csr/_T_338\[24\] only has one pin. Check if it is intended to be dangling.
[WARNING RSZ-0104] Net core/csr/_T_329\[27\] only has one pin. Check if it is intended to be dangling.
[WARNING RSZ-0104] Net core/csr/_T_329\[28\] only has one pin. Check if it is intended to be dangling.
[WARNING RSZ-0104] Net core/csr/_T_311\[19\] only has one pin. Check if it is intended to be dangling.
[WARNING RSZ-0104] Net core/csr/_T_347\[21\] only has one pin. Check if it is intended to be dangling.
[WARNING RSZ-0104] Net core/csr/_T_302\[12\] only has one pin. Check if it is intended to be dangling.
[WARNING RSZ-0104] Net core/csr/_T_302\[29\] only has one pin. Check if it is intended to be dangling.
[WARNING RSZ-0104] Net core/csr/_T_311\[14\] only has one pin. Check if it is intended to be dangling.
[WARNING RSZ-0104] Net core/csr/_T_302\[14\] only has one pin. Check if it is intended to be dangling.
[WARNING RSZ-0104] Net core/csr/_T_302\[15\] only has one pin. Check if it is intended to be dangling.
[WARNING RSZ-0104] Net core/csr/_T_302\[16\] only has one pin. Check if it is intended to be dangling.
[WARNING RSZ-0104] Net core/csr/_T_302\[20\] only has one pin. Check if it is intended to be dangling.
[WARNING RSZ-0104] Net core/csr/_T_320\[28\] only has one pin. Check if it is intended to be dangling.
[WARNING RSZ-0104] Net core/csr/_T_320\[29\] only has one pin. Check if it is intended to be dangling.
[WARNING RSZ-0104] Net core/csr/_T_320\[24\] only has one pin. Check if it is intended to be dangling.
[WARNING RSZ-0104] Net core/csr/_T_320\[25\] only has one pin. Check if it is intended to be dangling.
[WARNING RSZ-0104] Net core/csr/_T_302\[22\] only has one pin. Check if it is intended to be dangling.
[WARNING RSZ-0104] Net core/csr/_T_320\[26\] only has one pin. Check if it is intended to be dangling.
[WARNING RSZ-0104] Net core/csr/_T_320\[21\] only has one pin. Check if it is intended to be dangling.
[WARNING RSZ-0104] Net core/csr/_T_347\[15\] only has one pin. Check if it is intended to be dangling.
[WARNING RSZ-0104] Net core/csr/_T_302\[25\] only has one pin. Check if it is intended to be dangling.
[WARNING RSZ-0104] Net core/csr/_T_338\[28\] only has one pin. Check if it is intended to be dangling.
[WARNING RSZ-0104] Net core/csr/_T_302\[27\] only has one pin. Check if it is intended to be dangling.
[WARNING RSZ-0104] Net core/csr/_T_293\[18\] only has one pin. Check if it is intended to be dangling.
[WARNING RSZ-0104] Net core/csr/_T_311\[23\] only has one pin. Check if it is intended to be dangling.
[WARNING RSZ-0104] Net core/csr/_T_347\[16\] only has one pin. Check if it is intended to be dangling.
[WARNING RSZ-0104] Net core/csr/_T_293\[29\] only has one pin. Check if it is intended to be dangling.
[WARNING RSZ-0104] Net core/csr/_T_311\[21\] only has one pin. Check if it is intended to be dangling.
[WARNING RSZ-0104] Net core/csr/_T_311\[29\] only has one pin. Check if it is intended to be dangling.
[WARNING RSZ-0104] Net core/csr/_T_293\[16\] only has one pin. Check if it is intended to be dangling.
[WARNING RSZ-0104] Net core/csr/_T_284\[19\] only has one pin. Check if it is intended to be dangling.
    11000 |     +0.0% |       0 |       5 |            11 |     22179
[WARNING RSZ-0104] Net core/_10495_ only has one pin. Check if it is intended to be dangling.
    12000 |     +0.0% |       0 |       8 |            13 |     21179
[WARNING RSZ-0104] Net core/csr/_T_284\[18\] only has one pin. Check if it is intended to be dangling.
[WARNING RSZ-0104] Net core/csr/_T_284\[22\] only has one pin. Check if it is intended to be dangling.
[WARNING RSZ-0104] Net core/csr/_T_329\[23\] only has one pin. Check if it is intended to be dangling.
[WARNING RSZ-0104] Net core/csr/_T_338\[21\] only has one pin. Check if it is intended to be dangling.
[WARNING RSZ-0104] Net core/csr/_T_338\[27\] only has one pin. Check if it is intended to be dangling.
[WARNING RSZ-0104] Net core/csr/_T_284\[20\] only has one pin. Check if it is intended to be dangling.
[WARNING RSZ-0104] Net core/csr/_T_284\[21\] only has one pin. Check if it is intended to be dangling.
[WARNING RSZ-0104] Net core/csr/_T_284\[24\] only has one pin. Check if it is intended to be dangling.
[WARNING RSZ-0104] Net core/csr/_T_338\[20\] only has one pin. Check if it is intended to be dangling.
[WARNING RSZ-0104] Net core/csr/_T_329\[22\] only has one pin. Check if it is intended to be dangling.
[WARNING RSZ-0104] Net core/csr/_T_338\[14\] only has one pin. Check if it is intended to be dangling.
[WARNING RSZ-0104] Net core/csr/_T_338\[23\] only has one pin. Check if it is intended to be dangling.
[WARNING RSZ-0104] Net core/csr/_T_293\[14\] only has one pin. Check if it is intended to be dangling.
[WARNING RSZ-0104] Net core/csr/_T_347\[13\] only has one pin. Check if it is intended to be dangling.
[WARNING RSZ-0104] Net core/csr/_T_329\[24\] only has one pin. Check if it is intended to be dangling.
[WARNING RSZ-0104] Net core/csr/_T_338\[25\] only has one pin. Check if it is intended to be dangling.
[WARNING RSZ-0104] Net core/csr/_T_329\[25\] only has one pin. Check if it is intended to be dangling.
[WARNING RSZ-0104] Net core/csr/_T_347\[14\] only has one pin. Check if it is intended to be dangling.
[WARNING RSZ-0104] Net core/csr/_T_338\[18\] only has one pin. Check if it is intended to be dangling.
[WARNING RSZ-0104] Net core/csr/_T_302\[10\] only has one pin. Check if it is intended to be dangling.
[WARNING RSZ-0104] Net core/csr/_T_302\[11\] only has one pin. Check if it is intended to be dangling.
[WARNING RSZ-0104] Net core/csr/_T_329\[16\] only has one pin. Check if it is intended to be dangling.
[WARNING RSZ-0104] Net core/csr/_T_329\[26\] only has one pin. Check if it is intended to be dangling.
[WARNING RSZ-0104] Net core/csr/_T_302\[13\] only has one pin. Check if it is intended to be dangling.
[WARNING RSZ-0104] Net core/csr/_T_302\[18\] only has one pin. Check if it is intended to be dangling.
[WARNING RSZ-0104] Net core/csr/_T_302\[19\] only has one pin. Check if it is intended to be dangling.
[WARNING RSZ-0104] Net core/csr/_T_347\[11\] only has one pin. Check if it is intended to be dangling.
[WARNING RSZ-0104] Net core/csr/_T_347\[10\] only has one pin. Check if it is intended to be dangling.
[WARNING RSZ-0104] Net core/csr/_T_347\[17\] only has one pin. Check if it is intended to be dangling.
[WARNING RSZ-0104] Net core/csr/_T_302\[17\] only has one pin. Check if it is intended to be dangling.
[WARNING RSZ-0104] Net core/csr/_T_347\[18\] only has one pin. Check if it is intended to be dangling.
[WARNING RSZ-0104] Net core/csr/_T_302\[21\] only has one pin. Check if it is intended to be dangling.
[WARNING RSZ-0104] Net core/csr/_T_302\[23\] only has one pin. Check if it is intended to be dangling.
[WARNING RSZ-0104] Net core/csr/_T_320\[22\] only has one pin. Check if it is intended to be dangling.
[WARNING RSZ-0104] Net core/csr/_T_320\[20\] only has one pin. Check if it is intended to be dangling.
[WARNING RSZ-0104] Net core/csr/_T_320\[19\] only has one pin. Check if it is intended to be dangling.
[WARNING RSZ-0104] Net core/csr/_T_320\[18\] only has one pin. Check if it is intended to be dangling.
[WARNING RSZ-0104] Net core/csr/_T_320\[14\] only has one pin. Check if it is intended to be dangling.
[WARNING RSZ-0104] Net core/csr/_T_329\[29\] only has one pin. Check if it is intended to be dangling.
[WARNING RSZ-0104] Net core/csr/_T_293\[17\] only has one pin. Check if it is intended to be dangling.
[WARNING RSZ-0104] Net core/csr/_T_311\[17\] only has one pin. Check if it is intended to be dangling.
[WARNING RSZ-0104] Net core/csr/_T_338\[29\] only has one pin. Check if it is intended to be dangling.
[WARNING RSZ-0104] Net core/csr/_T_293\[22\] only has one pin. Check if it is intended to be dangling.
[WARNING RSZ-0104] Net core/csr/_T_338\[12\] only has one pin. Check if it is intended to be dangling.
[WARNING RSZ-0104] Net core/csr/_T_284\[17\] only has one pin. Check if it is intended to be dangling.
[WARNING RSZ-0104] Net core/csr/_T_284\[16\] only has one pin. Check if it is intended to be dangling.
[WARNING RSZ-0104] Net core/csr/_T_284\[15\] only has one pin. Check if it is intended to be dangling.
[WARNING RSZ-0104] Net core/csr/_T_284\[13\] only has one pin. Check if it is intended to be dangling.
[WARNING RSZ-0104] Net core/csr/_T_293\[28\] only has one pin. Check if it is intended to be dangling.
    13000 |     +0.0% |       1 |       9 |            14 |     20179
[WARNING RSZ-0104] Net core/csr/_T_329\[14\] only has one pin. Check if it is intended to be dangling.
[WARNING RSZ-0104] Net core/csr/_T_338\[15\] only has one pin. Check if it is intended to be dangling.
[WARNING RSZ-0104] Net core/csr/_T_311\[12\] only has one pin. Check if it is intended to be dangling.
[WARNING RSZ-0104] Net core/csr/_T_293\[15\] only has one pin. Check if it is intended to be dangling.
[WARNING RSZ-0104] Net core/csr/_T_338\[11\] only has one pin. Check if it is intended to be dangling.
[WARNING RSZ-0104] Net core/csr/_T_302\[8\] only has one pin. Check if it is intended to be dangling.
[WARNING RSZ-0104] Net core/csr/_T_338\[9\] only has one pin. Check if it is intended to be dangling.
[WARNING RSZ-0104] Net core/csr/_T_311\[10\] only has one pin. Check if it is intended to be dangling.
[WARNING RSZ-0104] Net core/csr/_T_311\[9\] only has one pin. Check if it is intended to be dangling.
[WARNING RSZ-0104] Net core/csr/_T_338\[17\] only has one pin. Check if it is intended to be dangling.
[WARNING RSZ-0104] Net core/csr/_T_338\[10\] only has one pin. Check if it is intended to be dangling.
[WARNING RSZ-0104] Net core/csr/_T_329\[11\] only has one pin. Check if it is intended to be dangling.
[WARNING RSZ-0104] Net core/csr/_T_338\[13\] only has one pin. Check if it is intended to be dangling.
[WARNING RSZ-0104] Net core/csr/_T_320\[16\] only has one pin. Check if it is intended to be dangling.
[WARNING RSZ-0104] Net core/csr/_T_320\[17\] only has one pin. Check if it is intended to be dangling.
[WARNING RSZ-0104] Net core/csr/_T_320\[12\] only has one pin. Check if it is intended to be dangling.
[WARNING RSZ-0104] Net core/csr/_T_320\[13\] only has one pin. Check if it is intended to be dangling.
[WARNING RSZ-0104] Net core/csr/_T_320\[15\] only has one pin. Check if it is intended to be dangling.
[WARNING RSZ-0104] Net core/csr/_T_320\[10\] only has one pin. Check if it is intended to be dangling.
[WARNING RSZ-0104] Net core/csr/_T_338\[19\] only has one pin. Check if it is intended to be dangling.
[WARNING RSZ-0104] Net core/csr/_T_311\[8\] only has one pin. Check if it is intended to be dangling.
[WARNING RSZ-0104] Net core/csr/_T_311\[15\] only has one pin. Check if it is intended to be dangling.
[WARNING RSZ-0104] Net core/csr/_T_284\[14\] only has one pin. Check if it is intended to be dangling.
[WARNING RSZ-0104] Net core/csr/_T_284\[11\] only has one pin. Check if it is intended to be dangling.
[WARNING RSZ-0104] Net core/csr/_T_284\[12\] only has one pin. Check if it is intended to be dangling.
[WARNING RSZ-0104] Net core/csr/_T_284\[10\] only has one pin. Check if it is intended to be dangling.
    14000 |     +0.0% |       1 |      11 |            16 |     19179
[WARNING RSZ-0104] Net core/csr/_T_329\[15\] only has one pin. Check if it is intended to be dangling.
[WARNING RSZ-0104] Net core/csr/_T_329\[21\] only has one pin. Check if it is intended to be dangling.
[WARNING RSZ-0104] Net core/csr/_T_284\[6\] only has one pin. Check if it is intended to be dangling.
[WARNING RSZ-0104] Net core/csr/_T_338\[7\] only has one pin. Check if it is intended to be dangling.
[WARNING RSZ-0104] Net core/csr/_T_338\[8\] only has one pin. Check if it is intended to be dangling.
[WARNING RSZ-0104] Net core/csr/_T_329\[9\] only has one pin. Check if it is intended to be dangling.
[WARNING RSZ-0104] Net core/csr/_T_329\[17\] only has one pin. Check if it is intended to be dangling.
[WARNING RSZ-0104] Net core/csr/_T_329\[8\] only has one pin. Check if it is intended to be dangling.
[WARNING RSZ-0104] Net core/csr/_T_329\[12\] only has one pin. Check if it is intended to be dangling.
[WARNING RSZ-0104] Net core/csr/_T_329\[19\] only has one pin. Check if it is intended to be dangling.
[WARNING RSZ-0104] Net core/csr/_T_329\[20\] only has one pin. Check if it is intended to be dangling.
[WARNING RSZ-0104] Net core/csr/_T_311\[6\] only has one pin. Check if it is intended to be dangling.
[WARNING RSZ-0104] Net core/csr/_T_302\[9\] only has one pin. Check if it is intended to be dangling.
[WARNING RSZ-0104] Net core/csr/_T_347\[9\] only has one pin. Check if it is intended to be dangling.
[WARNING RSZ-0104] Net core/csr/_T_329\[6\] only has one pin. Check if it is intended to be dangling.
[WARNING RSZ-0104] Net core/csr/_T_320\[11\] only has one pin. Check if it is intended to be dangling.
[WARNING RSZ-0104] Net core/csr/_T_320\[9\] only has one pin. Check if it is intended to be dangling.
[WARNING RSZ-0104] Net core/csr/_T_320\[8\] only has one pin. Check if it is intended to be dangling.
[WARNING RSZ-0104] Net core/csr/_T_329\[18\] only has one pin. Check if it is intended to be dangling.
[WARNING RSZ-0104] Net core/csr/_T_293\[13\] only has one pin. Check if it is intended to be dangling.
[WARNING RSZ-0104] Net core/csr/_T_311\[7\] only has one pin. Check if it is intended to be dangling.
[WARNING RSZ-0104] Net core/csr/_T_311\[13\] only has one pin. Check if it is intended to be dangling.
[WARNING RSZ-0104] Net core/csr/_T_284\[8\] only has one pin. Check if it is intended to be dangling.
[WARNING RSZ-0104] Net core/csr/_T_284\[9\] only has one pin. Check if it is intended to be dangling.
[WARNING RSZ-0104] Net core/csr/_T_329\[10\] only has one pin. Check if it is intended to be dangling.
[WARNING RSZ-0104] Net core/_10497_ only has one pin. Check if it is intended to be dangling.
    15000 |     +0.0% |       1 |      15 |            21 |     18179
    16000 |     +0.0% |       1 |      15 |            22 |     17179
[WARNING RSZ-0104] Net core/csr/_T_329\[7\] only has one pin. Check if it is intended to be dangling.
[WARNING RSZ-0104] Net core/csr/_T_329\[13\] only has one pin. Check if it is intended to be dangling.
[WARNING RSZ-0104] Net core/csr/_T_338\[6\] only has one pin. Check if it is intended to be dangling.
[WARNING RSZ-0104] Net core/csr/_T_293\[6\] only has one pin. Check if it is intended to be dangling.
[WARNING RSZ-0104] Net core/csr/_T_293\[7\] only has one pin. Check if it is intended to be dangling.
[WARNING RSZ-0104] Net core/csr/_T_293\[12\] only has one pin. Check if it is intended to be dangling.
[WARNING RSZ-0104] Net core/csr/_T_293\[9\] only has one pin. Check if it is intended to be dangling.
[WARNING RSZ-0104] Net core/csr/_T_293\[11\] only has one pin. Check if it is intended to be dangling.
[WARNING RSZ-0104] Net core/csr/_T_320\[6\] only has one pin. Check if it is intended to be dangling.
[WARNING RSZ-0104] Net core/csr/_T_320\[7\] only has one pin. Check if it is intended to be dangling.
[WARNING RSZ-0104] Net core/csr/_T_347\[7\] only has one pin. Check if it is intended to be dangling.
[WARNING RSZ-0104] Net core/csr/_T_302\[6\] only has one pin. Check if it is intended to be dangling.
[WARNING RSZ-0104] Net core/csr/_T_302\[7\] only has one pin. Check if it is intended to be dangling.
[WARNING RSZ-0104] Net core/csr/_T_347\[8\] only has one pin. Check if it is intended to be dangling.
[WARNING RSZ-0104] Net core/csr/_T_293\[10\] only has one pin. Check if it is intended to be dangling.
[WARNING RSZ-0104] Net core/csr/_T_293\[8\] only has one pin. Check if it is intended to be dangling.
[WARNING RSZ-0104] Net core/csr/_T_293\[5\] only has one pin. Check if it is intended to be dangling.
[WARNING RSZ-0104] Net core/csr/_T_311\[5\] only has one pin. Check if it is intended to be dangling.
[WARNING RSZ-0104] Net core/csr/_T_311\[11\] only has one pin. Check if it is intended to be dangling.
[WARNING RSZ-0104] Net core/csr/_T_284\[7\] only has one pin. Check if it is intended to be dangling.
[WARNING RSZ-0104] Net core/_10496_ only has one pin. Check if it is intended to be dangling.
    17000 |     +0.0% |       1 |      17 |            26 |     16179
[WARNING RSZ-0104] Net core/csr/_T_347\[6\] only has one pin. Check if it is intended to be dangling.
[WARNING RSZ-0104] Net core/csr/_T_311\[4\] only has one pin. Check if it is intended to be dangling.
[WARNING RSZ-0104] Net core/csr/_T_338\[4\] only has one pin. Check if it is intended to be dangling.
[WARNING RSZ-0104] Net core/csr/_T_284\[4\] only has one pin. Check if it is intended to be dangling.
[WARNING RSZ-0104] Net core/csr/_T_284\[5\] only has one pin. Check if it is intended to be dangling.
[WARNING RSZ-0104] Net core/csr/_T_293\[4\] only has one pin. Check if it is intended to be dangling.
[WARNING RSZ-0104] Net core/csr/_T_347\[5\] only has one pin. Check if it is intended to be dangling.
[WARNING RSZ-0104] Net core/csr/_T_329\[5\] only has one pin. Check if it is intended to be dangling.
[WARNING RSZ-0104] Net core/csr/_T_329\[4\] only has one pin. Check if it is intended to be dangling.
[WARNING RSZ-0104] Net core/csr/_T_320\[5\] only has one pin. Check if it is intended to be dangling.
[WARNING RSZ-0104] Net core/csr/_T_320\[4\] only has one pin. Check if it is intended to be dangling.
[WARNING RSZ-0104] Net core/csr/_T_347\[4\] only has one pin. Check if it is intended to be dangling.
[WARNING RSZ-0104] Net core/csr/_T_302\[4\] only has one pin. Check if it is intended to be dangling.
[WARNING RSZ-0104] Net core/csr/_T_302\[5\] only has one pin. Check if it is intended to be dangling.
[WARNING RSZ-0104] Net core/csr/_T_338\[5\] only has one pin. Check if it is intended to be dangling.
[WARNING RSZ-0104] Net core/csr/_T_293\[3\] only has one pin. Check if it is intended to be dangling.
    18000 |     +0.0% |       1 |      17 |            26 |     15179
[WARNING RSZ-0104] Net frontend/_3643_ only has one pin. Check if it is intended to be dangling.
[WARNING RSZ-0104] Net frontend/_3642_ only has one pin. Check if it is intended to be dangling.
[WARNING RSZ-0104] Net frontend/_3641_ only has one pin. Check if it is intended to be dangling.
[WARNING RSZ-0104] Net frontend/_3640_ only has one pin. Check if it is intended to be dangling.
[WARNING RSZ-0104] Net frontend/_3639_ only has one pin. Check if it is intended to be dangling.
[WARNING RSZ-0104] Net frontend/_3638_ only has one pin. Check if it is intended to be dangling.
[WARNING RSZ-0104] Net frontend/_3637_ only has one pin. Check if it is intended to be dangling.
[WARNING RSZ-0104] Net frontend/_3636_ only has one pin. Check if it is intended to be dangling.
[WARNING RSZ-0104] Net frontend/_3635_ only has one pin. Check if it is intended to be dangling.
[WARNING RSZ-0104] Net frontend/_3634_ only has one pin. Check if it is intended to be dangling.
[WARNING RSZ-0104] Net frontend/_3633_ only has one pin. Check if it is intended to be dangling.
[WARNING RSZ-0104] Net frontend/_3632_ only has one pin. Check if it is intended to be dangling.
[WARNING RSZ-0104] Net frontend/_3631_ only has one pin. Check if it is intended to be dangling.
[WARNING RSZ-0104] Net frontend/_3630_ only has one pin. Check if it is intended to be dangling.
[WARNING RSZ-0104] Net frontend/_3629_ only has one pin. Check if it is intended to be dangling.
[WARNING RSZ-0104] Net frontend/_3628_ only has one pin. Check if it is intended to be dangling.
[WARNING RSZ-0104] Net frontend/_3627_ only has one pin. Check if it is intended to be dangling.
[WARNING RSZ-0104] Net frontend/_3626_ only has one pin. Check if it is intended to be dangling.
[WARNING RSZ-0104] Net frontend/_3625_ only has one pin. Check if it is intended to be dangling.
[WARNING RSZ-0104] Net frontend/_3624_ only has one pin. Check if it is intended to be dangling.
[WARNING RSZ-0104] Net frontend/_3623_ only has one pin. Check if it is intended to be dangling.
[WARNING RSZ-0104] Net frontend/_3622_ only has one pin. Check if it is intended to be dangling.
[WARNING RSZ-0104] Net frontend/_3621_ only has one pin. Check if it is intended to be dangling.
[WARNING RSZ-0104] Net frontend/_3620_ only has one pin. Check if it is intended to be dangling.
[WARNING RSZ-0104] Net frontend/_3619_ only has one pin. Check if it is intended to be dangling.
[WARNING RSZ-0104] Net frontend/_3618_ only has one pin. Check if it is intended to be dangling.
[WARNING RSZ-0104] Net frontend/_3617_ only has one pin. Check if it is intended to be dangling.
[WARNING RSZ-0104] Net frontend/_3616_ only has one pin. Check if it is intended to be dangling.
[WARNING RSZ-0104] Net frontend/_3615_ only has one pin. Check if it is intended to be dangling.
[WARNING RSZ-0104] Net frontend/_3614_ only has one pin. Check if it is intended to be dangling.
[WARNING RSZ-0104] Net frontend/_3613_ only has one pin. Check if it is intended to be dangling.
[WARNING RSZ-0104] Net frontend/_3612_ only has one pin. Check if it is intended to be dangling.
[WARNING RSZ-0104] Net frontend/_3611_ only has one pin. Check if it is intended to be dangling.
[WARNING RSZ-0104] Net frontend/_3610_ only has one pin. Check if it is intended to be dangling.
[WARNING RSZ-0104] Net frontend/_3609_ only has one pin. Check if it is intended to be dangling.
[WARNING RSZ-0104] Net frontend/_3608_ only has one pin. Check if it is intended to be dangling.
[WARNING RSZ-0104] Net frontend/_3607_ only has one pin. Check if it is intended to be dangling.
[WARNING RSZ-0104] Net frontend/_3606_ only has one pin. Check if it is intended to be dangling.
[WARNING RSZ-0104] Net frontend/_3605_ only has one pin. Check if it is intended to be dangling.
[WARNING RSZ-0104] Net frontend/_3604_ only has one pin. Check if it is intended to be dangling.
[WARNING RSZ-0104] Net frontend/_3603_ only has one pin. Check if it is intended to be dangling.
[WARNING RSZ-0104] Net frontend/_3602_ only has one pin. Check if it is intended to be dangling.
[WARNING RSZ-0104] Net frontend/_3601_ only has one pin. Check if it is intended to be dangling.
[WARNING RSZ-0104] Net frontend/_3600_ only has one pin. Check if it is intended to be dangling.
[WARNING RSZ-0104] Net frontend/_3599_ only has one pin. Check if it is intended to be dangling.
[WARNING RSZ-0104] Net frontend/_3598_ only has one pin. Check if it is intended to be dangling.
[WARNING RSZ-0104] Net frontend/_3597_ only has one pin. Check if it is intended to be dangling.
[WARNING RSZ-0104] Net frontend/_3596_ only has one pin. Check if it is intended to be dangling.
[WARNING RSZ-0104] Net frontend/_3595_ only has one pin. Check if it is intended to be dangling.
[WARNING RSZ-0104] Net frontend/_3594_ only has one pin. Check if it is intended to be dangling.
[WARNING RSZ-0104] Net frontend/_3593_ only has one pin. Check if it is intended to be dangling.
[WARNING RSZ-0104] Net frontend/_3592_ only has one pin. Check if it is intended to be dangling.
[WARNING RSZ-0104] Net frontend/_3591_ only has one pin. Check if it is intended to be dangling.
[WARNING RSZ-0104] Net frontend/_3590_ only has one pin. Check if it is intended to be dangling.
[WARNING RSZ-0104] Net frontend/_3589_ only has one pin. Check if it is intended to be dangling.
[WARNING RSZ-0104] Net frontend/_3588_ only has one pin. Check if it is intended to be dangling.
[WARNING RSZ-0104] Net frontend/_3587_ only has one pin. Check if it is intended to be dangling.
[WARNING RSZ-0104] Net frontend/_3586_ only has one pin. Check if it is intended to be dangling.
[WARNING RSZ-0104] Net frontend/_3585_ only has one pin. Check if it is intended to be dangling.
[WARNING RSZ-0104] Net frontend/_3584_ only has one pin. Check if it is intended to be dangling.
[WARNING RSZ-0104] Net frontend/_3583_ only has one pin. Check if it is intended to be dangling.
[WARNING RSZ-0104] Net frontend/_3582_ only has one pin. Check if it is intended to be dangling.
[WARNING RSZ-0104] Net frontend/_3581_ only has one pin. Check if it is intended to be dangling.
[WARNING RSZ-0104] Net frontend/_3580_ only has one pin. Check if it is intended to be dangling.
[WARNING RSZ-0104] Net frontend/_3579_ only has one pin. Check if it is intended to be dangling.
[WARNING RSZ-0104] Net frontend/_3578_ only has one pin. Check if it is intended to be dangling.
[WARNING RSZ-0104] Net frontend/_3577_ only has one pin. Check if it is intended to be dangling.
[WARNING RSZ-0104] Net frontend/_3576_ only has one pin. Check if it is intended to be dangling.
[WARNING RSZ-0104] Net frontend/_3575_ only has one pin. Check if it is intended to be dangling.
[WARNING RSZ-0104] Net frontend/_3574_ only has one pin. Check if it is intended to be dangling.
[WARNING RSZ-0104] Net frontend/_3573_ only has one pin. Check if it is intended to be dangling.
[WARNING RSZ-0104] Net frontend/_3572_ only has one pin. Check if it is intended to be dangling.
[WARNING RSZ-0104] Net frontend/_3571_ only has one pin. Check if it is intended to be dangling.
[WARNING RSZ-0104] Net frontend/_3570_ only has one pin. Check if it is intended to be dangling.
[WARNING RSZ-0104] Net frontend/_3569_ only has one pin. Check if it is intended to be dangling.
[WARNING RSZ-0104] Net frontend/_3568_ only has one pin. Check if it is intended to be dangling.
[WARNING RSZ-0104] Net frontend/_3567_ only has one pin. Check if it is intended to be dangling.
[WARNING RSZ-0104] Net frontend/_3566_ only has one pin. Check if it is intended to be dangling.
[WARNING RSZ-0104] Net frontend/_3565_ only has one pin. Check if it is intended to be dangling.
[WARNING RSZ-0104] Net frontend/_3564_ only has one pin. Check if it is intended to be dangling.
[WARNING RSZ-0104] Net frontend/_3563_ only has one pin. Check if it is intended to be dangling.
[WARNING RSZ-0104] Net frontend/_3562_ only has one pin. Check if it is intended to be dangling.
[WARNING RSZ-0104] Net frontend/_3561_ only has one pin. Check if it is intended to be dangling.
[WARNING RSZ-0104] Net frontend/_3560_ only has one pin. Check if it is intended to be dangling.
[WARNING RSZ-0104] Net frontend/_3559_ only has one pin. Check if it is intended to be dangling.
[WARNING RSZ-0104] Net frontend/_3558_ only has one pin. Check if it is intended to be dangling.
[WARNING RSZ-0104] Net frontend/_3557_ only has one pin. Check if it is intended to be dangling.
[WARNING RSZ-0104] Net frontend/_3556_ only has one pin. Check if it is intended to be dangling.
[WARNING RSZ-0104] Net frontend/_3555_ only has one pin. Check if it is intended to be dangling.
[WARNING RSZ-0104] Net frontend/_3554_ only has one pin. Check if it is intended to be dangling.
[WARNING RSZ-0104] Net frontend/_3553_ only has one pin. Check if it is intended to be dangling.
[WARNING RSZ-0104] Net frontend/_3552_ only has one pin. Check if it is intended to be dangling.
[WARNING RSZ-0104] Net frontend/_3551_ only has one pin. Check if it is intended to be dangling.
[WARNING RSZ-0104] Net frontend/_3550_ only has one pin. Check if it is intended to be dangling.
[WARNING RSZ-0104] Net frontend/_3549_ only has one pin. Check if it is intended to be dangling.
[WARNING RSZ-0104] Net frontend/_3548_ only has one pin. Check if it is intended to be dangling.
[WARNING RSZ-0104] Net frontend/_3547_ only has one pin. Check if it is intended to be dangling.
[WARNING RSZ-0104] Net frontend/_3546_ only has one pin. Check if it is intended to be dangling.
[WARNING RSZ-0104] Net frontend/_3545_ only has one pin. Check if it is intended to be dangling.
[WARNING RSZ-0104] Net frontend/_3544_ only has one pin. Check if it is intended to be dangling.
[WARNING RSZ-0104] Net frontend/_3543_ only has one pin. Check if it is intended to be dangling.
[WARNING RSZ-0104] Net frontend/_3542_ only has one pin. Check if it is intended to be dangling.
[WARNING RSZ-0104] Net frontend/_3541_ only has one pin. Check if it is intended to be dangling.
[WARNING RSZ-0104] Net frontend/_3540_ only has one pin. Check if it is intended to be dangling.
[WARNING RSZ-0104] Net frontend/_3539_ only has one pin. Check if it is intended to be dangling.
[WARNING RSZ-0104] Net frontend/_3538_ only has one pin. Check if it is intended to be dangling.
[WARNING RSZ-0104] Net frontend/_3537_ only has one pin. Check if it is intended to be dangling.
[WARNING RSZ-0104] Net frontend/_3536_ only has one pin. Check if it is intended to be dangling.
[WARNING RSZ-0104] Net frontend/_3535_ only has one pin. Check if it is intended to be dangling.
[WARNING RSZ-0104] Net frontend/_3534_ only has one pin. Check if it is intended to be dangling.
[WARNING RSZ-0104] Net frontend/_3533_ only has one pin. Check if it is intended to be dangling.
[WARNING RSZ-0104] Net frontend/_3532_ only has one pin. Check if it is intended to be dangling.
[WARNING RSZ-0104] Net frontend/_3531_ only has one pin. Check if it is intended to be dangling.
[WARNING RSZ-0104] Net frontend/_3530_ only has one pin. Check if it is intended to be dangling.
[WARNING RSZ-0104] Net frontend/_3529_ only has one pin. Check if it is intended to be dangling.
[WARNING RSZ-0104] Net frontend/_3528_ only has one pin. Check if it is intended to be dangling.
[WARNING RSZ-0104] Net frontend/_3527_ only has one pin. Check if it is intended to be dangling.
[WARNING RSZ-0104] Net frontend/_3526_ only has one pin. Check if it is intended to be dangling.
[WARNING RSZ-0104] Net frontend/_3525_ only has one pin. Check if it is intended to be dangling.
[WARNING RSZ-0104] Net frontend/_3524_ only has one pin. Check if it is intended to be dangling.
[WARNING RSZ-0104] Net frontend/_3523_ only has one pin. Check if it is intended to be dangling.
[WARNING RSZ-0104] Net frontend/_3522_ only has one pin. Check if it is intended to be dangling.
[WARNING RSZ-0104] Net frontend/_3521_ only has one pin. Check if it is intended to be dangling.
[WARNING RSZ-0104] Net frontend/_3520_ only has one pin. Check if it is intended to be dangling.
[WARNING RSZ-0104] Net frontend/_3519_ only has one pin. Check if it is intended to be dangling.
[WARNING RSZ-0104] Net frontend/_3518_ only has one pin. Check if it is intended to be dangling.
[WARNING RSZ-0104] Net frontend/_3517_ only has one pin. Check if it is intended to be dangling.
[WARNING RSZ-0104] Net frontend/_3516_ only has one pin. Check if it is intended to be dangling.
[WARNING RSZ-0104] Net frontend/_3515_ only has one pin. Check if it is intended to be dangling.
[WARNING RSZ-0104] Net frontend/_3514_ only has one pin. Check if it is intended to be dangling.
[WARNING RSZ-0104] Net frontend/_3513_ only has one pin. Check if it is intended to be dangling.
[WARNING RSZ-0104] Net frontend/_3512_ only has one pin. Check if it is intended to be dangling.
[WARNING RSZ-0104] Net frontend/_3511_ only has one pin. Check if it is intended to be dangling.
[WARNING RSZ-0104] Net frontend/_3510_ only has one pin. Check if it is intended to be dangling.
[WARNING RSZ-0104] Net frontend/_3509_ only has one pin. Check if it is intended to be dangling.
[WARNING RSZ-0104] Net frontend/_3508_ only has one pin. Check if it is intended to be dangling.
[WARNING RSZ-0104] Net frontend/_3507_ only has one pin. Check if it is intended to be dangling.
[WARNING RSZ-0104] Net frontend/_3506_ only has one pin. Check if it is intended to be dangling.
[WARNING RSZ-0104] Net frontend/_3505_ only has one pin. Check if it is intended to be dangling.
[WARNING RSZ-0104] Net frontend/_3504_ only has one pin. Check if it is intended to be dangling.
[WARNING RSZ-0104] Net frontend/_3503_ only has one pin. Check if it is intended to be dangling.
[WARNING RSZ-0104] Net frontend/_3502_ only has one pin. Check if it is intended to be dangling.
[WARNING RSZ-0104] Net frontend/_3501_ only has one pin. Check if it is intended to be dangling.
[WARNING RSZ-0104] Net frontend/_3500_ only has one pin. Check if it is intended to be dangling.
[WARNING RSZ-0104] Net frontend/_3499_ only has one pin. Check if it is intended to be dangling.
[WARNING RSZ-0104] Net frontend/_3498_ only has one pin. Check if it is intended to be dangling.
[WARNING RSZ-0104] Net frontend/_3497_ only has one pin. Check if it is intended to be dangling.
[WARNING RSZ-0104] Net frontend/_3496_ only has one pin. Check if it is intended to be dangling.
[WARNING RSZ-0104] Net frontend/_3495_ only has one pin. Check if it is intended to be dangling.
[WARNING RSZ-0104] Net frontend/_3494_ only has one pin. Check if it is intended to be dangling.
[WARNING RSZ-0104] Net frontend/_3493_ only has one pin. Check if it is intended to be dangling.
[WARNING RSZ-0104] Net frontend/_3492_ only has one pin. Check if it is intended to be dangling.
[WARNING RSZ-0104] Net frontend/_3491_ only has one pin. Check if it is intended to be dangling.
[WARNING RSZ-0104] Net frontend/_3490_ only has one pin. Check if it is intended to be dangling.
[WARNING RSZ-0104] Net frontend/_3489_ only has one pin. Check if it is intended to be dangling.
[WARNING RSZ-0104] Net frontend/_3488_ only has one pin. Check if it is intended to be dangling.
[WARNING RSZ-0104] Net frontend/_3487_ only has one pin. Check if it is intended to be dangling.
[WARNING RSZ-0104] Net frontend/_3486_ only has one pin. Check if it is intended to be dangling.
[WARNING RSZ-0104] Net frontend/_3485_ only has one pin. Check if it is intended to be dangling.
[WARNING RSZ-0104] Net frontend/_3484_ only has one pin. Check if it is intended to be dangling.
[WARNING RSZ-0104] Net frontend/_3483_ only has one pin. Check if it is intended to be dangling.
[WARNING RSZ-0104] Net frontend/_3482_ only has one pin. Check if it is intended to be dangling.
[WARNING RSZ-0104] Net frontend/_3481_ only has one pin. Check if it is intended to be dangling.
[WARNING RSZ-0104] Net frontend/_3480_ only has one pin. Check if it is intended to be dangling.
[WARNING RSZ-0104] Net frontend/_3479_ only has one pin. Check if it is intended to be dangling.
[WARNING RSZ-0104] Net frontend/_3478_ only has one pin. Check if it is intended to be dangling.
[WARNING RSZ-0104] Net frontend/_3477_ only has one pin. Check if it is intended to be dangling.
[WARNING RSZ-0104] Net frontend/_3476_ only has one pin. Check if it is intended to be dangling.
[WARNING RSZ-0104] Net frontend/_3475_ only has one pin. Check if it is intended to be dangling.
[WARNING RSZ-0104] Net frontend/_3474_ only has one pin. Check if it is intended to be dangling.
[WARNING RSZ-0104] Net frontend/_3473_ only has one pin. Check if it is intended to be dangling.
[WARNING RSZ-0104] Net frontend/_3472_ only has one pin. Check if it is intended to be dangling.
[WARNING RSZ-0104] Net frontend/_3471_ only has one pin. Check if it is intended to be dangling.
[WARNING RSZ-0104] Net frontend/_3470_ only has one pin. Check if it is intended to be dangling.
[WARNING RSZ-0104] Net frontend/_3469_ only has one pin. Check if it is intended to be dangling.
[WARNING RSZ-0104] Net frontend/_3468_ only has one pin. Check if it is intended to be dangling.
[WARNING RSZ-0104] Net frontend/_3467_ only has one pin. Check if it is intended to be dangling.
[WARNING RSZ-0104] Net frontend/_3466_ only has one pin. Check if it is intended to be dangling.
[WARNING RSZ-0104] Net frontend/_3465_ only has one pin. Check if it is intended to be dangling.
[WARNING RSZ-0104] Net frontend/_3464_ only has one pin. Check if it is intended to be dangling.
[WARNING RSZ-0104] Net frontend/_3463_ only has one pin. Check if it is intended to be dangling.
[WARNING RSZ-0104] Net frontend/_3462_ only has one pin. Check if it is intended to be dangling.
[WARNING RSZ-0104] Net frontend/_3461_ only has one pin. Check if it is intended to be dangling.
[WARNING RSZ-0104] Net frontend/_3460_ only has one pin. Check if it is intended to be dangling.
[WARNING RSZ-0104] Net frontend/_3459_ only has one pin. Check if it is intended to be dangling.
[WARNING RSZ-0104] Net frontend/_3458_ only has one pin. Check if it is intended to be dangling.
[WARNING RSZ-0104] Net frontend/_3457_ only has one pin. Check if it is intended to be dangling.
[WARNING RSZ-0104] Net frontend/_3456_ only has one pin. Check if it is intended to be dangling.
[WARNING RSZ-0104] Net frontend/_3455_ only has one pin. Check if it is intended to be dangling.
[WARNING RSZ-0104] Net frontend/_3454_ only has one pin. Check if it is intended to be dangling.
[WARNING RSZ-0104] Net frontend/_3453_ only has one pin. Check if it is intended to be dangling.
[WARNING RSZ-0104] Net frontend/_3452_ only has one pin. Check if it is intended to be dangling.
[WARNING RSZ-0104] Net frontend/_3451_ only has one pin. Check if it is intended to be dangling.
[WARNING RSZ-0104] Net frontend/_3450_ only has one pin. Check if it is intended to be dangling.
[WARNING RSZ-0104] Net frontend/_3449_ only has one pin. Check if it is intended to be dangling.
[WARNING RSZ-0104] Net frontend/_3448_ only has one pin. Check if it is intended to be dangling.
[WARNING RSZ-0104] Net frontend/_3447_ only has one pin. Check if it is intended to be dangling.
[WARNING RSZ-0104] Net frontend/_3446_ only has one pin. Check if it is intended to be dangling.
[WARNING RSZ-0104] Net frontend/_3445_ only has one pin. Check if it is intended to be dangling.
[WARNING RSZ-0104] Net frontend/_3444_ only has one pin. Check if it is intended to be dangling.
[WARNING RSZ-0104] Net frontend/_3443_ only has one pin. Check if it is intended to be dangling.
[WARNING RSZ-0104] Net frontend/_3442_ only has one pin. Check if it is intended to be dangling.
[WARNING RSZ-0104] Net frontend/_3441_ only has one pin. Check if it is intended to be dangling.
[WARNING RSZ-0104] Net frontend/_3440_ only has one pin. Check if it is intended to be dangling.
[WARNING RSZ-0104] Net frontend/_3439_ only has one pin. Check if it is intended to be dangling.
[WARNING RSZ-0104] Net frontend/_3438_ only has one pin. Check if it is intended to be dangling.
[WARNING RSZ-0104] Net frontend/_3437_ only has one pin. Check if it is intended to be dangling.
[WARNING RSZ-0104] Net frontend/_3436_ only has one pin. Check if it is intended to be dangling.
[WARNING RSZ-0104] Net frontend/_3435_ only has one pin. Check if it is intended to be dangling.
[WARNING RSZ-0104] Net frontend/_3434_ only has one pin. Check if it is intended to be dangling.
[WARNING RSZ-0104] Net frontend/_3433_ only has one pin. Check if it is intended to be dangling.
[WARNING RSZ-0104] Net frontend/_3432_ only has one pin. Check if it is intended to be dangling.
[WARNING RSZ-0104] Net frontend/_3431_ only has one pin. Check if it is intended to be dangling.
[WARNING RSZ-0104] Net frontend/_3430_ only has one pin. Check if it is intended to be dangling.
[WARNING RSZ-0104] Net frontend/_3429_ only has one pin. Check if it is intended to be dangling.
[WARNING RSZ-0104] Net frontend/_3428_ only has one pin. Check if it is intended to be dangling.
[WARNING RSZ-0104] Net frontend/_3427_ only has one pin. Check if it is intended to be dangling.
[WARNING RSZ-0104] Net frontend/_3426_ only has one pin. Check if it is intended to be dangling.
[WARNING RSZ-0104] Net frontend/_3425_ only has one pin. Check if it is intended to be dangling.
[WARNING RSZ-0104] Net frontend/_3424_ only has one pin. Check if it is intended to be dangling.
[WARNING RSZ-0104] Net frontend/_3423_ only has one pin. Check if it is intended to be dangling.
[WARNING RSZ-0104] Net frontend/_3422_ only has one pin. Check if it is intended to be dangling.
[WARNING RSZ-0104] Net frontend/_3421_ only has one pin. Check if it is intended to be dangling.
[WARNING RSZ-0104] Net frontend/_3420_ only has one pin. Check if it is intended to be dangling.
[WARNING RSZ-0104] Net frontend/_3419_ only has one pin. Check if it is intended to be dangling.
[WARNING RSZ-0104] Net frontend/_3418_ only has one pin. Check if it is intended to be dangling.
[WARNING RSZ-0104] Net frontend/_3417_ only has one pin. Check if it is intended to be dangling.
[WARNING RSZ-0104] Net frontend/_3416_ only has one pin. Check if it is intended to be dangling.
[WARNING RSZ-0104] Net frontend/_3415_ only has one pin. Check if it is intended to be dangling.
[WARNING RSZ-0104] Net frontend/_3414_ only has one pin. Check if it is intended to be dangling.
[WARNING RSZ-0104] Net frontend/_3413_ only has one pin. Check if it is intended to be dangling.
[WARNING RSZ-0104] Net frontend/_3412_ only has one pin. Check if it is intended to be dangling.
[WARNING RSZ-0104] Net frontend/_3411_ only has one pin. Check if it is intended to be dangling.
[WARNING RSZ-0104] Net frontend/_3410_ only has one pin. Check if it is intended to be dangling.
[WARNING RSZ-0104] Net frontend/_3409_ only has one pin. Check if it is intended to be dangling.
[WARNING RSZ-0104] Net frontend/_3408_ only has one pin. Check if it is intended to be dangling.
[WARNING RSZ-0104] Net frontend/_3407_ only has one pin. Check if it is intended to be dangling.
[WARNING RSZ-0104] Net frontend/_3406_ only has one pin. Check if it is intended to be dangling.
    19000 |     +0.0% |       1 |      17 |            27 |     14179
[WARNING RSZ-0104] Net frontend/_3402_ only has one pin. Check if it is intended to be dangling.
[WARNING RSZ-0104] Net frontend/_3400_ only has one pin. Check if it is intended to be dangling.
[WARNING RSZ-0104] Net frontend/_3399_ only has one pin. Check if it is intended to be dangling.
[WARNING RSZ-0104] Net dcache/_3562_ only has one pin. Check if it is intended to be dangling.
[WARNING RSZ-0104] Net dcache/_3561_ only has one pin. Check if it is intended to be dangling.
[WARNING RSZ-0104] Net dcache/_3560_ only has one pin. Check if it is intended to be dangling.
[WARNING RSZ-0104] Net dcache/_3559_ only has one pin. Check if it is intended to be dangling.
[WARNING RSZ-0104] Net dcache/_3558_ only has one pin. Check if it is intended to be dangling.
[WARNING RSZ-0104] Net dcache/_3557_ only has one pin. Check if it is intended to be dangling.
[WARNING RSZ-0104] Net dcache/_3556_ only has one pin. Check if it is intended to be dangling.
[WARNING RSZ-0104] Net dcache/_3555_ only has one pin. Check if it is intended to be dangling.
[WARNING RSZ-0104] Net dcache/_3550_ only has one pin. Check if it is intended to be dangling.
[WARNING RSZ-0104] Net dcache/_3549_ only has one pin. Check if it is intended to be dangling.
[WARNING RSZ-0104] Net dcache/_3548_ only has one pin. Check if it is intended to be dangling.
[WARNING RSZ-0104] Net dcache/_3547_ only has one pin. Check if it is intended to be dangling.
[WARNING RSZ-0104] Net dcache/_3546_ only has one pin. Check if it is intended to be dangling.
[WARNING RSZ-0104] Net dcache/_3545_ only has one pin. Check if it is intended to be dangling.
[WARNING RSZ-0104] Net dcache/_3544_ only has one pin. Check if it is intended to be dangling.
[WARNING RSZ-0104] Net dcache/_3543_ only has one pin. Check if it is intended to be dangling.
[WARNING RSZ-0104] Net dcache/_3542_ only has one pin. Check if it is intended to be dangling.
[WARNING RSZ-0104] Net dcache/_3541_ only has one pin. Check if it is intended to be dangling.
[WARNING RSZ-0104] Net dcache/_3540_ only has one pin. Check if it is intended to be dangling.
[WARNING RSZ-0104] Net dcache/_3539_ only has one pin. Check if it is intended to be dangling.
[WARNING RSZ-0104] Net dcache/_3538_ only has one pin. Check if it is intended to be dangling.
[WARNING RSZ-0104] Net dcache/_3537_ only has one pin. Check if it is intended to be dangling.
[WARNING RSZ-0104] Net dcache/_3536_ only has one pin. Check if it is intended to be dangling.
[WARNING RSZ-0104] Net dcache/_3535_ only has one pin. Check if it is intended to be dangling.
[WARNING RSZ-0104] Net dcache/_3534_ only has one pin. Check if it is intended to be dangling.
[WARNING RSZ-0104] Net dcache/_3533_ only has one pin. Check if it is intended to be dangling.
[WARNING RSZ-0104] Net dcache/_3532_ only has one pin. Check if it is intended to be dangling.
[WARNING RSZ-0104] Net dcache/_3531_ only has one pin. Check if it is intended to be dangling.
[WARNING RSZ-0104] Net dcache/_3530_ only has one pin. Check if it is intended to be dangling.
[WARNING RSZ-0104] Net dcache/_3529_ only has one pin. Check if it is intended to be dangling.
[WARNING RSZ-0104] Net dcache/_3528_ only has one pin. Check if it is intended to be dangling.
[WARNING RSZ-0104] Net dcache/_3527_ only has one pin. Check if it is intended to be dangling.
[WARNING RSZ-0104] Net dcache/_3526_ only has one pin. Check if it is intended to be dangling.
[WARNING RSZ-0104] Net dcache/_3525_ only has one pin. Check if it is intended to be dangling.
[WARNING RSZ-0104] Net dcache/_3524_ only has one pin. Check if it is intended to be dangling.
[WARNING RSZ-0104] Net dcache/_3523_ only has one pin. Check if it is intended to be dangling.
[WARNING RSZ-0104] Net dcache/_3522_ only has one pin. Check if it is intended to be dangling.
[WARNING RSZ-0104] Net dcache/_3521_ only has one pin. Check if it is intended to be dangling.
[WARNING RSZ-0104] Net dcache/_3520_ only has one pin. Check if it is intended to be dangling.
[WARNING RSZ-0104] Net dcache/_3519_ only has one pin. Check if it is intended to be dangling.
[WARNING RSZ-0104] Net dcache/_3518_ only has one pin. Check if it is intended to be dangling.
[WARNING RSZ-0104] Net dcache/_3517_ only has one pin. Check if it is intended to be dangling.
[WARNING RSZ-0104] Net dcache/_3516_ only has one pin. Check if it is intended to be dangling.
[WARNING RSZ-0104] Net dcache/_3515_ only has one pin. Check if it is intended to be dangling.
[WARNING RSZ-0104] Net dcache/_3514_ only has one pin. Check if it is intended to be dangling.
[WARNING RSZ-0104] Net dcache/_3513_ only has one pin. Check if it is intended to be dangling.
[WARNING RSZ-0104] Net dcache/_3512_ only has one pin. Check if it is intended to be dangling.
[WARNING RSZ-0104] Net dcache/_3511_ only has one pin. Check if it is intended to be dangling.
[WARNING RSZ-0104] Net dcache/_3510_ only has one pin. Check if it is intended to be dangling.
[WARNING RSZ-0104] Net dcache/_3509_ only has one pin. Check if it is intended to be dangling.
[WARNING RSZ-0104] Net dcache/_3508_ only has one pin. Check if it is intended to be dangling.
[WARNING RSZ-0104] Net dcache/_3507_ only has one pin. Check if it is intended to be dangling.
[WARNING RSZ-0104] Net dcache/_3506_ only has one pin. Check if it is intended to be dangling.
[WARNING RSZ-0104] Net dcache/_3505_ only has one pin. Check if it is intended to be dangling.
[WARNING RSZ-0104] Net dcache/_3504_ only has one pin. Check if it is intended to be dangling.
[WARNING RSZ-0104] Net dcache/_3503_ only has one pin. Check if it is intended to be dangling.
[WARNING RSZ-0104] Net dcache/_3502_ only has one pin. Check if it is intended to be dangling.
[WARNING RSZ-0104] Net dcache/_3501_ only has one pin. Check if it is intended to be dangling.
[WARNING RSZ-0104] Net dcache/_3500_ only has one pin. Check if it is intended to be dangling.
[WARNING RSZ-0104] Net dcache/_3499_ only has one pin. Check if it is intended to be dangling.
[WARNING RSZ-0104] Net dcache/_3498_ only has one pin. Check if it is intended to be dangling.
[WARNING RSZ-0104] Net dcache/_3497_ only has one pin. Check if it is intended to be dangling.
[WARNING RSZ-0104] Net dcache/_3496_ only has one pin. Check if it is intended to be dangling.
[WARNING RSZ-0104] Net dcache/_3495_ only has one pin. Check if it is intended to be dangling.
[WARNING RSZ-0104] Net dcache/_3494_ only has one pin. Check if it is intended to be dangling.
[WARNING RSZ-0104] Net dcache/_3493_ only has one pin. Check if it is intended to be dangling.
[WARNING RSZ-0104] Net dcache/_3492_ only has one pin. Check if it is intended to be dangling.
[WARNING RSZ-0104] Net dcache/_3491_ only has one pin. Check if it is intended to be dangling.
[WARNING RSZ-0104] Net dcache/_3490_ only has one pin. Check if it is intended to be dangling.
[WARNING RSZ-0104] Net dcache/_3489_ only has one pin. Check if it is intended to be dangling.
[WARNING RSZ-0104] Net dcache/_3488_ only has one pin. Check if it is intended to be dangling.
[WARNING RSZ-0104] Net dcache/_3487_ only has one pin. Check if it is intended to be dangling.
[WARNING RSZ-0104] Net dcache/_3486_ only has one pin. Check if it is intended to be dangling.
[WARNING RSZ-0104] Net dcache/_3485_ only has one pin. Check if it is intended to be dangling.
[WARNING RSZ-0104] Net dcache/_3484_ only has one pin. Check if it is intended to be dangling.
[WARNING RSZ-0104] Net dcache/_3483_ only has one pin. Check if it is intended to be dangling.
[WARNING RSZ-0104] Net dcache/_3482_ only has one pin. Check if it is intended to be dangling.
[WARNING RSZ-0104] Net dcache/_3481_ only has one pin. Check if it is intended to be dangling.
[WARNING RSZ-0104] Net dcache/_3480_ only has one pin. Check if it is intended to be dangling.
[WARNING RSZ-0104] Net dcache/_3479_ only has one pin. Check if it is intended to be dangling.
[WARNING RSZ-0104] Net dcache/_3478_ only has one pin. Check if it is intended to be dangling.
[WARNING RSZ-0104] Net dcache/_3477_ only has one pin. Check if it is intended to be dangling.
[WARNING RSZ-0104] Net dcache/_3476_ only has one pin. Check if it is intended to be dangling.
[WARNING RSZ-0104] Net dcache/_3475_ only has one pin. Check if it is intended to be dangling.
[WARNING RSZ-0104] Net dcache/_3474_ only has one pin. Check if it is intended to be dangling.
[WARNING RSZ-0104] Net dcache/_3473_ only has one pin. Check if it is intended to be dangling.
[WARNING RSZ-0104] Net dcache/_3472_ only has one pin. Check if it is intended to be dangling.
[WARNING RSZ-0104] Net dcache/_3471_ only has one pin. Check if it is intended to be dangling.
[WARNING RSZ-0104] Net dcache/_3470_ only has one pin. Check if it is intended to be dangling.
[WARNING RSZ-0104] Net dcache/_3469_ only has one pin. Check if it is intended to be dangling.
[WARNING RSZ-0104] Net dcache/_3468_ only has one pin. Check if it is intended to be dangling.
[WARNING RSZ-0104] Net dcache/_3467_ only has one pin. Check if it is intended to be dangling.
[WARNING RSZ-0104] Net dcache/_3466_ only has one pin. Check if it is intended to be dangling.
[WARNING RSZ-0104] Net dcache/_3465_ only has one pin. Check if it is intended to be dangling.
[WARNING RSZ-0104] Net dcache/_3464_ only has one pin. Check if it is intended to be dangling.
[WARNING RSZ-0104] Net dcache/_3463_ only has one pin. Check if it is intended to be dangling.
[WARNING RSZ-0104] Net dcache/_3462_ only has one pin. Check if it is intended to be dangling.
[WARNING RSZ-0104] Net dcache/_3461_ only has one pin. Check if it is intended to be dangling.
[WARNING RSZ-0104] Net dcache/_3460_ only has one pin. Check if it is intended to be dangling.
[WARNING RSZ-0104] Net dcache/_3459_ only has one pin. Check if it is intended to be dangling.
[WARNING RSZ-0104] Net dcache/_3458_ only has one pin. Check if it is intended to be dangling.
[WARNING RSZ-0104] Net dcache/_3457_ only has one pin. Check if it is intended to be dangling.
[WARNING RSZ-0104] Net dcache/_3456_ only has one pin. Check if it is intended to be dangling.
[WARNING RSZ-0104] Net dcache/_3455_ only has one pin. Check if it is intended to be dangling.
[WARNING RSZ-0104] Net dcache/_3454_ only has one pin. Check if it is intended to be dangling.
[WARNING RSZ-0104] Net dcache/_3453_ only has one pin. Check if it is intended to be dangling.
[WARNING RSZ-0104] Net dcache/_3452_ only has one pin. Check if it is intended to be dangling.
[WARNING RSZ-0104] Net dcache/_3451_ only has one pin. Check if it is intended to be dangling.
[WARNING RSZ-0104] Net dcache/_3450_ only has one pin. Check if it is intended to be dangling.
[WARNING RSZ-0104] Net dcache/_3449_ only has one pin. Check if it is intended to be dangling.
[WARNING RSZ-0104] Net dcache/_3448_ only has one pin. Check if it is intended to be dangling.
[WARNING RSZ-0104] Net dcache/_3447_ only has one pin. Check if it is intended to be dangling.
[WARNING RSZ-0104] Net dcache/_3446_ only has one pin. Check if it is intended to be dangling.
[WARNING RSZ-0104] Net dcache/_3445_ only has one pin. Check if it is intended to be dangling.
[WARNING RSZ-0104] Net dcache/_3444_ only has one pin. Check if it is intended to be dangling.
[WARNING RSZ-0104] Net dcache/_3443_ only has one pin. Check if it is intended to be dangling.
[WARNING RSZ-0104] Net dcache/_3442_ only has one pin. Check if it is intended to be dangling.
[WARNING RSZ-0104] Net dcache/_3441_ only has one pin. Check if it is intended to be dangling.
[WARNING RSZ-0104] Net dcache/_3440_ only has one pin. Check if it is intended to be dangling.
[WARNING RSZ-0104] Net dcache/_3439_ only has one pin. Check if it is intended to be dangling.
[WARNING RSZ-0104] Net dcache/_3438_ only has one pin. Check if it is intended to be dangling.
[WARNING RSZ-0104] Net dcache/_3437_ only has one pin. Check if it is intended to be dangling.
[WARNING RSZ-0104] Net dcache/_3436_ only has one pin. Check if it is intended to be dangling.
[WARNING RSZ-0104] Net dcache/_3435_ only has one pin. Check if it is intended to be dangling.
[WARNING RSZ-0104] Net dcache/_3434_ only has one pin. Check if it is intended to be dangling.
[WARNING RSZ-0104] Net dcache/_3433_ only has one pin. Check if it is intended to be dangling.
[WARNING RSZ-0104] Net dcache/_3432_ only has one pin. Check if it is intended to be dangling.
[WARNING RSZ-0104] Net dcache/_3431_ only has one pin. Check if it is intended to be dangling.
[WARNING RSZ-0104] Net dcache/_3430_ only has one pin. Check if it is intended to be dangling.
[WARNING RSZ-0104] Net dcache/_3429_ only has one pin. Check if it is intended to be dangling.
[WARNING RSZ-0104] Net dcache/_3428_ only has one pin. Check if it is intended to be dangling.
[WARNING RSZ-0104] Net dcache/_3427_ only has one pin. Check if it is intended to be dangling.
[WARNING RSZ-0104] Net dcache/_3426_ only has one pin. Check if it is intended to be dangling.
[WARNING RSZ-0104] Net dcache/_3425_ only has one pin. Check if it is intended to be dangling.
[WARNING RSZ-0104] Net dcache/_3424_ only has one pin. Check if it is intended to be dangling.
[WARNING RSZ-0104] Net dcache/_3423_ only has one pin. Check if it is intended to be dangling.
[WARNING RSZ-0104] Net dcache/_3422_ only has one pin. Check if it is intended to be dangling.
[WARNING RSZ-0104] Net dcache/_3421_ only has one pin. Check if it is intended to be dangling.
[WARNING RSZ-0104] Net dcache/_3420_ only has one pin. Check if it is intended to be dangling.
[WARNING RSZ-0104] Net dcache/_3419_ only has one pin. Check if it is intended to be dangling.
[WARNING RSZ-0104] Net dcache/_3418_ only has one pin. Check if it is intended to be dangling.
[WARNING RSZ-0104] Net dcache/_3417_ only has one pin. Check if it is intended to be dangling.
[WARNING RSZ-0104] Net dcache/_3416_ only has one pin. Check if it is intended to be dangling.
[WARNING RSZ-0104] Net dcache/_3415_ only has one pin. Check if it is intended to be dangling.
[WARNING RSZ-0104] Net dcache/_3414_ only has one pin. Check if it is intended to be dangling.
[WARNING RSZ-0104] Net dcache/_3413_ only has one pin. Check if it is intended to be dangling.
[WARNING RSZ-0104] Net dcache/_3412_ only has one pin. Check if it is intended to be dangling.
[WARNING RSZ-0104] Net dcache/_3411_ only has one pin. Check if it is intended to be dangling.
[WARNING RSZ-0104] Net dcache/_3410_ only has one pin. Check if it is intended to be dangling.
[WARNING RSZ-0104] Net dcache/_3409_ only has one pin. Check if it is intended to be dangling.
[WARNING RSZ-0104] Net dcache/_3408_ only has one pin. Check if it is intended to be dangling.
[WARNING RSZ-0104] Net dcache/_3407_ only has one pin. Check if it is intended to be dangling.
[WARNING RSZ-0104] Net dcache/_3406_ only has one pin. Check if it is intended to be dangling.
[WARNING RSZ-0104] Net dcache/_3405_ only has one pin. Check if it is intended to be dangling.
[WARNING RSZ-0104] Net dcache/_3404_ only has one pin. Check if it is intended to be dangling.
[WARNING RSZ-0104] Net dcache/_3403_ only has one pin. Check if it is intended to be dangling.
[WARNING RSZ-0104] Net dcache/_3402_ only has one pin. Check if it is intended to be dangling.
[WARNING RSZ-0104] Net dcache/_3401_ only has one pin. Check if it is intended to be dangling.
[WARNING RSZ-0104] Net dcache/_3400_ only has one pin. Check if it is intended to be dangling.
[WARNING RSZ-0104] Net dcache/_3399_ only has one pin. Check if it is intended to be dangling.
[WARNING RSZ-0104] Net dcache/_3398_ only has one pin. Check if it is intended to be dangling.
[WARNING RSZ-0104] Net dcache/_3397_ only has one pin. Check if it is intended to be dangling.
[WARNING RSZ-0104] Net dcache/_3396_ only has one pin. Check if it is intended to be dangling.
[WARNING RSZ-0104] Net dcache/_3395_ only has one pin. Check if it is intended to be dangling.
[WARNING RSZ-0104] Net dcache/_3394_ only has one pin. Check if it is intended to be dangling.
[WARNING RSZ-0104] Net dcache/_3393_ only has one pin. Check if it is intended to be dangling.
    20000 |     +0.0% |       1 |      17 |            27 |     13179
[WARNING RSZ-0104] Net dcache/_3392_ only has one pin. Check if it is intended to be dangling.
[WARNING RSZ-0104] Net dcache/_3391_ only has one pin. Check if it is intended to be dangling.
[WARNING RSZ-0104] Net dcache/_3390_ only has one pin. Check if it is intended to be dangling.
[WARNING RSZ-0104] Net dcache/_3389_ only has one pin. Check if it is intended to be dangling.
[WARNING RSZ-0104] Net dcache/_3388_ only has one pin. Check if it is intended to be dangling.
[WARNING RSZ-0104] Net dcache/_3387_ only has one pin. Check if it is intended to be dangling.
[WARNING RSZ-0104] Net dcache/_3386_ only has one pin. Check if it is intended to be dangling.
[WARNING RSZ-0104] Net dcache/_3385_ only has one pin. Check if it is intended to be dangling.
[WARNING RSZ-0104] Net dcache/_3384_ only has one pin. Check if it is intended to be dangling.
[WARNING RSZ-0104] Net dcache/_3383_ only has one pin. Check if it is intended to be dangling.
[WARNING RSZ-0104] Net dcache/_3382_ only has one pin. Check if it is intended to be dangling.
[WARNING RSZ-0104] Net dcache/_3381_ only has one pin. Check if it is intended to be dangling.
[WARNING RSZ-0104] Net dcache/_3380_ only has one pin. Check if it is intended to be dangling.
[WARNING RSZ-0104] Net dcache/_3379_ only has one pin. Check if it is intended to be dangling.
[WARNING RSZ-0104] Net dcache/_3378_ only has one pin. Check if it is intended to be dangling.
[WARNING RSZ-0104] Net dcache/_3377_ only has one pin. Check if it is intended to be dangling.
[WARNING RSZ-0104] Net dcache/_3376_ only has one pin. Check if it is intended to be dangling.
[WARNING RSZ-0104] Net dcache/_3375_ only has one pin. Check if it is intended to be dangling.
[WARNING RSZ-0104] Net dcache/_3374_ only has one pin. Check if it is intended to be dangling.
[WARNING RSZ-0104] Net dcache/_3373_ only has one pin. Check if it is intended to be dangling.
[WARNING RSZ-0104] Net dcache/_3372_ only has one pin. Check if it is intended to be dangling.
[WARNING RSZ-0104] Net dcache/_3371_ only has one pin. Check if it is intended to be dangling.
[WARNING RSZ-0104] Net dcache/_3370_ only has one pin. Check if it is intended to be dangling.
[WARNING RSZ-0104] Net dcache/_3369_ only has one pin. Check if it is intended to be dangling.
[WARNING RSZ-0104] Net dcache/_3368_ only has one pin. Check if it is intended to be dangling.
[WARNING RSZ-0104] Net dcache/_3367_ only has one pin. Check if it is intended to be dangling.
[WARNING RSZ-0104] Net dcache/_3366_ only has one pin. Check if it is intended to be dangling.
[WARNING RSZ-0104] Net dcache/_3365_ only has one pin. Check if it is intended to be dangling.
[WARNING RSZ-0104] Net dcache/_3364_ only has one pin. Check if it is intended to be dangling.
[WARNING RSZ-0104] Net dcache/_3363_ only has one pin. Check if it is intended to be dangling.
[WARNING RSZ-0104] Net dcache/_3362_ only has one pin. Check if it is intended to be dangling.
[WARNING RSZ-0104] Net dcache/_3361_ only has one pin. Check if it is intended to be dangling.
[WARNING RSZ-0104] Net dcache/_3360_ only has one pin. Check if it is intended to be dangling.
[WARNING RSZ-0104] Net dcache/_3359_ only has one pin. Check if it is intended to be dangling.
[WARNING RSZ-0104] Net dcache/_3358_ only has one pin. Check if it is intended to be dangling.
[WARNING RSZ-0104] Net dcache/_3357_ only has one pin. Check if it is intended to be dangling.
[WARNING RSZ-0104] Net dcache/_3356_ only has one pin. Check if it is intended to be dangling.
[WARNING RSZ-0104] Net dcache/_3355_ only has one pin. Check if it is intended to be dangling.
[WARNING RSZ-0104] Net dcache/_3354_ only has one pin. Check if it is intended to be dangling.
[WARNING RSZ-0104] Net dcache/_3353_ only has one pin. Check if it is intended to be dangling.
[WARNING RSZ-0104] Net dcache/_3352_ only has one pin. Check if it is intended to be dangling.
[WARNING RSZ-0104] Net dcache/_3351_ only has one pin. Check if it is intended to be dangling.
[WARNING RSZ-0104] Net dcache/_3350_ only has one pin. Check if it is intended to be dangling.
[WARNING RSZ-0104] Net dcache/_3349_ only has one pin. Check if it is intended to be dangling.
[WARNING RSZ-0104] Net dcache/_3348_ only has one pin. Check if it is intended to be dangling.
[WARNING RSZ-0104] Net dcache/_3347_ only has one pin. Check if it is intended to be dangling.
[WARNING RSZ-0104] Net dcache/_3346_ only has one pin. Check if it is intended to be dangling.
[WARNING RSZ-0104] Net dcache/_3345_ only has one pin. Check if it is intended to be dangling.
[WARNING RSZ-0104] Net dcache/_3344_ only has one pin. Check if it is intended to be dangling.
[WARNING RSZ-0104] Net dcache/_3343_ only has one pin. Check if it is intended to be dangling.
[WARNING RSZ-0104] Net dcache/_3342_ only has one pin. Check if it is intended to be dangling.
[WARNING RSZ-0104] Net dcache/_3341_ only has one pin. Check if it is intended to be dangling.
[WARNING RSZ-0104] Net dcache/_3340_ only has one pin. Check if it is intended to be dangling.
[WARNING RSZ-0104] Net dcache/_3339_ only has one pin. Check if it is intended to be dangling.
[WARNING RSZ-0104] Net dcache/_3338_ only has one pin. Check if it is intended to be dangling.
[WARNING RSZ-0104] Net dcache/_3337_ only has one pin. Check if it is intended to be dangling.
[WARNING RSZ-0104] Net dcache/_3336_ only has one pin. Check if it is intended to be dangling.
[WARNING RSZ-0104] Net dcache/_3335_ only has one pin. Check if it is intended to be dangling.
[WARNING RSZ-0104] Net dcache/_3327_ only has one pin. Check if it is intended to be dangling.
[WARNING RSZ-0104] Net dcache/_3326_ only has one pin. Check if it is intended to be dangling.
[WARNING RSZ-0104] Net dcache/_3325_ only has one pin. Check if it is intended to be dangling.
[WARNING RSZ-0104] Net dcache/_3315_ only has one pin. Check if it is intended to be dangling.
[WARNING RSZ-0104] Net dcache/_3302_ only has one pin. Check if it is intended to be dangling.
[WARNING RSZ-0104] Net dcache/_3261_ only has one pin. Check if it is intended to be dangling.
[WARNING RSZ-0104] Net dcache/_3255_ only has one pin. Check if it is intended to be dangling.
[WARNING RSZ-0104] Net dcache/_3251_ only has one pin. Check if it is intended to be dangling.
    21000 |     +0.1% |       2 |      18 |            29 |     12179
[WARNING RSZ-0104] Net core/csr/_T_284\[3\] only has one pin. Check if it is intended to be dangling.
[WARNING RSZ-0104] Net core/csr/_T_338\[3\] only has one pin. Check if it is intended to be dangling.
[WARNING RSZ-0104] Net core/csr/_T_329\[3\] only has one pin. Check if it is intended to be dangling.
[WARNING RSZ-0104] Net core/csr/_T_329\[2\] only has one pin. Check if it is intended to be dangling.
[WARNING RSZ-0104] Net core/csr/_T_311\[2\] only has one pin. Check if it is intended to be dangling.
[WARNING RSZ-0104] Net core/csr/_T_347\[2\] only has one pin. Check if it is intended to be dangling.
[WARNING RSZ-0104] Net core/csr/_T_320\[3\] only has one pin. Check if it is intended to be dangling.
[WARNING RSZ-0104] Net core/csr/_T_320\[2\] only has one pin. Check if it is intended to be dangling.
[WARNING RSZ-0104] Net core/csr/_T_302\[2\] only has one pin. Check if it is intended to be dangling.
[WARNING RSZ-0104] Net core/csr/_T_302\[3\] only has one pin. Check if it is intended to be dangling.
[WARNING RSZ-0104] Net core/csr/_T_311\[3\] only has one pin. Check if it is intended to be dangling.
[WARNING RSZ-0104] Net core/csr/_T_338\[2\] only has one pin. Check if it is intended to be dangling.
[WARNING RSZ-0104] Net core/csr/_T_293\[2\] only has one pin. Check if it is intended to be dangling.
[WARNING RSZ-0104] Net core/csr/_T_347\[3\] only has one pin. Check if it is intended to be dangling.
[WARNING RSZ-0104] Net core/csr/_T_284\[2\] only has one pin. Check if it is intended to be dangling.
[WARNING RSZ-0104] Net frontend/_3405_ only has one pin. Check if it is intended to be dangling.
[WARNING RSZ-0104] Net frontend/_3404_ only has one pin. Check if it is intended to be dangling.
[WARNING RSZ-0104] Net frontend/_3403_ only has one pin. Check if it is intended to be dangling.
[WARNING RSZ-0104] Net frontend/_3401_ only has one pin. Check if it is intended to be dangling.
    22000 |     +0.1% |       2 |      20 |            31 |     11179
[WARNING RSZ-0104] Net dcache/_3566_ only has one pin. Check if it is intended to be dangling.
[WARNING RSZ-0104] Net dcache/_3565_ only has one pin. Check if it is intended to be dangling.
[WARNING RSZ-0104] Net dcache/_3564_ only has one pin. Check if it is intended to be dangling.
[WARNING RSZ-0104] Net dcache/_3563_ only has one pin. Check if it is intended to be dangling.
[WARNING RSZ-0104] Net dcache/_3554_ only has one pin. Check if it is intended to be dangling.
[WARNING RSZ-0104] Net dcache/_3553_ only has one pin. Check if it is intended to be dangling.
[WARNING RSZ-0104] Net dcache/_3552_ only has one pin. Check if it is intended to be dangling.
[WARNING RSZ-0104] Net dcache/_3334_ only has one pin. Check if it is intended to be dangling.
[WARNING RSZ-0104] Net dcache/_3332_ only has one pin. Check if it is intended to be dangling.
[WARNING RSZ-0104] Net dcache/_3330_ only has one pin. Check if it is intended to be dangling.
[WARNING RSZ-0104] Net dcache/_3324_ only has one pin. Check if it is intended to be dangling.
[WARNING RSZ-0104] Net dcache/_3323_ only has one pin. Check if it is intended to be dangling.
[WARNING RSZ-0104] Net dcache/_3321_ only has one pin. Check if it is intended to be dangling.
[WARNING RSZ-0104] Net dcache/_3319_ only has one pin. Check if it is intended to be dangling.
[WARNING RSZ-0104] Net dcache/_3317_ only has one pin. Check if it is intended to be dangling.
[WARNING RSZ-0104] Net dcache/_3316_ only has one pin. Check if it is intended to be dangling.
[WARNING RSZ-0104] Net dcache/_3314_ only has one pin. Check if it is intended to be dangling.
[WARNING RSZ-0104] Net dcache/_3313_ only has one pin. Check if it is intended to be dangling.
[WARNING RSZ-0104] Net dcache/_3312_ only has one pin. Check if it is intended to be dangling.
[WARNING RSZ-0104] Net dcache/_3310_ only has one pin. Check if it is intended to be dangling.
[WARNING RSZ-0104] Net dcache/_3308_ only has one pin. Check if it is intended to be dangling.
[WARNING RSZ-0104] Net dcache/_3307_ only has one pin. Check if it is intended to be dangling.
[WARNING RSZ-0104] Net dcache/_3306_ only has one pin. Check if it is intended to be dangling.
[WARNING RSZ-0104] Net dcache/_3305_ only has one pin. Check if it is intended to be dangling.
[WARNING RSZ-0104] Net dcache/_3304_ only has one pin. Check if it is intended to be dangling.
[WARNING RSZ-0104] Net dcache/_3303_ only has one pin. Check if it is intended to be dangling.
[WARNING RSZ-0104] Net dcache/_3301_ only has one pin. Check if it is intended to be dangling.
[WARNING RSZ-0104] Net dcache/_3300_ only has one pin. Check if it is intended to be dangling.
[WARNING RSZ-0104] Net dcache/_3299_ only has one pin. Check if it is intended to be dangling.
[WARNING RSZ-0104] Net dcache/_3298_ only has one pin. Check if it is intended to be dangling.
[WARNING RSZ-0104] Net dcache/_3297_ only has one pin. Check if it is intended to be dangling.
[WARNING RSZ-0104] Net dcache/_3296_ only has one pin. Check if it is intended to be dangling.
[WARNING RSZ-0104] Net dcache/_3294_ only has one pin. Check if it is intended to be dangling.
[WARNING RSZ-0104] Net dcache/_3292_ only has one pin. Check if it is intended to be dangling.
[WARNING RSZ-0104] Net dcache/_3291_ only has one pin. Check if it is intended to be dangling.
[WARNING RSZ-0104] Net dcache/_3290_ only has one pin. Check if it is intended to be dangling.
[WARNING RSZ-0104] Net dcache/_3289_ only has one pin. Check if it is intended to be dangling.
[WARNING RSZ-0104] Net dcache/_3288_ only has one pin. Check if it is intended to be dangling.
[WARNING RSZ-0104] Net dcache/_3287_ only has one pin. Check if it is intended to be dangling.
[WARNING RSZ-0104] Net dcache/_3285_ only has one pin. Check if it is intended to be dangling.
[WARNING RSZ-0104] Net dcache/_3282_ only has one pin. Check if it is intended to be dangling.
[WARNING RSZ-0104] Net dcache/_3280_ only has one pin. Check if it is intended to be dangling.
[WARNING RSZ-0104] Net dcache/_3279_ only has one pin. Check if it is intended to be dangling.
[WARNING RSZ-0104] Net dcache/_3278_ only has one pin. Check if it is intended to be dangling.
[WARNING RSZ-0104] Net dcache/_3277_ only has one pin. Check if it is intended to be dangling.
[WARNING RSZ-0104] Net dcache/_3276_ only has one pin. Check if it is intended to be dangling.
[WARNING RSZ-0104] Net dcache/_3275_ only has one pin. Check if it is intended to be dangling.
[WARNING RSZ-0104] Net dcache/_3274_ only has one pin. Check if it is intended to be dangling.
[WARNING RSZ-0104] Net dcache/_3273_ only has one pin. Check if it is intended to be dangling.
[WARNING RSZ-0104] Net dcache/_3272_ only has one pin. Check if it is intended to be dangling.
[WARNING RSZ-0104] Net dcache/_3271_ only has one pin. Check if it is intended to be dangling.
[WARNING RSZ-0104] Net dcache/_3267_ only has one pin. Check if it is intended to be dangling.
[WARNING RSZ-0104] Net dcache/_3266_ only has one pin. Check if it is intended to be dangling.
[WARNING RSZ-0104] Net core/div/_2445_ only has one pin. Check if it is intended to be dangling.
[WARNING RSZ-0104] Net core/div/_2444_ only has one pin. Check if it is intended to be dangling.
[WARNING RSZ-0104] Net core/div/_2443_ only has one pin. Check if it is intended to be dangling.
[WARNING RSZ-0104] Net core/div/_2440_ only has one pin. Check if it is intended to be dangling.
[WARNING RSZ-0104] Net core/csr/_T_338\[1\] only has one pin. Check if it is intended to be dangling.
[WARNING RSZ-0104] Net core/csr/_T_329\[1\] only has one pin. Check if it is intended to be dangling.
[WARNING RSZ-0104] Net core/csr/_T_347\[1\] only has one pin. Check if it is intended to be dangling.
[WARNING RSZ-0104] Net core/csr/_T_320\[1\] only has one pin. Check if it is intended to be dangling.
[WARNING RSZ-0104] Net core/csr/_T_311\[1\] only has one pin. Check if it is intended to be dangling.
[WARNING RSZ-0104] Net core/csr/_T_302\[1\] only has one pin. Check if it is intended to be dangling.
[WARNING RSZ-0104] Net core/csr/_T_293\[1\] only has one pin. Check if it is intended to be dangling.
[WARNING RSZ-0104] Net core/csr/_T_284\[1\] only has one pin. Check if it is intended to be dangling.
    23000 |     +0.1% |       2 |      20 |            32 |     10179
[WARNING RSZ-0104] Net _1486_ only has one pin. Check if it is intended to be dangling.
[WARNING RSZ-0104] Net _1485_ only has one pin. Check if it is intended to be dangling.
[WARNING RSZ-0104] Net _1487_ only has one pin. Check if it is intended to be dangling.
[WARNING RSZ-0104] Net _2132_ only has one pin. Check if it is intended to be dangling.
[WARNING RSZ-0104] Net _2131_ only has one pin. Check if it is intended to be dangling.
[WARNING RSZ-0104] Net frontend/_3162_ only has one pin. Check if it is intended to be dangling.
[WARNING RSZ-0104] Net frontend/_3161_ only has one pin. Check if it is intended to be dangling.
[WARNING RSZ-0104] Net frontend/_3160_ only has one pin. Check if it is intended to be dangling.
[WARNING RSZ-0104] Net frontend/_3159_ only has one pin. Check if it is intended to be dangling.
[WARNING RSZ-0104] Net frontend/_3158_ only has one pin. Check if it is intended to be dangling.
[WARNING RSZ-0104] Net frontend/_3157_ only has one pin. Check if it is intended to be dangling.
[WARNING RSZ-0104] Net frontend/_3156_ only has one pin. Check if it is intended to be dangling.
[WARNING RSZ-0104] Net frontend/_2857_ only has one pin. Check if it is intended to be dangling.
[WARNING RSZ-0104] Net frontend/_3183_ only has one pin. Check if it is intended to be dangling.
[WARNING RSZ-0104] Net frontend/_3155_ only has one pin. Check if it is intended to be dangling.
[WARNING RSZ-0104] Net frontend/_3182_ only has one pin. Check if it is intended to be dangling.
[WARNING RSZ-0104] Net frontend/_3181_ only has one pin. Check if it is intended to be dangling.
[WARNING RSZ-0104] Net frontend/_3180_ only has one pin. Check if it is intended to be dangling.
[WARNING RSZ-0104] Net frontend/_3179_ only has one pin. Check if it is intended to be dangling.
[WARNING RSZ-0104] Net frontend/_3178_ only has one pin. Check if it is intended to be dangling.
[WARNING RSZ-0104] Net frontend/_3177_ only has one pin. Check if it is intended to be dangling.
[WARNING RSZ-0104] Net frontend/_3176_ only has one pin. Check if it is intended to be dangling.
[WARNING RSZ-0104] Net frontend/_3175_ only has one pin. Check if it is intended to be dangling.
[WARNING RSZ-0104] Net frontend/_3174_ only has one pin. Check if it is intended to be dangling.
[WARNING RSZ-0104] Net frontend/_3173_ only has one pin. Check if it is intended to be dangling.
[WARNING RSZ-0104] Net frontend/_3154_ only has one pin. Check if it is intended to be dangling.
[WARNING RSZ-0104] Net frontend/_3172_ only has one pin. Check if it is intended to be dangling.
[WARNING RSZ-0104] Net frontend/_3171_ only has one pin. Check if it is intended to be dangling.
[WARNING RSZ-0104] Net frontend/_3170_ only has one pin. Check if it is intended to be dangling.
[WARNING RSZ-0104] Net frontend/_3169_ only has one pin. Check if it is intended to be dangling.
[WARNING RSZ-0104] Net frontend/_3168_ only has one pin. Check if it is intended to be dangling.
[WARNING RSZ-0104] Net frontend/_3167_ only has one pin. Check if it is intended to be dangling.
[WARNING RSZ-0104] Net frontend/_3166_ only has one pin. Check if it is intended to be dangling.
[WARNING RSZ-0104] Net frontend/_3165_ only has one pin. Check if it is intended to be dangling.
[WARNING RSZ-0104] Net frontend/_3164_ only has one pin. Check if it is intended to be dangling.
[WARNING RSZ-0104] Net frontend/_3163_ only has one pin. Check if it is intended to be dangling.
[WARNING RSZ-0104] Net frontend/_2853_ only has one pin. Check if it is intended to be dangling.
[WARNING RSZ-0104] Net frontend/_3386_ only has one pin. Check if it is intended to be dangling.
[WARNING RSZ-0104] Net frontend/_3387_ only has one pin. Check if it is intended to be dangling.
[WARNING RSZ-0104] Net frontend/_3388_ only has one pin. Check if it is intended to be dangling.
[WARNING RSZ-0104] Net frontend/_3389_ only has one pin. Check if it is intended to be dangling.
[WARNING RSZ-0104] Net frontend/_3390_ only has one pin. Check if it is intended to be dangling.
[WARNING RSZ-0104] Net frontend/_3391_ only has one pin. Check if it is intended to be dangling.
[WARNING RSZ-0104] Net frontend/_3392_ only has one pin. Check if it is intended to be dangling.
[WARNING RSZ-0104] Net frontend/_3373_ only has one pin. Check if it is intended to be dangling.
    24000 |     +0.1% |       2 |      23 |            36 |      9179
[WARNING RSZ-0104] Net frontend/_3374_ only has one pin. Check if it is intended to be dangling.
[WARNING RSZ-0104] Net frontend/_3375_ only has one pin. Check if it is intended to be dangling.
[WARNING RSZ-0104] Net frontend/_3376_ only has one pin. Check if it is intended to be dangling.
[WARNING RSZ-0104] Net frontend/_3377_ only has one pin. Check if it is intended to be dangling.
[WARNING RSZ-0104] Net frontend/_3378_ only has one pin. Check if it is intended to be dangling.
[WARNING RSZ-0104] Net frontend/_3184_ only has one pin. Check if it is intended to be dangling.
[WARNING RSZ-0104] Net frontend/_3379_ only has one pin. Check if it is intended to be dangling.
[WARNING RSZ-0104] Net frontend/_3380_ only has one pin. Check if it is intended to be dangling.
[WARNING RSZ-0104] Net frontend/_3381_ only has one pin. Check if it is intended to be dangling.
[WARNING RSZ-0104] Net frontend/_3382_ only has one pin. Check if it is intended to be dangling.
[WARNING RSZ-0104] Net frontend/_3383_ only has one pin. Check if it is intended to be dangling.
[WARNING RSZ-0104] Net frontend/_3384_ only has one pin. Check if it is intended to be dangling.
[WARNING RSZ-0104] Net frontend/_3385_ only has one pin. Check if it is intended to be dangling.
[WARNING RSZ-0104] Net frontend/_3397_ only has one pin. Check if it is intended to be dangling.
[WARNING RSZ-0104] Net frontend/_3370_ only has one pin. Check if it is intended to be dangling.
[WARNING RSZ-0104] Net frontend/_2893_ only has one pin. Check if it is intended to be dangling.
[WARNING RSZ-0104] Net frontend/_2892_ only has one pin. Check if it is intended to be dangling.
[WARNING RSZ-0104] Net frontend/_2891_ only has one pin. Check if it is intended to be dangling.
[WARNING RSZ-0104] Net frontend/_2890_ only has one pin. Check if it is intended to be dangling.
[WARNING RSZ-0104] Net frontend/_2889_ only has one pin. Check if it is intended to be dangling.
[WARNING RSZ-0104] Net frontend/_2888_ only has one pin. Check if it is intended to be dangling.
[WARNING RSZ-0104] Net frontend/_2887_ only has one pin. Check if it is intended to be dangling.
[WARNING RSZ-0104] Net frontend/_2886_ only has one pin. Check if it is intended to be dangling.
[WARNING RSZ-0104] Net frontend/_2883_ only has one pin. Check if it is intended to be dangling.
[WARNING RSZ-0104] Net frontend/_2907_ only has one pin. Check if it is intended to be dangling.
[WARNING RSZ-0104] Net frontend/_2906_ only has one pin. Check if it is intended to be dangling.
[WARNING RSZ-0104] Net frontend/_2905_ only has one pin. Check if it is intended to be dangling.
[WARNING RSZ-0104] Net frontend/_2904_ only has one pin. Check if it is intended to be dangling.
[WARNING RSZ-0104] Net frontend/_2885_ only has one pin. Check if it is intended to be dangling.
[WARNING RSZ-0104] Net frontend/_2903_ only has one pin. Check if it is intended to be dangling.
[WARNING RSZ-0104] Net frontend/_2902_ only has one pin. Check if it is intended to be dangling.
[WARNING RSZ-0104] Net frontend/_2901_ only has one pin. Check if it is intended to be dangling.
[WARNING RSZ-0104] Net frontend/_2900_ only has one pin. Check if it is intended to be dangling.
[WARNING RSZ-0104] Net frontend/_2899_ only has one pin. Check if it is intended to be dangling.
[WARNING RSZ-0104] Net frontend/_2898_ only has one pin. Check if it is intended to be dangling.
[WARNING RSZ-0104] Net frontend/_2897_ only has one pin. Check if it is intended to be dangling.
[WARNING RSZ-0104] Net frontend/_2896_ only has one pin. Check if it is intended to be dangling.
[WARNING RSZ-0104] Net frontend/_2895_ only has one pin. Check if it is intended to be dangling.
[WARNING RSZ-0104] Net frontend/_2894_ only has one pin. Check if it is intended to be dangling.
[WARNING RSZ-0104] Net frontend/_3393_ only has one pin. Check if it is intended to be dangling.
[WARNING RSZ-0104] Net frontend/_2917_ only has one pin. Check if it is intended to be dangling.
[WARNING RSZ-0104] Net frontend/_2916_ only has one pin. Check if it is intended to be dangling.
[WARNING RSZ-0104] Net frontend/_2915_ only has one pin. Check if it is intended to be dangling.
[WARNING RSZ-0104] Net frontend/_2914_ only has one pin. Check if it is intended to be dangling.
[WARNING RSZ-0104] Net frontend/_2913_ only has one pin. Check if it is intended to be dangling.
[WARNING RSZ-0104] Net frontend/_2912_ only has one pin. Check if it is intended to be dangling.
[WARNING RSZ-0104] Net frontend/_2911_ only has one pin. Check if it is intended to be dangling.
[WARNING RSZ-0104] Net frontend/_2910_ only has one pin. Check if it is intended to be dangling.
[WARNING RSZ-0104] Net frontend/_2882_ only has one pin. Check if it is intended to be dangling.
[WARNING RSZ-0104] Net frontend/_2931_ only has one pin. Check if it is intended to be dangling.
[WARNING RSZ-0104] Net frontend/_2930_ only has one pin. Check if it is intended to be dangling.
[WARNING RSZ-0104] Net frontend/_2929_ only has one pin. Check if it is intended to be dangling.
[WARNING RSZ-0104] Net frontend/_2928_ only has one pin. Check if it is intended to be dangling.
[WARNING RSZ-0104] Net frontend/_2909_ only has one pin. Check if it is intended to be dangling.
[WARNING RSZ-0104] Net frontend/_2927_ only has one pin. Check if it is intended to be dangling.
[WARNING RSZ-0104] Net frontend/_2926_ only has one pin. Check if it is intended to be dangling.
[WARNING RSZ-0104] Net frontend/_2925_ only has one pin. Check if it is intended to be dangling.
[WARNING RSZ-0104] Net frontend/_2924_ only has one pin. Check if it is intended to be dangling.
[WARNING RSZ-0104] Net frontend/_2923_ only has one pin. Check if it is intended to be dangling.
[WARNING RSZ-0104] Net frontend/_2922_ only has one pin. Check if it is intended to be dangling.
[WARNING RSZ-0104] Net frontend/_2921_ only has one pin. Check if it is intended to be dangling.
[WARNING RSZ-0104] Net frontend/_2920_ only has one pin. Check if it is intended to be dangling.
[WARNING RSZ-0104] Net frontend/_2919_ only has one pin. Check if it is intended to be dangling.
[WARNING RSZ-0104] Net frontend/_2918_ only has one pin. Check if it is intended to be dangling.
[WARNING RSZ-0104] Net frontend/_2908_ only has one pin. Check if it is intended to be dangling.
[WARNING RSZ-0104] Net frontend/_2941_ only has one pin. Check if it is intended to be dangling.
[WARNING RSZ-0104] Net frontend/_2940_ only has one pin. Check if it is intended to be dangling.
[WARNING RSZ-0104] Net frontend/_2939_ only has one pin. Check if it is intended to be dangling.
[WARNING RSZ-0104] Net frontend/_2938_ only has one pin. Check if it is intended to be dangling.
[WARNING RSZ-0104] Net frontend/_2937_ only has one pin. Check if it is intended to be dangling.
[WARNING RSZ-0104] Net frontend/_2936_ only has one pin. Check if it is intended to be dangling.
[WARNING RSZ-0104] Net frontend/_2935_ only has one pin. Check if it is intended to be dangling.
[WARNING RSZ-0104] Net frontend/_2934_ only has one pin. Check if it is intended to be dangling.
[WARNING RSZ-0104] Net frontend/_2881_ only has one pin. Check if it is intended to be dangling.
[WARNING RSZ-0104] Net frontend/_2955_ only has one pin. Check if it is intended to be dangling.
[WARNING RSZ-0104] Net frontend/_2954_ only has one pin. Check if it is intended to be dangling.
[WARNING RSZ-0104] Net frontend/_2953_ only has one pin. Check if it is intended to be dangling.
[WARNING RSZ-0104] Net frontend/_2952_ only has one pin. Check if it is intended to be dangling.
[WARNING RSZ-0104] Net frontend/_2933_ only has one pin. Check if it is intended to be dangling.
[WARNING RSZ-0104] Net frontend/_2951_ only has one pin. Check if it is intended to be dangling.
[WARNING RSZ-0104] Net frontend/_2950_ only has one pin. Check if it is intended to be dangling.
[WARNING RSZ-0104] Net frontend/_2949_ only has one pin. Check if it is intended to be dangling.
[WARNING RSZ-0104] Net frontend/_2948_ only has one pin. Check if it is intended to be dangling.
[WARNING RSZ-0104] Net frontend/_2947_ only has one pin. Check if it is intended to be dangling.
[WARNING RSZ-0104] Net frontend/_2946_ only has one pin. Check if it is intended to be dangling.
[WARNING RSZ-0104] Net frontend/_2945_ only has one pin. Check if it is intended to be dangling.
[WARNING RSZ-0104] Net frontend/_2944_ only has one pin. Check if it is intended to be dangling.
[WARNING RSZ-0104] Net frontend/_2943_ only has one pin. Check if it is intended to be dangling.
[WARNING RSZ-0104] Net frontend/_2942_ only has one pin. Check if it is intended to be dangling.
[WARNING RSZ-0104] Net frontend/_2932_ only has one pin. Check if it is intended to be dangling.
[WARNING RSZ-0104] Net frontend/_2965_ only has one pin. Check if it is intended to be dangling.
[WARNING RSZ-0104] Net frontend/_2964_ only has one pin. Check if it is intended to be dangling.
[WARNING RSZ-0104] Net frontend/_2963_ only has one pin. Check if it is intended to be dangling.
[WARNING RSZ-0104] Net frontend/_2962_ only has one pin. Check if it is intended to be dangling.
[WARNING RSZ-0104] Net frontend/_2961_ only has one pin. Check if it is intended to be dangling.
[WARNING RSZ-0104] Net frontend/_2960_ only has one pin. Check if it is intended to be dangling.
[WARNING RSZ-0104] Net frontend/_2959_ only has one pin. Check if it is intended to be dangling.
[WARNING RSZ-0104] Net frontend/_2958_ only has one pin. Check if it is intended to be dangling.
[WARNING RSZ-0104] Net frontend/_2880_ only has one pin. Check if it is intended to be dangling.
[WARNING RSZ-0104] Net frontend/_2979_ only has one pin. Check if it is intended to be dangling.
[WARNING RSZ-0104] Net frontend/_2978_ only has one pin. Check if it is intended to be dangling.
[WARNING RSZ-0104] Net frontend/_2977_ only has one pin. Check if it is intended to be dangling.
[WARNING RSZ-0104] Net frontend/_2976_ only has one pin. Check if it is intended to be dangling.
[WARNING RSZ-0104] Net frontend/_2957_ only has one pin. Check if it is intended to be dangling.
[WARNING RSZ-0104] Net frontend/_2975_ only has one pin. Check if it is intended to be dangling.
[WARNING RSZ-0104] Net frontend/_2974_ only has one pin. Check if it is intended to be dangling.
[WARNING RSZ-0104] Net frontend/_2973_ only has one pin. Check if it is intended to be dangling.
[WARNING RSZ-0104] Net frontend/_2972_ only has one pin. Check if it is intended to be dangling.
[WARNING RSZ-0104] Net frontend/_2971_ only has one pin. Check if it is intended to be dangling.
[WARNING RSZ-0104] Net frontend/_2970_ only has one pin. Check if it is intended to be dangling.
[WARNING RSZ-0104] Net frontend/_2969_ only has one pin. Check if it is intended to be dangling.
[WARNING RSZ-0104] Net frontend/_2968_ only has one pin. Check if it is intended to be dangling.
[WARNING RSZ-0104] Net frontend/_2967_ only has one pin. Check if it is intended to be dangling.
[WARNING RSZ-0104] Net frontend/_2966_ only has one pin. Check if it is intended to be dangling.
[WARNING RSZ-0104] Net frontend/_2956_ only has one pin. Check if it is intended to be dangling.
[WARNING RSZ-0104] Net frontend/_3395_ only has one pin. Check if it is intended to be dangling.
[WARNING RSZ-0104] Net frontend/_2855_ only has one pin. Check if it is intended to be dangling.
[WARNING RSZ-0104] Net frontend/_3348_ only has one pin. Check if it is intended to be dangling.
[WARNING RSZ-0104] Net frontend/_3347_ only has one pin. Check if it is intended to be dangling.
[WARNING RSZ-0104] Net frontend/_3346_ only has one pin. Check if it is intended to be dangling.
[WARNING RSZ-0104] Net frontend/_3345_ only has one pin. Check if it is intended to be dangling.
[WARNING RSZ-0104] Net frontend/_3344_ only has one pin. Check if it is intended to be dangling.
[WARNING RSZ-0104] Net frontend/_3343_ only has one pin. Check if it is intended to be dangling.
[WARNING RSZ-0104] Net frontend/_3342_ only has one pin. Check if it is intended to be dangling.
[WARNING RSZ-0104] Net frontend/_2856_ only has one pin. Check if it is intended to be dangling.
[WARNING RSZ-0104] Net frontend/_3369_ only has one pin. Check if it is intended to be dangling.
[WARNING RSZ-0104] Net frontend/_3341_ only has one pin. Check if it is intended to be dangling.
[WARNING RSZ-0104] Net frontend/_3368_ only has one pin. Check if it is intended to be dangling.
[WARNING RSZ-0104] Net frontend/_3367_ only has one pin. Check if it is intended to be dangling.
[WARNING RSZ-0104] Net frontend/_3366_ only has one pin. Check if it is intended to be dangling.
[WARNING RSZ-0104] Net frontend/_3365_ only has one pin. Check if it is intended to be dangling.
[WARNING RSZ-0104] Net frontend/_3364_ only has one pin. Check if it is intended to be dangling.
[WARNING RSZ-0104] Net frontend/_3363_ only has one pin. Check if it is intended to be dangling.
[WARNING RSZ-0104] Net frontend/_3362_ only has one pin. Check if it is intended to be dangling.
[WARNING RSZ-0104] Net frontend/_3361_ only has one pin. Check if it is intended to be dangling.
[WARNING RSZ-0104] Net frontend/_3360_ only has one pin. Check if it is intended to be dangling.
[WARNING RSZ-0104] Net frontend/_3359_ only has one pin. Check if it is intended to be dangling.
[WARNING RSZ-0104] Net frontend/_3340_ only has one pin. Check if it is intended to be dangling.
[WARNING RSZ-0104] Net frontend/_3358_ only has one pin. Check if it is intended to be dangling.
[WARNING RSZ-0104] Net frontend/_3357_ only has one pin. Check if it is intended to be dangling.
[WARNING RSZ-0104] Net frontend/_3356_ only has one pin. Check if it is intended to be dangling.
[WARNING RSZ-0104] Net frontend/_3355_ only has one pin. Check if it is intended to be dangling.
[WARNING RSZ-0104] Net frontend/_3354_ only has one pin. Check if it is intended to be dangling.
[WARNING RSZ-0104] Net frontend/_3353_ only has one pin. Check if it is intended to be dangling.
[WARNING RSZ-0104] Net frontend/_3352_ only has one pin. Check if it is intended to be dangling.
[WARNING RSZ-0104] Net frontend/_3351_ only has one pin. Check if it is intended to be dangling.
[WARNING RSZ-0104] Net frontend/_3350_ only has one pin. Check if it is intended to be dangling.
[WARNING RSZ-0104] Net frontend/_3349_ only has one pin. Check if it is intended to be dangling.
[WARNING RSZ-0104] Net frontend/_3339_ only has one pin. Check if it is intended to be dangling.
[WARNING RSZ-0104] Net frontend/_2854_ only has one pin. Check if it is intended to be dangling.
[WARNING RSZ-0104] Net frontend/_2858_ only has one pin. Check if it is intended to be dangling.
[WARNING RSZ-0104] Net frontend/_3132_ only has one pin. Check if it is intended to be dangling.
[WARNING RSZ-0104] Net frontend/_3131_ only has one pin. Check if it is intended to be dangling.
[WARNING RSZ-0104] Net frontend/_3130_ only has one pin. Check if it is intended to be dangling.
[WARNING RSZ-0104] Net frontend/_3394_ only has one pin. Check if it is intended to be dangling.
[WARNING RSZ-0104] Net frontend/_3153_ only has one pin. Check if it is intended to be dangling.
[WARNING RSZ-0104] Net frontend/_3152_ only has one pin. Check if it is intended to be dangling.
[WARNING RSZ-0104] Net frontend/_3151_ only has one pin. Check if it is intended to be dangling.
[WARNING RSZ-0104] Net frontend/_3150_ only has one pin. Check if it is intended to be dangling.
[WARNING RSZ-0104] Net frontend/_3149_ only has one pin. Check if it is intended to be dangling.
[WARNING RSZ-0104] Net frontend/_3148_ only has one pin. Check if it is intended to be dangling.
[WARNING RSZ-0104] Net frontend/_3147_ only has one pin. Check if it is intended to be dangling.
[WARNING RSZ-0104] Net frontend/_3146_ only has one pin. Check if it is intended to be dangling.
[WARNING RSZ-0104] Net frontend/_3145_ only has one pin. Check if it is intended to be dangling.
[WARNING RSZ-0104] Net frontend/_3144_ only has one pin. Check if it is intended to be dangling.
[WARNING RSZ-0104] Net frontend/_3143_ only has one pin. Check if it is intended to be dangling.
[WARNING RSZ-0104] Net frontend/_3142_ only has one pin. Check if it is intended to be dangling.
[WARNING RSZ-0104] Net frontend/_3141_ only has one pin. Check if it is intended to be dangling.
[WARNING RSZ-0104] Net frontend/_3140_ only has one pin. Check if it is intended to be dangling.
[WARNING RSZ-0104] Net frontend/_3139_ only has one pin. Check if it is intended to be dangling.
[WARNING RSZ-0104] Net frontend/_3138_ only has one pin. Check if it is intended to be dangling.
[WARNING RSZ-0104] Net frontend/_3137_ only has one pin. Check if it is intended to be dangling.
[WARNING RSZ-0104] Net frontend/_3136_ only has one pin. Check if it is intended to be dangling.
[WARNING RSZ-0104] Net frontend/_3135_ only has one pin. Check if it is intended to be dangling.
[WARNING RSZ-0104] Net frontend/_3134_ only has one pin. Check if it is intended to be dangling.
[WARNING RSZ-0104] Net frontend/_3133_ only has one pin. Check if it is intended to be dangling.
[WARNING RSZ-0104] Net frontend/_3396_ only has one pin. Check if it is intended to be dangling.
[WARNING RSZ-0104] Net frontend/_2875_ only has one pin. Check if it is intended to be dangling.
[WARNING RSZ-0104] Net frontend/_2874_ only has one pin. Check if it is intended to be dangling.
[WARNING RSZ-0104] Net frontend/_2988_ only has one pin. Check if it is intended to be dangling.
[WARNING RSZ-0104] Net frontend/_2987_ only has one pin. Check if it is intended to be dangling.
[WARNING RSZ-0104] Net frontend/_2986_ only has one pin. Check if it is intended to be dangling.
[WARNING RSZ-0104] Net frontend/_2985_ only has one pin. Check if it is intended to be dangling.
[WARNING RSZ-0104] message limit (1000) reached. This message will no longer print.
    25000 |     +0.1% |       2 |      24 |            38 |      8179
    26000 |     +0.1% |       2 |      27 |            49 |      7179
    27000 |     +0.1% |       2 |      27 |            51 |      6179
    28000 |     +0.1% |       2 |      27 |            51 |      5179
    29000 |     +0.1% |       2 |      27 |            51 |      4179
    30000 |     +0.1% |       2 |      27 |            51 |      3179
    31000 |     +0.1% |       2 |      27 |            51 |      2179
    32000 |     +0.1% |       2 |      27 |            51 |      1179
    33000 |     +0.1% |       2 |      27 |            51 |       179
    final |     +0.1% |       2 |      27 |            51 |         0
---------------------------------------------------------------------
[INFO RSZ-0034] Found 2 slew violations.
[INFO RSZ-0035] Found 1 fanout violations.
[INFO RSZ-0036] Found 50 capacitance violations.
[INFO RSZ-0039] Resized 2 instances.
[INFO RSZ-0038] Inserted 27 buffers in 51 nets.
[INFO RSZ-0504] Runtime: 3.92s
global_route -start_incremental
detailed_placement
[INFO DPL-0006] Core area: 88535.44 um^2
[INFO DPL-0007] Movable instances area: 51731.95 um^2
[INFO DPL-0008] Fixed instances area within core: 2693.78 um^2
[INFO DPL-0009] Utilization: 61.5%
[INFO DPL-0005] Diamond search max displacement: +/- 500 sites horizontally, +/- 100 rows vertically.
[INFO DPL-1102] Legalizing using negotiation legalizer.
[INFO DPL-1103] Negotiation base search window: +/-20 sites horizontally, +/-5 rows vertically 
	Automatic search window extension enabled.
	Search window extendable up to the max displacement cap of +/-500 sites, +/-100 rows near walls.
[INFO DPL-1104] NegotiationLegalizer DRC penalty: 5.
[INFO DPL-0392] Negotiation cell height distribution (2 unique row-count(s)):
[INFO DPL-0393]   height 1 row(s): 28073 cells
[INFO DPL-0393]   height 44 row(s): 2 cells
          |      Total |  Illegal |  Illegal
Iteration | Violations |    Cells |    Sites
---------------------------------------------
        0 |        148 |        32 |       116
        1 |         30 |         8 |        22
        2 |         12 |         4 |         8
        3 |         18 |         4 |        14
        4 |          0 |         0 |         0
Negotiation phase 1 converged at iteration 4.
[INFO DPL-0500] Runtime: 0.20s
Placement Analysis
---------------------------------
total displacement         68.5 u
average displacement        0.0 u
max displacement            5.8 u
original HPWL          404317.5 u
legalized HPWL         404349.6 u
delta HPWL                    0 %

global_route -end_incremental -congestion_report_file /work/tinyRocket/18b7966f4e91c8d5/orfs/reports/nangate45/tinyRocket/base/congestion_post_repair_design.rpt
Repair setup and hold violations...
estimate_parasitics -global_routing
repair_timing -setup_margin 0 -hold_margin 0 -repair_tns 100 -verbose
[INFO RSZ-0100] Repair move sequence: UnbufferMove SizeUpMove SwapPinsMove BufferMove CloneMove SplitLoadMove 
[INFO RSZ-0094] Found 1974 endpoints with setup violations.
[INFO RSZ-0099] Repairing 1974 out of 1974 (100.00%) violating endpoints...
   Iter   | Removed | Resized | Inserted | Cloned |  Pin  |   Area   |    WNS   |   StTNS    |   EnTNS    |  Viol  |  Worst  
          | Buffers |  Gates  | Buffers  |  Gates | Swaps |          |          |            |            | Endpts | St/EnPt 
------------------------------------------------------------------------------------------------------------------------------
       0* |       0 |       0 |        0 |      0 |     0 |    +0.0% |   -0.441 |      -42.4 |     -386.0 |   1974 | frontend/fq._T_2_1_data\[5\]$_DFFE_PP_/D
      10* |       1 |       5 |        1 |      0 |     2 |    +0.0% |   -0.357 |      -40.8 |     -299.2 |   1974 | frontend/fq._T_2_1_data\[5\]$_DFFE_PP_/D
      20* |       1 |      12 |        4 |      0 |     4 |    +0.0% |   -0.326 |      -40.2 |     -274.7 |   1974 | frontend/fq._T_2_1_data\[5\]$_DFFE_PP_/D
      30* |       1 |      16 |        8 |      0 |     8 |    +0.0% |   -0.333 |      -40.9 |     -275.3 |   1974 | frontend/fq._T_2_1_data\[5\]$_DFFE_PP_/D
      40* |       1 |      23 |        9 |      0 |    10 |    +0.0% |   -0.328 |      -40.5 |     -274.1 |   1974 | frontend/fq._T_2_1_data\[5\]$_DFFE_PP_/D
      50* |       1 |      30 |       10 |      0 |    12 |    +0.1% |   -0.324 |      -40.3 |     -273.4 |   1974 | frontend/fq._T_2_1_data\[5\]$_DFFE_PP_/D
      60* |       1 |      35 |       11 |      0 |    16 |    +0.1% |   -0.323 |      -40.1 |     -270.2 |   1974 | core/ex_reg_rs_msb_0\[16\]$_DFFE_PP_/D
      70* |       1 |      42 |       16 |      0 |    18 |    +0.1% |   -0.319 |      -39.8 |     -266.8 |   1974 | frontend/fq._T_2_1_data\[5\]$_DFFE_PP_/D
      80* |       1 |      48 |       24 |      0 |    19 |    +0.1% |   -0.314 |      -39.5 |     -263.7 |   1974 | frontend/fq._T_2_1_data\[5\]$_DFFE_PP_/D
      90* |       1 |      56 |       24 |      0 |    21 |    +0.1% |   -0.314 |      -39.0 |     -263.4 |   1974 | frontend/fq._T_2_1_data\[5\]$_DFFE_PP_/D
     100* |       1 |      59 |       26 |      0 |    26 |    +0.1% |   -0.313 |      -37.7 |     -260.1 |   1974 | frontend/fq._T_2_1_data\[5\]$_DFFE_PP_/D
     110* |       1 |      64 |       34 |      0 |    28 |    +0.2% |   -0.310 |      -37.3 |     -259.6 |   1974 | frontend/fq._T_2_1_data\[5\]$_DFFE_PP_/D
     120* |       1 |      69 |       42 |      0 |    32 |    +0.2% |   -0.300 |      -37.2 |     -255.9 |   1974 | core/ex_reg_rs_msb_0\[24\]$_DFFE_PP_/D
     130* |       1 |      77 |       42 |      0 |    34 |    +0.2% |   -0.294 |      -36.6 |     -244.5 |   1974 | frontend/fq._T_2_2_data\[3\]$_DFFE_PP_/D
     140* |       1 |      81 |       51 |      0 |    37 |    +0.2% |   -0.292 |      -36.3 |     -244.1 |   1974 | frontend/fq._T_2_1_data\[5\]$_DFFE_PP_/D
     150* |       1 |      87 |       55 |      0 |    39 |    +0.2% |   -0.287 |      -34.9 |     -241.6 |   1974 | frontend/fq._T_2_1_data\[5\]$_DFFE_PP_/D
     160* |       1 |      92 |       58 |      0 |    41 |    +0.2% |   -0.285 |      -34.8 |     -241.0 |   1974 | frontend/fq._T_2_1_data\[5\]$_DFFE_PP_/D
     170* |       1 |      96 |       65 |      1 |    44 |    +0.3% |   -0.332 |      -35.7 |     -259.2 |   1974 | frontend/fq._T_2_1_data\[5\]$_DFFE_PP_/D
     180* |       1 |      96 |       76 |      1 |    48 |    +0.3% |   -0.322 |      -35.7 |     -261.8 |   1974 | frontend/fq._T_2_0_data\[7\]$_DFFE_PP_/D
     189* |       1 |      95 |       64 |      0 |    43 |    +0.3% |   -0.283 |      -34.6 |     -240.4 |   1974 | frontend/fq._T_2_1_data\[5\]$_DFFE_PP_/D
     190* |       1 |      95 |       64 |      0 |    43 |    +0.3% |   -0.283 |      -34.6 |     -240.4 |   1974 | frontend/fq._T_2_1_data\[5\]$_DFFE_PP_/D
     200* |       1 |      98 |       71 |      1 |    43 |    +0.3% |   -0.293 |      -35.3 |     -240.7 |   1974 | frontend/fq._T_2_1_data\[5\]$_DFFE_PP_/D
     210* |       1 |     101 |       77 |      1 |    46 |    +0.3% |   -0.291 |      -35.3 |     -240.2 |   1974 | frontend/fq._T_2_1_data\[5\]$_DFFE_PP_/D
     216* |       1 |      95 |       64 |      0 |    43 |    +0.3% |   -0.283 |      -34.6 |     -240.4 |   1974 | frontend/fq._T_2_1_data\[5\]$_DFFE_PP_/D
     220* |       1 |      96 |       65 |      1 |    43 |    +0.3% |   -0.295 |      -35.4 |     -241.3 |   1974 | frontend/fq._T_2_1_data\[5\]$_DFFE_PP_/D
     230* |       1 |      99 |       74 |      1 |    43 |    +0.3% |   -0.292 |      -35.3 |     -240.6 |   1974 | frontend/fq._T_2_1_data\[5\]$_DFFE_PP_/D
     238* |       1 |      95 |       64 |      0 |    43 |    +0.3% |   -0.283 |      -34.6 |     -240.4 |   1974 | frontend/fq._T_2_1_data\[5\]$_DFFE_PP_/D
     240* |       1 |      96 |       64 |      0 |    43 |    +0.3% |   -0.283 |      -34.6 |     -238.9 |   1974 | frontend/fq._T_2_1_data\[5\]$_DFFE_PP_/D
     250* |       1 |     101 |       71 |      0 |    44 |    +0.3% |   -0.283 |      -34.6 |     -241.1 |   1974 | frontend/fq._T_2_1_data\[5\]$_DFFE_PP_/D
     260* |       1 |     104 |       78 |      3 |    44 |    +0.3% |   -0.283 |      -34.6 |     -242.3 |   1974 | frontend/fq._T_2_1_data\[5\]$_DFFE_PP_/D
     270* |       1 |     109 |       84 |      3 |    44 |    +0.3% |   -0.284 |      -34.5 |     -241.2 |   1974 | frontend/fq._T_2_1_data\[5\]$_DFFE_PP_/D
     273* |       1 |     104 |       82 |      3 |    44 |    +0.3% |   -0.283 |      -34.6 |     -242.0 |   1974 | frontend/fq._T_2_1_data\[5\]$_DFFE_PP_/D
     280* |       1 |     108 |       84 |      3 |    44 |    +0.3% |   -0.284 |      -34.5 |     -241.3 |   1974 | frontend/fq._T_2_1_data\[5\]$_DFFE_PP_/D
     284* |       1 |     104 |       82 |      3 |    44 |    +0.3% |   -0.283 |      -34.6 |     -242.0 |   1974 | frontend/fq._T_2_1_data\[5\]$_DFFE_PP_/D
     290* |       1 |     106 |       85 |      3 |    44 |    +0.4% |   -0.287 |      -34.9 |     -241.6 |   1974 | frontend/fq._T_2_1_data\[5\]$_DFFE_PP_/D
     300* |       1 |     110 |      101 |      3 |    44 |    +0.4% |   -0.285 |      -34.7 |     -240.2 |   1974 | frontend/fq._T_2_1_data\[5\]$_DFFE_PP_/D
     303* |       1 |     105 |       84 |      3 |    44 |    +0.3% |   -0.282 |      -34.5 |     -241.6 |   1974 | frontend/fq._T_2_1_data\[5\]$_DFFE_PP_/D
     310* |       1 |     107 |       90 |      3 |    44 |    +0.4% |   -0.286 |      -34.8 |     -241.3 |   1974 | frontend/fq._T_2_1_data\[5\]$_DFFE_PP_/D
     319* |       1 |     105 |       84 |      3 |    44 |    +0.3% |   -0.282 |      -34.5 |     -241.6 |   1974 | frontend/fq._T_2_1_data\[5\]$_DFFE_PP_/D
     320* |       1 |     105 |       84 |      3 |    44 |    +0.3% |   -0.282 |      -34.5 |     -241.6 |   1974 | frontend/fq._T_2_1_data\[5\]$_DFFE_PP_/D
     330* |       1 |     110 |       91 |      3 |    44 |    +0.4% |   -0.285 |      -34.7 |     -241.0 |   1974 | frontend/fq._T_2_1_data\[5\]$_DFFE_PP_/D
     335* |       1 |     105 |       84 |      3 |    44 |    +0.3% |   -0.282 |      -34.5 |     -241.6 |   1974 | frontend/fq._T_2_1_data\[5\]$_DFFE_PP_/D
     340* |       1 |     107 |       87 |      3 |    44 |    +0.4% |   -0.286 |      -34.8 |     -241.4 |   1974 | frontend/fq._T_2_1_data\[5\]$_DFFE_PP_/D
     350* |       1 |     110 |      102 |      4 |    44 |    +0.4% |   -0.293 |      -35.3 |     -240.3 |   1974 | frontend/fq._T_2_1_data\[5\]$_DFFE_PP_/D
     351* |       1 |     105 |       84 |      3 |    44 |    +0.3% |   -0.282 |      -34.5 |     -241.6 |   1974 | frontend/fq._T_2_1_data\[5\]$_DFFE_PP_/D
     360* |       1 |     109 |       95 |      3 |    44 |    +0.4% |   -0.282 |      -34.5 |     -240.6 |   1974 | frontend/fq._T_2_1_data\[5\]$_DFFE_PP_/D
     368* |       1 |     114 |       96 |      3 |    44 |    +0.4% |   -0.282 |      -34.4 |     -240.2 |   1974 | frontend/fq._T_2_1_data\[5\]$_DFFE_PP_/D
     370* |       1 |     115 |       96 |      3 |    44 |    +0.4% |   -0.282 |      -34.4 |     -239.9 |   1974 | frontend/fq._T_2_1_data\[5\]$_DFFE_PP_/D
     376* |       1 |     119 |       98 |      4 |    44 |    +0.4% |   -0.282 |      -34.4 |     -239.8 |   1974 | frontend/fq._T_2_1_data\[5\]$_DFFE_PP_/D
     380* |       1 |     121 |       99 |      4 |    44 |    +0.4% |   -0.286 |      -34.7 |     -239.6 |   1974 | frontend/fq._T_2_1_data\[5\]$_DFFE_PP_/D
     388* |       1 |     119 |       98 |      4 |    44 |    +0.4% |   -0.282 |      -34.4 |     -239.8 |   1974 | frontend/fq._T_2_1_data\[5\]$_DFFE_PP_/D
     390* |       1 |     120 |       98 |      4 |    44 |    +0.4% |   -0.282 |      -34.4 |     -239.8 |   1974 | frontend/fq._T_2_1_data\[5\]$_DFFE_PP_/D
     400* |       2 |     126 |      101 |      5 |    44 |    +0.4% |   -0.282 |      -34.3 |     -237.2 |   1974 | frontend/fq._T_2_1_data\[5\]$_DFFE_PP_/D
     410* |       4 |     131 |      104 |      5 |    44 |    +0.4% |   -0.286 |      -34.5 |     -240.8 |   1974 | frontend/fq._T_2_1_data\[5\]$_DFFE_PP_/D
     420* |       9 |     131 |      109 |      5 |    44 |    +0.4% |   -0.286 |      -34.5 |     -240.8 |   1974 | frontend/fq._T_2_1_data\[5\]$_DFFE_PP_/D
     430* |      14 |     131 |      114 |      5 |    44 |    +0.4% |   -0.286 |      -34.5 |     -240.8 |   1974 | frontend/fq._T_2_1_data\[5\]$_DFFE_PP_/D
     440* |      19 |     131 |      119 |      5 |    44 |    +0.4% |   -0.286 |      -34.5 |     -240.8 |   1974 | frontend/fq._T_2_1_data\[5\]$_DFFE_PP_/D
     443* |       1 |     123 |       98 |      4 |    44 |    +0.4% |   -0.282 |      -34.5 |     -239.4 |   1974 | frontend/fq._T_2_1_data\[5\]$_DFFE_PP_/D
     450* |       2 |     125 |      101 |      5 |    44 |    +0.4% |   -0.282 |      -34.3 |     -237.4 |   1974 | frontend/fq._T_2_1_data\[5\]$_DFFE_PP_/D
     460* |       3 |     131 |      104 |      5 |    44 |    +0.4% |   -0.282 |      -34.3 |     -236.8 |   1974 | frontend/fq._T_2_1_data\[5\]$_DFFE_PP_/D
     470* |       8 |     131 |      109 |      5 |    44 |    +0.4% |   -0.282 |      -34.3 |     -236.8 |   1974 | frontend/fq._T_2_1_data\[5\]$_DFFE_PP_/D
     480* |      13 |     131 |      114 |      5 |    44 |    +0.4% |   -0.282 |      -34.3 |     -236.8 |   1974 | frontend/fq._T_2_1_data\[5\]$_DFFE_PP_/D
     490* |      18 |     131 |      119 |      5 |    44 |    +0.4% |   -0.282 |      -34.3 |     -236.8 |   1974 | frontend/fq._T_2_1_data\[5\]$_DFFE_PP_/D
     494* |       1 |     123 |       98 |      4 |    44 |    +0.4% |   -0.282 |      -34.5 |     -239.4 |   1974 | frontend/fq._T_2_1_data\[5\]$_DFFE_PP_/D
     500* |       2 |     124 |      101 |      5 |    44 |    +0.4% |   -0.282 |      -34.3 |     -238.2 |   1974 | frontend/fq._T_2_1_data\[5\]$_DFFE_PP_/D
     510* |       3 |     131 |      103 |      5 |    44 |    +0.4% |   -0.286 |      -34.5 |     -240.8 |   1974 | frontend/fq._T_2_1_data\[5\]$_DFFE_PP_/D
     520* |       8 |     131 |      108 |      5 |    44 |    +0.4% |   -0.286 |      -34.5 |     -240.8 |   1974 | frontend/fq._T_2_1_data\[5\]$_DFFE_PP_/D
     530* |      13 |     131 |      113 |      5 |    44 |    +0.4% |   -0.286 |      -34.5 |     -240.8 |   1974 | frontend/fq._T_2_1_data\[5\]$_DFFE_PP_/D
     540* |      18 |     131 |      118 |      5 |    44 |    +0.4% |   -0.286 |      -34.5 |     -240.8 |   1974 | frontend/fq._T_2_1_data\[5\]$_DFFE_PP_/D
     545* |       1 |     123 |       98 |      4 |    44 |    +0.4% |   -0.282 |      -34.5 |     -239.4 |   1974 | frontend/fq._T_2_1_data\[5\]$_DFFE_PP_/D
     546* |       1 |     123 |       98 |      4 |    44 |    +0.4% |   -0.282 |      -34.5 |     -239.4 |   1974 | frontend/fq._T_2_1_data\[5\]$_DFFE_PP_/D
     550* |       1 |     124 |      100 |      5 |    44 |    +0.4% |   -0.282 |      -34.4 |     -239.5 |   1974 | frontend/fq._T_2_1_data\[5\]$_DFFE_PP_/D
     560* |       2 |     130 |      103 |      5 |    44 |    +0.4% |   -0.282 |      -34.3 |     -236.8 |   1974 | frontend/fq._T_2_1_data\[5\]$_DFFE_PP_/D
     570* |       7 |     131 |      107 |      5 |    44 |    +0.4% |   -0.286 |      -34.5 |     -240.8 |   1974 | frontend/fq._T_2_1_data\[5\]$_DFFE_PP_/D
     580* |      12 |     131 |      112 |      5 |    44 |    +0.4% |   -0.286 |      -34.5 |     -240.8 |   1974 | frontend/fq._T_2_1_data\[5\]$_DFFE_PP_/D
     590* |      17 |     131 |      117 |      5 |    44 |    +0.4% |   -0.286 |      -34.5 |     -240.8 |   1974 | frontend/fq._T_2_1_data\[5\]$_DFFE_PP_/D
     597* |       1 |     123 |       98 |      4 |    44 |    +0.4% |   -0.282 |      -34.5 |     -239.4 |   1974 | frontend/fq._T_2_1_data\[5\]$_DFFE_PP_/D
     598* |       1 |     123 |       98 |      4 |    44 |    +0.4% |   -0.282 |      -34.5 |     -239.4 |   1974 | frontend/fq._T_2_1_data\[5\]$_DFFE_PP_/D
     599* |       1 |     123 |       98 |      4 |    44 |    +0.4% |   -0.282 |      -34.5 |     -239.4 |   1974 | frontend/fq._T_2_1_data\[5\]$_DFFE_PP_/D
     600* |       1 |     123 |       98 |      4 |    44 |    +0.4% |   -0.282 |      -34.5 |     -239.4 |   1974 | frontend/fq._T_2_1_data\[5\]$_DFFE_PP_/D
     600* |       1 |     123 |       98 |      4 |    44 |    +0.4% |   -0.282 |      -34.5 |     -239.4 |   1974 | frontend/fq._T_2_1_data\[5\]$_DFFE_PP_/D
     610* |       1 |     128 |      102 |      4 |    44 |    +0.4% |   -0.284 |      -34.7 |     -239.0 |   1974 | frontend/fq._T_2_1_data\[5\]$_DFFE_PP_/D
     613* |       1 |     123 |       98 |      4 |    44 |    +0.4% |   -0.282 |      -34.5 |     -239.4 |   1974 | frontend/fq._T_2_1_data\[5\]$_DFFE_PP_/D
     614* |       1 |     123 |       98 |      4 |    44 |    +0.4% |   -0.282 |      -34.5 |     -239.4 |   1974 | frontend/fq._T_2_1_data\[5\]$_DFFE_PP_/D
     620* |       2 |     124 |      101 |      5 |    44 |    +0.4% |   -0.282 |      -34.3 |     -238.2 |   1974 | frontend/fq._T_2_1_data\[5\]$_DFFE_PP_/D
     630* |       3 |     131 |      103 |      5 |    44 |    +0.4% |   -0.286 |      -34.5 |     -240.8 |   1974 | frontend/fq._T_2_1_data\[5\]$_DFFE_PP_/D
     640* |       8 |     131 |      108 |      5 |    44 |    +0.4% |   -0.286 |      -34.5 |     -240.8 |   1974 | frontend/fq._T_2_1_data\[5\]$_DFFE_PP_/D
     650* |      13 |     131 |      113 |      5 |    44 |    +0.4% |   -0.286 |      -34.5 |     -240.8 |   1974 | frontend/fq._T_2_1_data\[5\]$_DFFE_PP_/D
     660* |      18 |     131 |      118 |      5 |    44 |    +0.4% |   -0.286 |      -34.5 |     -240.8 |   1974 | frontend/fq._T_2_1_data\[5\]$_DFFE_PP_/D
     665* |       1 |     123 |       98 |      4 |    44 |    +0.4% |   -0.282 |      -34.5 |     -239.4 |   1974 | frontend/fq._T_2_1_data\[5\]$_DFFE_PP_/D
     670* |       1 |     125 |      100 |      4 |    44 |    +0.4% |   -0.285 |      -34.7 |     -239.2 |   1974 | frontend/fq._T_2_1_data\[5\]$_DFFE_PP_/D
     678* |       1 |     123 |       98 |      4 |    44 |    +0.4% |   -0.282 |      -34.5 |     -239.4 |   1974 | frontend/fq._T_2_1_data\[5\]$_DFFE_PP_/D
     680* |       1 |     123 |       98 |      5 |    44 |    +0.4% |   -0.285 |      -34.6 |     -239.5 |   1974 | frontend/fq._T_2_0_data\[7\]$_DFFE_PP_/D
     690* |       2 |     129 |      102 |      5 |    44 |    +0.4% |   -0.282 |      -34.3 |     -236.7 |   1974 | frontend/fq._T_2_1_data\[5\]$_DFFE_PP_/D
     700* |       6 |     131 |      106 |      5 |    44 |    +0.4% |   -0.286 |      -34.5 |     -240.8 |   1974 | frontend/fq._T_2_1_data\[5\]$_DFFE_PP_/D
     710* |      11 |     131 |      111 |      5 |    44 |    +0.4% |   -0.286 |      -34.5 |     -240.8 |   1974 | frontend/fq._T_2_1_data\[5\]$_DFFE_PP_/D
     720* |      16 |     131 |      116 |      5 |    44 |    +0.4% |   -0.286 |      -34.5 |     -240.8 |   1974 | frontend/fq._T_2_1_data\[5\]$_DFFE_PP_/D
     729* |       1 |     123 |       98 |      4 |    44 |    +0.4% |   -0.282 |      -34.5 |     -239.4 |   1974 | frontend/fq._T_2_1_data\[5\]$_DFFE_PP_/D
     730* |       1 |     123 |       98 |      4 |    44 |    +0.4% |   -0.282 |      -34.5 |     -239.4 |   1974 | frontend/fq._T_2_1_data\[5\]$_DFFE_PP_/D
     730* |       1 |     123 |       98 |      4 |    44 |    +0.4% |   -0.282 |      -34.5 |     -239.4 |   1974 | frontend/fq._T_2_1_data\[5\]$_DFFE_PP_/D
     731* |       1 |     123 |       98 |      4 |    44 |    +0.4% |   -0.282 |      -34.5 |     -239.4 |   1974 | frontend/fq._T_2_1_data\[5\]$_DFFE_PP_/D
     740* |       1 |     128 |      101 |      4 |    44 |    +0.4% |   -0.285 |      -34.7 |     -239.0 |   1974 | frontend/fq._T_2_1_data\[5\]$_DFFE_PP_/D
     744* |       1 |     123 |       98 |      4 |    44 |    +0.4% |   -0.282 |      -34.5 |     -239.4 |   1974 | frontend/fq._T_2_1_data\[5\]$_DFFE_PP_/D
     745* |       1 |     123 |       98 |      4 |    44 |    +0.4% |   -0.282 |      -34.5 |     -239.4 |   1974 | frontend/fq._T_2_1_data\[5\]$_DFFE_PP_/D
     750* |       2 |     124 |      100 |      5 |    44 |    +0.4% |   -0.297 |      -34.8 |     -246.8 |   1974 | frontend/fq._T_2_1_data\[5\]$_DFFE_PP_/D
     760* |       2 |     131 |      103 |      5 |    44 |    +0.4% |   -0.282 |      -34.3 |     -236.8 |   1974 | frontend/fq._T_2_1_data\[5\]$_DFFE_PP_/D
     770* |       7 |     131 |      108 |      5 |    44 |    +0.4% |   -0.282 |      -34.3 |     -236.8 |   1974 | frontend/fq._T_2_1_data\[5\]$_DFFE_PP_/D
     780* |      12 |     131 |      113 |      5 |    44 |    +0.4% |   -0.282 |      -34.3 |     -236.8 |   1974 | frontend/fq._T_2_1_data\[5\]$_DFFE_PP_/D
     790* |      17 |     131 |      118 |      5 |    44 |    +0.4% |   -0.282 |      -34.3 |     -236.8 |   1974 | frontend/fq._T_2_1_data\[5\]$_DFFE_PP_/D
     796* |       1 |     123 |       98 |      4 |    44 |    +0.4% |   -0.282 |      -34.5 |     -239.4 |   1974 | frontend/fq._T_2_1_data\[5\]$_DFFE_PP_/D
     797* |       1 |     123 |       98 |      4 |    44 |    +0.4% |   -0.282 |      -34.5 |     -239.4 |   1974 | frontend/fq._T_2_1_data\[5\]$_DFFE_PP_/D
     800* |       1 |     125 |       98 |      4 |    44 |    +0.4% |   -0.282 |      -34.5 |     -239.6 |   1974 | frontend/fq._T_2_1_data\[5\]$_DFFE_PP_/D
     800* |       1 |     125 |       98 |      4 |    44 |    +0.4% |   -0.282 |      -34.5 |     -239.6 |   1974 | frontend/fq._T_2_1_data\[5\]$_DFFE_PP_/D
     801* |       1 |     125 |       98 |      4 |    44 |    +0.4% |   -0.282 |      -34.5 |     -239.6 |   1974 | frontend/fq._T_2_1_data\[5\]$_DFFE_PP_/D
     802* |       1 |     125 |       98 |      4 |    44 |    +0.4% |   -0.282 |      -34.5 |     -239.6 |   1974 | frontend/fq._T_2_1_data\[5\]$_DFFE_PP_/D
     803* |       1 |     125 |       98 |      4 |    44 |    +0.4% |   -0.282 |      -34.5 |     -239.6 |   1974 | frontend/fq._T_2_1_data\[5\]$_DFFE_PP_/D
     804* |       1 |     125 |       98 |      4 |    44 |    +0.4% |   -0.282 |      -34.5 |     -239.6 |   1974 | frontend/fq._T_2_1_data\[5\]$_DFFE_PP_/D
     805* |       1 |     125 |       98 |      4 |    44 |    +0.4% |   -0.282 |      -34.5 |     -239.6 |   1974 | frontend/fq._T_2_1_data\[5\]$_DFFE_PP_/D
     810* |       2 |     126 |      100 |      5 |    44 |    +0.4% |   -0.297 |      -34.8 |     -247.0 |   1974 | frontend/fq._T_2_1_data\[5\]$_DFFE_PP_/D
     820* |       2 |     133 |      103 |      5 |    44 |    +0.5% |   -0.282 |      -34.3 |     -237.0 |   1974 | frontend/fq._T_2_1_data\[5\]$_DFFE_PP_/D
     830* |       7 |     133 |      108 |      5 |    44 |    +0.5% |   -0.282 |      -34.3 |     -237.0 |   1974 | frontend/fq._T_2_1_data\[5\]$_DFFE_PP_/D
     840* |      12 |     133 |      113 |      5 |    44 |    +0.5% |   -0.282 |      -34.3 |     -237.0 |   1974 | frontend/fq._T_2_1_data\[5\]$_DFFE_PP_/D
     850* |      17 |     133 |      118 |      5 |    44 |    +0.5% |   -0.282 |      -34.3 |     -237.0 |   1974 | frontend/fq._T_2_1_data\[5\]$_DFFE_PP_/D
     856* |       1 |     125 |       98 |      4 |    44 |    +0.4% |   -0.282 |      -34.5 |     -239.6 |   1974 | frontend/fq._T_2_1_data\[5\]$_DFFE_PP_/D
     860* |       1 |     126 |      100 |      5 |    44 |    +0.4% |   -0.282 |      -34.4 |     -239.8 |   1974 | frontend/fq._T_2_1_data\[5\]$_DFFE_PP_/D
     870* |       2 |     133 |      102 |      5 |    44 |    +0.5% |   -0.282 |      -34.3 |     -236.9 |   1974 | frontend/fq._T_2_1_data\[5\]$_DFFE_PP_/D
     880* |       7 |     133 |      107 |      5 |    44 |    +0.5% |   -0.282 |      -34.3 |     -236.9 |   1974 | frontend/fq._T_2_1_data\[5\]$_DFFE_PP_/D
     890* |      12 |     133 |      112 |      5 |    44 |    +0.5% |   -0.282 |      -34.3 |     -236.9 |   1974 | frontend/fq._T_2_1_data\[5\]$_DFFE_PP_/D
     900* |      17 |     133 |      117 |      5 |    44 |    +0.5% |   -0.282 |      -34.3 |     -236.9 |   1974 | frontend/fq._T_2_1_data\[5\]$_DFFE_PP_/D
     910* |      22 |     133 |      122 |      5 |    44 |    +0.5% |   -0.282 |      -34.3 |     -236.9 |   1974 | frontend/fq._T_2_1_data\[5\]$_DFFE_PP_/D
     920* |      27 |     133 |      127 |      5 |    44 |    +0.5% |   -0.282 |      -34.3 |     -236.9 |   1974 | frontend/fq._T_2_1_data\[5\]$_DFFE_PP_/D
     920* |       2 |     133 |      102 |      5 |    44 |    +0.5% |   -0.282 |      -34.3 |     -236.9 |   1974 | frontend/fq._T_2_1_data\[5\]$_DFFE_PP_/D
     930* |       2 |     135 |      108 |      6 |    44 |    +0.5% |   -0.291 |      -35.1 |     -238.3 |   1974 | frontend/fq._T_2_1_data\[5\]$_DFFE_PP_/D
     931* |       2 |     133 |      102 |      5 |    44 |    +0.5% |   -0.282 |      -34.3 |     -236.9 |   1974 | frontend/fq._T_2_1_data\[5\]$_DFFE_PP_/D
     933* |       2 |     133 |      103 |      5 |    44 |    +0.5% |   -0.280 |      -34.3 |     -236.0 |   1974 | frontend/fq._T_2_1_data\[5\]$_DFFE_PP_/D
     940* |       5 |     133 |      106 |      5 |    44 |    +0.5% |   -0.280 |      -34.3 |     -236.0 |   1974 | frontend/fq._T_2_1_data\[5\]$_DFFE_PP_/D
     950* |      10 |     133 |      111 |      5 |    44 |    +0.5% |   -0.280 |      -34.3 |     -236.0 |   1974 | frontend/fq._T_2_1_data\[5\]$_DFFE_PP_/D
     960* |      15 |     133 |      116 |      5 |    44 |    +0.5% |   -0.280 |      -34.3 |     -236.0 |   1974 | frontend/fq._T_2_1_data\[5\]$_DFFE_PP_/D
     970* |      20 |     133 |      121 |      5 |    44 |    +0.5% |   -0.280 |      -34.3 |     -236.0 |   1974 | frontend/fq._T_2_1_data\[5\]$_DFFE_PP_/D
     980* |      25 |     133 |      126 |      5 |    44 |    +0.5% |   -0.280 |      -34.3 |     -236.0 |   1974 | frontend/fq._T_2_1_data\[5\]$_DFFE_PP_/D
     984* |       2 |     133 |      103 |      5 |    44 |    +0.5% |   -0.280 |      -34.3 |     -236.0 |   1974 | frontend/fq._T_2_1_data\[5\]$_DFFE_PP_/D
     985* |       2 |     133 |      103 |      5 |    44 |    +0.5% |   -0.280 |      -34.3 |     -236.0 |   1974 | frontend/fq._T_2_1_data\[5\]$_DFFE_PP_/D
     990* |       4 |     133 |      105 |      5 |    44 |    +0.5% |   -0.280 |      -34.3 |     -236.0 |   1974 | frontend/fq._T_2_1_data\[5\]$_DFFE_PP_/D
    1000* |       9 |     133 |      110 |      5 |    44 |    +0.5% |   -0.280 |      -34.3 |     -236.0 |   1974 | frontend/fq._T_2_1_data\[5\]$_DFFE_PP_/D
    1010* |      14 |     133 |      115 |      5 |    44 |    +0.5% |   -0.280 |      -34.3 |     -236.0 |   1974 | frontend/fq._T_2_1_data\[5\]$_DFFE_PP_/D
    1020* |      19 |     133 |      120 |      5 |    44 |    +0.5% |   -0.280 |      -34.3 |     -236.0 |   1974 | frontend/fq._T_2_1_data\[5\]$_DFFE_PP_/D
    1030* |      24 |     133 |      125 |      5 |    44 |    +0.5% |   -0.280 |      -34.3 |     -236.0 |   1974 | frontend/fq._T_2_1_data\[5\]$_DFFE_PP_/D
    1036* |       2 |     133 |      103 |      5 |    44 |    +0.5% |   -0.280 |      -34.3 |     -236.0 |   1974 | frontend/fq._T_2_1_data\[5\]$_DFFE_PP_/D
    1040* |       4 |     133 |      104 |      5 |    44 |    +0.5% |   -0.290 |      -34.5 |     -243.0 |   1974 | frontend/fq._T_2_1_data\[5\]$_DFFE_PP_/D
    1050* |       9 |     133 |      109 |      5 |    44 |    +0.5% |   -0.290 |      -34.5 |     -243.0 |   1974 | frontend/fq._T_2_1_data\[5\]$_DFFE_PP_/D
    1060* |      14 |     133 |      114 |      5 |    44 |    +0.5% |   -0.290 |      -34.5 |     -243.0 |   1974 | frontend/fq._T_2_1_data\[5\]$_DFFE_PP_/D
    1070* |      19 |     133 |      119 |      5 |    44 |    +0.5% |   -0.290 |      -34.5 |     -243.0 |   1974 | frontend/fq._T_2_1_data\[5\]$_DFFE_PP_/D
    1080* |      24 |     133 |      124 |      5 |    44 |    +0.5% |   -0.290 |      -34.5 |     -243.0 |   1974 | frontend/fq._T_2_1_data\[5\]$_DFFE_PP_/D
    1087* |       2 |     133 |      103 |      5 |    44 |    +0.5% |   -0.280 |      -34.3 |     -236.0 |   1974 | frontend/fq._T_2_1_data\[5\]$_DFFE_PP_/D
    1088* |       2 |     133 |      103 |      5 |    44 |    +0.5% |   -0.280 |      -34.3 |     -236.0 |   1974 | frontend/fq._T_2_1_data\[5\]$_DFFE_PP_/D
    1090* |       3 |     133 |      103 |      5 |    44 |    +0.5% |   -0.290 |      -34.5 |     -243.0 |   1974 | frontend/fq._T_2_1_data\[5\]$_DFFE_PP_/D
    1100* |       8 |     133 |      108 |      5 |    44 |    +0.5% |   -0.290 |      -34.5 |     -243.0 |   1974 | frontend/fq._T_2_1_data\[5\]$_DFFE_PP_/D
    1100* |       2 |     133 |      103 |      5 |    44 |    +0.5% |   -0.280 |      -34.3 |     -236.0 |   1974 | frontend/fq._T_2_1_data\[5\]$_DFFE_PP_/D
    1110* |       7 |     133 |      107 |      5 |    44 |    +0.5% |   -0.290 |      -34.5 |     -243.0 |   1974 | frontend/fq._T_2_1_data\[5\]$_DFFE_PP_/D
    1120* |      12 |     133 |      112 |      5 |    44 |    +0.5% |   -0.290 |      -34.5 |     -243.0 |   1974 | frontend/fq._T_2_1_data\[5\]$_DFFE_PP_/D
    1130* |      17 |     133 |      117 |      5 |    44 |    +0.5% |   -0.290 |      -34.5 |     -243.0 |   1974 | frontend/fq._T_2_1_data\[5\]$_DFFE_PP_/D
    1140* |      22 |     133 |      122 |      5 |    44 |    +0.5% |   -0.290 |      -34.5 |     -243.0 |   1974 | frontend/fq._T_2_1_data\[5\]$_DFFE_PP_/D
    1150* |      27 |     133 |      127 |      5 |    44 |    +0.5% |   -0.290 |      -34.5 |     -243.0 |   1974 | frontend/fq._T_2_1_data\[5\]$_DFFE_PP_/D
    1151* |       2 |     133 |      103 |      5 |    44 |    +0.5% |   -0.280 |      -34.3 |     -236.0 |   1974 | frontend/fq._T_2_1_data\[5\]$_DFFE_PP_/D
    1152* |       2 |     133 |      103 |      5 |    44 |    +0.5% |   -0.280 |      -34.3 |     -236.0 |   1974 | frontend/fq._T_2_1_data\[5\]$_DFFE_PP_/D
    1153* |       2 |     133 |      103 |      5 |    44 |    +0.5% |   -0.280 |      -34.3 |     -236.0 |   1974 | frontend/fq._T_2_1_data\[5\]$_DFFE_PP_/D
    1154* |       2 |     133 |      103 |      5 |    44 |    +0.5% |   -0.280 |      -34.3 |     -236.0 |   1974 | frontend/fq._T_2_1_data\[5\]$_DFFE_PP_/D
    1155* |       2 |     133 |      103 |      5 |    44 |    +0.5% |   -0.280 |      -34.3 |     -236.0 |   1974 | frontend/fq._T_2_1_data\[5\]$_DFFE_PP_/D
    1156* |       2 |     133 |      103 |      5 |    44 |    +0.5% |   -0.280 |      -34.3 |     -236.0 |   1974 | frontend/fq._T_2_1_data\[5\]$_DFFE_PP_/D
    1160* |       4 |     133 |      104 |      5 |    44 |    +0.5% |   -0.290 |      -34.5 |     -243.0 |   1974 | frontend/fq._T_2_1_data\[5\]$_DFFE_PP_/D
    1170* |       9 |     133 |      109 |      5 |    44 |    +0.5% |   -0.290 |      -34.5 |     -243.0 |   1974 | frontend/fq._T_2_1_data\[5\]$_DFFE_PP_/D
    1180* |      14 |     133 |      114 |      5 |    44 |    +0.5% |   -0.290 |      -34.5 |     -243.0 |   1974 | frontend/fq._T_2_1_data\[5\]$_DFFE_PP_/D
    1190* |      19 |     133 |      119 |      5 |    44 |    +0.5% |   -0.290 |      -34.5 |     -243.0 |   1974 | frontend/fq._T_2_1_data\[5\]$_DFFE_PP_/D
    1200* |      24 |     133 |      124 |      5 |    44 |    +0.5% |   -0.290 |      -34.5 |     -243.0 |   1974 | frontend/fq._T_2_1_data\[5\]$_DFFE_PP_/D
    1200* |       2 |     133 |      103 |      5 |    44 |    +0.5% |   -0.280 |      -34.3 |     -236.0 |   1974 | frontend/fq._T_2_1_data\[5\]$_DFFE_PP_/D
    1200* |       2 |     133 |      103 |      5 |    44 |    +0.5% |   -0.280 |      -34.3 |     -236.0 |   1974 | frontend/fq._T_2_1_data\[5\]$_DFFE_PP_/D
    1200+ |       2 |     133 |      103 |      5 |    44 |    +0.5% |   -0.280 |      -34.3 |     -236.0 |   1835 | frontend/fq._T_2_1_data\[5\]$_DFFE_PP_/D
    1201+ |       2 |     133 |      103 |      5 |    44 |    +0.5% |   -0.280 |      -34.3 |     -236.0 |   1835 | frontend/fq._T_2_1_data\[5\]$_DFFE_PP_/D
    1202+ |       2 |     133 |      103 |      5 |    44 |    +0.5% |   -0.280 |      -34.3 |     -236.0 |   1835 | frontend/fq._T_2_1_data\[5\]$_DFFE_PP_/D
    1203+ |       2 |     133 |      103 |      5 |    44 |    +0.5% |   -0.280 |      -34.3 |     -236.0 |   1835 | frontend/fq._T_2_1_data\[5\]$_DFFE_PP_/D
    1210+ |       2 |     139 |      103 |      5 |    44 |    +0.5% |   -0.280 |      -32.0 |     -220.1 |   1835 | frontend/fq._T_2_1_data\[5\]$_DFFE_PP_/D
    1210+ |       2 |     139 |      103 |      5 |    44 |    +0.5% |   -0.280 |      -32.0 |     -220.1 |   1835 | frontend/fq._T_2_1_data\[5\]$_DFFE_PP_/D
    1211+ |       2 |     139 |      103 |      5 |    44 |    +0.5% |   -0.280 |      -32.0 |     -220.1 |   1835 | frontend/fq._T_2_1_data\[5\]$_DFFE_PP_/D
    1212+ |       2 |     139 |      103 |      5 |    44 |    +0.5% |   -0.280 |      -32.0 |     -220.1 |   1835 | frontend/fq._T_2_1_data\[5\]$_DFFE_PP_/D
    1213+ |       2 |     139 |      103 |      5 |    44 |    +0.5% |   -0.280 |      -32.0 |     -220.1 |   1835 | frontend/fq._T_2_1_data\[5\]$_DFFE_PP_/D
    1214+ |       2 |     139 |      103 |      5 |    44 |    +0.5% |   -0.280 |      -32.0 |     -220.1 |   1835 | frontend/fq._T_2_1_data\[5\]$_DFFE_PP_/D
    1216+ |       2 |     140 |      103 |      5 |    44 |    +0.5% |   -0.280 |      -32.0 |     -220.1 |   1835 | frontend/fq._T_2_1_data\[5\]$_DFFE_PP_/D
    1217+ |       2 |     140 |      103 |      5 |    44 |    +0.5% |   -0.280 |      -32.0 |     -220.1 |   1835 | frontend/fq._T_2_1_data\[5\]$_DFFE_PP_/D
    1218+ |       2 |     140 |      103 |      5 |    44 |    +0.5% |   -0.280 |      -32.0 |     -220.1 |   1835 | frontend/fq._T_2_1_data\[5\]$_DFFE_PP_/D
    1219+ |       2 |     140 |      103 |      5 |    44 |    +0.5% |   -0.280 |      -32.0 |     -220.1 |   1835 | frontend/fq._T_2_1_data\[5\]$_DFFE_PP_/D
    1220+ |       2 |     140 |      103 |      5 |    44 |    +0.5% |   -0.280 |      -32.0 |     -220.1 |   1835 | frontend/fq._T_2_1_data\[5\]$_DFFE_PP_/D
    1220+ |       2 |     140 |      103 |      5 |    44 |    +0.5% |   -0.280 |      -32.0 |     -220.1 |   1835 | frontend/fq._T_2_1_data\[5\]$_DFFE_PP_/D
    1221+ |       2 |     140 |      103 |      5 |    44 |    +0.5% |   -0.280 |      -32.0 |     -220.1 |   1835 | frontend/fq._T_2_1_data\[5\]$_DFFE_PP_/D
    1222+ |       2 |     140 |      103 |      5 |    44 |    +0.5% |   -0.280 |      -32.0 |     -220.1 |   1835 | frontend/fq._T_2_1_data\[5\]$_DFFE_PP_/D
    1223+ |       2 |     140 |      103 |      5 |    44 |    +0.5% |   -0.280 |      -32.0 |     -220.1 |   1835 | frontend/fq._T_2_1_data\[5\]$_DFFE_PP_/D
    1224+ |       2 |     140 |      103 |      5 |    44 |    +0.5% |   -0.280 |      -32.0 |     -220.1 |   1835 | frontend/fq._T_2_1_data\[5\]$_DFFE_PP_/D
    1225+ |       2 |     140 |      103 |      5 |    44 |    +0.5% |   -0.280 |      -32.0 |     -220.1 |   1835 | frontend/fq._T_2_1_data\[5\]$_DFFE_PP_/D
    1226+ |       2 |     140 |      103 |      5 |    44 |    +0.5% |   -0.280 |      -32.0 |     -220.1 |   1835 | frontend/fq._T_2_1_data\[5\]$_DFFE_PP_/D
    1227+ |       2 |     140 |      103 |      5 |    44 |    +0.5% |   -0.280 |      -32.0 |     -220.1 |   1835 | frontend/fq._T_2_1_data\[5\]$_DFFE_PP_/D
    1228+ |       2 |     140 |      103 |      5 |    44 |    +0.5% |   -0.280 |      -32.0 |     -220.1 |   1835 | frontend/fq._T_2_1_data\[5\]$_DFFE_PP_/D
    1229+ |       2 |     140 |      103 |      5 |    44 |    +0.5% |   -0.280 |      -32.0 |     -220.1 |   1835 | frontend/fq._T_2_1_data\[5\]$_DFFE_PP_/D
    1230+ |       2 |     140 |      103 |      5 |    44 |    +0.5% |   -0.280 |      -32.0 |     -220.1 |   1835 | frontend/fq._T_2_1_data\[5\]$_DFFE_PP_/D
    1230+ |       2 |     140 |      103 |      5 |    44 |    +0.5% |   -0.280 |      -32.0 |     -220.1 |   1835 | frontend/fq._T_2_1_data\[5\]$_DFFE_PP_/D
    1231+ |       2 |     140 |      103 |      5 |    44 |    +0.5% |   -0.280 |      -32.0 |     -220.1 |   1835 | frontend/fq._T_2_1_data\[5\]$_DFFE_PP_/D
    1232+ |       2 |     140 |      103 |      5 |    44 |    +0.5% |   -0.280 |      -32.0 |     -220.1 |   1835 | frontend/fq._T_2_1_data\[5\]$_DFFE_PP_/D
    1233+ |       2 |     140 |      103 |      5 |    44 |    +0.5% |   -0.280 |      -32.0 |     -220.1 |   1835 | frontend/fq._T_2_1_data\[5\]$_DFFE_PP_/D
    1234+ |       2 |     140 |      103 |      5 |    44 |    +0.5% |   -0.280 |      -32.0 |     -220.1 |   1835 | frontend/fq._T_2_1_data\[5\]$_DFFE_PP_/D
    1235+ |       2 |     140 |      103 |      5 |    44 |    +0.5% |   -0.280 |      -32.0 |     -220.1 |   1835 | frontend/fq._T_2_1_data\[5\]$_DFFE_PP_/D
    1236+ |       2 |     140 |      103 |      5 |    44 |    +0.5% |   -0.280 |      -32.0 |     -220.1 |   1835 | frontend/fq._T_2_1_data\[5\]$_DFFE_PP_/D
    1237+ |       2 |     140 |      103 |      5 |    44 |    +0.5% |   -0.280 |      -32.0 |     -220.1 |   1835 | frontend/fq._T_2_1_data\[5\]$_DFFE_PP_/D
    1238+ |       2 |     140 |      103 |      5 |    44 |    +0.5% |   -0.280 |      -32.0 |     -220.1 |   1835 | frontend/fq._T_2_1_data\[5\]$_DFFE_PP_/D
    1239+ |       2 |     140 |      103 |      5 |    44 |    +0.5% |   -0.280 |      -32.0 |     -220.1 |   1835 | frontend/fq._T_2_1_data\[5\]$_DFFE_PP_/D
    1240+ |       2 |     140 |      103 |      5 |    44 |    +0.5% |   -0.280 |      -32.0 |     -220.1 |   1835 | frontend/fq._T_2_1_data\[5\]$_DFFE_PP_/D
    1240+ |       2 |     140 |      103 |      5 |    44 |    +0.5% |   -0.280 |      -32.0 |     -220.1 |   1835 | frontend/fq._T_2_1_data\[5\]$_DFFE_PP_/D
    1241+ |       2 |     140 |      103 |      5 |    44 |    +0.5% |   -0.280 |      -32.0 |     -220.1 |   1835 | frontend/fq._T_2_1_data\[5\]$_DFFE_PP_/D
    1242+ |       2 |     140 |      103 |      5 |    44 |    +0.5% |   -0.280 |      -32.0 |     -220.1 |   1835 | frontend/fq._T_2_1_data\[5\]$_DFFE_PP_/D
    1243+ |       2 |     140 |      103 |      5 |    44 |    +0.5% |   -0.280 |      -32.0 |     -220.1 |   1835 | frontend/fq._T_2_1_data\[5\]$_DFFE_PP_/D
    1244+ |       2 |     140 |      103 |      5 |    44 |    +0.5% |   -0.280 |      -32.0 |     -220.1 |   1835 | frontend/fq._T_2_1_data\[5\]$_DFFE_PP_/D
    1245+ |       2 |     140 |      103 |      5 |    44 |    +0.5% |   -0.280 |      -32.0 |     -220.1 |   1835 | frontend/fq._T_2_1_data\[5\]$_DFFE_PP_/D
    1246+ |       2 |     140 |      103 |      5 |    44 |    +0.5% |   -0.280 |      -32.0 |     -220.1 |   1835 | frontend/fq._T_2_1_data\[5\]$_DFFE_PP_/D
    1247+ |       2 |     140 |      103 |      5 |    44 |    +0.5% |   -0.280 |      -32.0 |     -220.1 |   1835 | frontend/fq._T_2_1_data\[5\]$_DFFE_PP_/D
    1250+ |       2 |     142 |      103 |      5 |    44 |    +0.5% |   -0.280 |      -32.0 |     -219.8 |   1835 | frontend/fq._T_2_1_data\[5\]$_DFFE_PP_/D
    1251+ |       2 |     143 |      103 |      5 |    44 |    +0.5% |   -0.280 |      -32.0 |     -219.7 |   1835 | frontend/fq._T_2_1_data\[5\]$_DFFE_PP_/D
    1252+ |       2 |     143 |      103 |      5 |    44 |    +0.5% |   -0.280 |      -32.0 |     -219.7 |   1835 | frontend/fq._T_2_1_data\[5\]$_DFFE_PP_/D
    1253+ |       2 |     143 |      103 |      5 |    44 |    +0.5% |   -0.280 |      -32.0 |     -219.7 |   1835 | frontend/fq._T_2_1_data\[5\]$_DFFE_PP_/D
    1254+ |       2 |     143 |      103 |      5 |    44 |    +0.5% |   -0.280 |      -32.0 |     -219.7 |   1835 | frontend/fq._T_2_1_data\[5\]$_DFFE_PP_/D
    1256+ |       2 |     143 |      103 |      5 |    45 |    +0.5% |   -0.280 |      -32.0 |     -219.7 |   1835 | frontend/fq._T_2_1_data\[5\]$_DFFE_PP_/D
    1257+ |       2 |     143 |      103 |      5 |    45 |    +0.5% |   -0.280 |      -32.0 |     -219.7 |   1835 | frontend/fq._T_2_1_data\[5\]$_DFFE_PP_/D
    1258+ |       2 |     143 |      103 |      5 |    45 |    +0.5% |   -0.280 |      -32.0 |     -219.7 |   1835 | frontend/fq._T_2_1_data\[5\]$_DFFE_PP_/D
    1259+ |       2 |     143 |      103 |      5 |    45 |    +0.5% |   -0.280 |      -32.0 |     -219.7 |   1835 | frontend/fq._T_2_1_data\[5\]$_DFFE_PP_/D
    1260+ |       2 |     143 |      103 |      5 |    45 |    +0.5% |   -0.280 |      -32.0 |     -219.7 |   1835 | frontend/fq._T_2_1_data\[5\]$_DFFE_PP_/D
    1261+ |       2 |     143 |      103 |      5 |    46 |    +0.5% |   -0.280 |      -31.9 |     -219.7 |   1835 | frontend/fq._T_2_1_data\[5\]$_DFFE_PP_/D
    1262+ |       2 |     143 |      103 |      5 |    46 |    +0.5% |   -0.280 |      -31.9 |     -219.7 |   1835 | frontend/fq._T_2_1_data\[5\]$_DFFE_PP_/D
    1263+ |       2 |     143 |      103 |      5 |    46 |    +0.5% |   -0.280 |      -31.9 |     -219.7 |   1835 | frontend/fq._T_2_1_data\[5\]$_DFFE_PP_/D
    1264+ |       2 |     143 |      103 |      5 |    46 |    +0.5% |   -0.280 |      -31.9 |     -219.7 |   1835 | frontend/fq._T_2_1_data\[5\]$_DFFE_PP_/D
    1265+ |       2 |     143 |      103 |      5 |    46 |    +0.5% |   -0.280 |      -31.9 |     -219.7 |   1835 | frontend/fq._T_2_1_data\[5\]$_DFFE_PP_/D
    1266+ |       2 |     143 |      103 |      5 |    46 |    +0.5% |   -0.280 |      -31.9 |     -219.7 |   1835 | frontend/fq._T_2_1_data\[5\]$_DFFE_PP_/D
    1267+ |       2 |     143 |      103 |      5 |    46 |    +0.5% |   -0.280 |      -31.9 |     -219.7 |   1835 | frontend/fq._T_2_1_data\[5\]$_DFFE_PP_/D
    1268+ |       2 |     143 |      103 |      5 |    46 |    +0.5% |   -0.280 |      -31.9 |     -219.7 |   1835 | frontend/fq._T_2_1_data\[5\]$_DFFE_PP_/D
    1269+ |       2 |     143 |      103 |      5 |    46 |    +0.5% |   -0.280 |      -31.9 |     -219.7 |   1835 | frontend/fq._T_2_1_data\[5\]$_DFFE_PP_/D
    1270+ |       2 |     143 |      103 |      5 |    46 |    +0.5% |   -0.280 |      -31.9 |     -219.7 |   1835 | frontend/fq._T_2_1_data\[5\]$_DFFE_PP_/D
    1270+ |       2 |     143 |      103 |      5 |    46 |    +0.5% |   -0.280 |      -31.9 |     -219.7 |   1835 | frontend/fq._T_2_1_data\[5\]$_DFFE_PP_/D
    1271+ |       2 |     143 |      103 |      5 |    46 |    +0.5% |   -0.280 |      -31.9 |     -219.7 |   1835 | frontend/fq._T_2_1_data\[5\]$_DFFE_PP_/D
    1275+ |       2 |     146 |      103 |      5 |    46 |    +0.5% |   -0.280 |      -31.8 |     -218.5 |   1835 | frontend/fq._T_2_1_data\[5\]$_DFFE_PP_/D
    1276+ |       2 |     146 |      103 |      5 |    46 |    +0.5% |   -0.280 |      -31.8 |     -218.5 |   1835 | frontend/fq._T_2_1_data\[5\]$_DFFE_PP_/D
    1277+ |       2 |     146 |      103 |      5 |    46 |    +0.5% |   -0.280 |      -31.8 |     -218.5 |   1835 | frontend/fq._T_2_1_data\[5\]$_DFFE_PP_/D
    1278+ |       2 |     146 |      103 |      5 |    46 |    +0.5% |   -0.280 |      -31.8 |     -218.5 |   1835 | frontend/fq._T_2_1_data\[5\]$_DFFE_PP_/D
    1279+ |       2 |     146 |      103 |      5 |    46 |    +0.5% |   -0.280 |      -31.8 |     -218.5 |   1835 | frontend/fq._T_2_1_data\[5\]$_DFFE_PP_/D
    1280+ |       2 |     146 |      103 |      5 |    46 |    +0.5% |   -0.280 |      -31.8 |     -218.5 |   1835 | frontend/fq._T_2_1_data\[5\]$_DFFE_PP_/D
    1280+ |       2 |     146 |      103 |      5 |    46 |    +0.5% |   -0.280 |      -31.8 |     -218.5 |   1835 | frontend/fq._T_2_1_data\[5\]$_DFFE_PP_/D
    1281+ |       2 |     146 |      103 |      5 |    46 |    +0.5% |   -0.280 |      -31.8 |     -218.5 |   1835 | frontend/fq._T_2_1_data\[5\]$_DFFE_PP_/D
    1282+ |       2 |     146 |      103 |      5 |    46 |    +0.5% |   -0.280 |      -31.8 |     -218.5 |   1835 | frontend/fq._T_2_1_data\[5\]$_DFFE_PP_/D
    1283+ |       2 |     146 |      103 |      5 |    46 |    +0.5% |   -0.280 |      -31.8 |     -218.5 |   1835 | frontend/fq._T_2_1_data\[5\]$_DFFE_PP_/D
    1284+ |       2 |     146 |      103 |      5 |    46 |    +0.5% |   -0.280 |      -31.8 |     -218.5 |   1835 | frontend/fq._T_2_1_data\[5\]$_DFFE_PP_/D
    1285+ |       2 |     146 |      103 |      5 |    46 |    +0.5% |   -0.280 |      -31.8 |     -218.5 |   1835 | frontend/fq._T_2_1_data\[5\]$_DFFE_PP_/D
    1286+ |       2 |     146 |      103 |      5 |    46 |    +0.5% |   -0.280 |      -31.8 |     -218.5 |   1835 | frontend/fq._T_2_1_data\[5\]$_DFFE_PP_/D
    1287+ |       2 |     146 |      103 |      5 |    46 |    +0.5% |   -0.280 |      -31.8 |     -218.5 |   1835 | frontend/fq._T_2_1_data\[5\]$_DFFE_PP_/D
    1288+ |       2 |     146 |      103 |      5 |    46 |    +0.5% |   -0.280 |      -31.8 |     -218.5 |   1835 | frontend/fq._T_2_1_data\[5\]$_DFFE_PP_/D
    1289+ |       2 |     146 |      103 |      5 |    46 |    +0.5% |   -0.280 |      -31.8 |     -218.5 |   1835 | frontend/fq._T_2_1_data\[5\]$_DFFE_PP_/D
    1290+ |       2 |     146 |      103 |      5 |    46 |    +0.5% |   -0.280 |      -31.8 |     -218.5 |   1835 | frontend/fq._T_2_1_data\[5\]$_DFFE_PP_/D
    1290+ |       2 |     146 |      103 |      5 |    46 |    +0.5% |   -0.280 |      -31.8 |     -218.5 |   1835 | frontend/fq._T_2_1_data\[5\]$_DFFE_PP_/D
    1292+ |       2 |     146 |      103 |      5 |    47 |    +0.5% |   -0.280 |      -31.8 |     -218.5 |   1835 | frontend/fq._T_2_1_data\[5\]$_DFFE_PP_/D
    1293+ |       2 |     146 |      103 |      5 |    47 |    +0.5% |   -0.280 |      -31.8 |     -218.5 |   1835 | frontend/fq._T_2_1_data\[5\]$_DFFE_PP_/D
    1294+ |       2 |     146 |      103 |      5 |    47 |    +0.5% |   -0.280 |      -31.8 |     -218.5 |   1835 | frontend/fq._T_2_1_data\[5\]$_DFFE_PP_/D
    1295+ |       2 |     146 |      103 |      5 |    47 |    +0.5% |   -0.280 |      -31.8 |     -218.5 |   1835 | frontend/fq._T_2_1_data\[5\]$_DFFE_PP_/D
    1296+ |       2 |     146 |      103 |      5 |    47 |    +0.5% |   -0.280 |      -31.8 |     -218.5 |   1835 | frontend/fq._T_2_1_data\[5\]$_DFFE_PP_/D
    1297+ |       2 |     146 |      103 |      5 |    47 |    +0.5% |   -0.280 |      -31.8 |     -218.5 |   1835 | frontend/fq._T_2_1_data\[5\]$_DFFE_PP_/D
    1298+ |       2 |     146 |      103 |      5 |    47 |    +0.5% |   -0.280 |      -31.8 |     -218.5 |   1835 | frontend/fq._T_2_1_data\[5\]$_DFFE_PP_/D
    1299+ |       2 |     146 |      103 |      5 |    47 |    +0.5% |   -0.280 |      -31.8 |     -218.5 |   1835 | frontend/fq._T_2_1_data\[5\]$_DFFE_PP_/D
    1300+ |       2 |     146 |      103 |      5 |    47 |    +0.5% |   -0.280 |      -31.8 |     -218.5 |   1835 | frontend/fq._T_2_1_data\[5\]$_DFFE_PP_/D
    1302+ |       2 |     147 |      103 |      5 |    47 |    +0.5% |   -0.280 |      -31.8 |     -218.4 |   1835 | frontend/fq._T_2_1_data\[5\]$_DFFE_PP_/D
    1303+ |       2 |     147 |      103 |      5 |    47 |    +0.5% |   -0.280 |      -31.8 |     -218.4 |   1835 | frontend/fq._T_2_1_data\[5\]$_DFFE_PP_/D
    1304+ |       2 |     147 |      103 |      5 |    47 |    +0.5% |   -0.280 |      -31.8 |     -218.4 |   1835 | frontend/fq._T_2_1_data\[5\]$_DFFE_PP_/D
    1305+ |       2 |     147 |      103 |      5 |    47 |    +0.5% |   -0.280 |      -31.8 |     -218.4 |   1835 | frontend/fq._T_2_1_data\[5\]$_DFFE_PP_/D
    1306+ |       2 |     147 |      103 |      5 |    47 |    +0.5% |   -0.280 |      -31.8 |     -218.4 |   1835 | frontend/fq._T_2_1_data\[5\]$_DFFE_PP_/D
    1307+ |       2 |     147 |      103 |      5 |    47 |    +0.5% |   -0.280 |      -31.8 |     -218.4 |   1835 | frontend/fq._T_2_1_data\[5\]$_DFFE_PP_/D
    1308+ |       2 |     147 |      103 |      5 |    47 |    +0.5% |   -0.280 |      -31.8 |     -218.4 |   1835 | frontend/fq._T_2_1_data\[5\]$_DFFE_PP_/D
    1309+ |       2 |     147 |      103 |      5 |    47 |    +0.5% |   -0.280 |      -31.8 |     -218.4 |   1835 | frontend/fq._T_2_1_data\[5\]$_DFFE_PP_/D
    1310+ |       2 |     147 |      103 |      5 |    47 |    +0.5% |   -0.280 |      -31.8 |     -218.4 |   1835 | frontend/fq._T_2_1_data\[5\]$_DFFE_PP_/D
    1310+ |       2 |     147 |      103 |      5 |    47 |    +0.5% |   -0.280 |      -31.8 |     -218.4 |   1835 | frontend/fq._T_2_1_data\[5\]$_DFFE_PP_/D
    1312+ |       2 |     148 |      103 |      5 |    47 |    +0.5% |   -0.280 |      -31.8 |     -216.4 |   1835 | frontend/fq._T_2_1_data\[5\]$_DFFE_PP_/D
    1313+ |       2 |     148 |      103 |      5 |    47 |    +0.5% |   -0.280 |      -31.8 |     -216.4 |   1835 | frontend/fq._T_2_1_data\[5\]$_DFFE_PP_/D
    1314+ |       2 |     148 |      103 |      5 |    47 |    +0.5% |   -0.280 |      -31.8 |     -216.4 |   1835 | frontend/fq._T_2_1_data\[5\]$_DFFE_PP_/D
    1315+ |       2 |     148 |      103 |      5 |    47 |    +0.5% |   -0.280 |      -31.8 |     -216.4 |   1835 | frontend/fq._T_2_1_data\[5\]$_DFFE_PP_/D
    1316+ |       2 |     148 |      103 |      5 |    47 |    +0.5% |   -0.280 |      -31.8 |     -216.4 |   1835 | frontend/fq._T_2_1_data\[5\]$_DFFE_PP_/D
    1317+ |       2 |     148 |      103 |      5 |    47 |    +0.5% |   -0.280 |      -31.8 |     -216.4 |   1835 | frontend/fq._T_2_1_data\[5\]$_DFFE_PP_/D
    1320+ |       2 |     150 |      103 |      5 |    47 |    +0.5% |   -0.280 |      -31.4 |     -214.7 |   1835 | frontend/fq._T_2_1_data\[5\]$_DFFE_PP_/D
    1322+ |       2 |     152 |      103 |      5 |    47 |    +0.5% |   -0.280 |      -31.2 |     -213.8 |   1835 | frontend/fq._T_2_1_data\[5\]$_DFFE_PP_/D
    1323+ |       2 |     152 |      103 |      5 |    47 |    +0.5% |   -0.280 |      -31.2 |     -213.8 |   1835 | frontend/fq._T_2_1_data\[5\]$_DFFE_PP_/D
    1324+ |       2 |     152 |      103 |      5 |    47 |    +0.5% |   -0.280 |      -31.2 |     -213.8 |   1835 | frontend/fq._T_2_1_data\[5\]$_DFFE_PP_/D
    1326+ |       2 |     153 |      103 |      5 |    47 |    +0.5% |   -0.280 |      -31.2 |     -213.8 |   1835 | frontend/fq._T_2_1_data\[5\]$_DFFE_PP_/D
    1327+ |       2 |     153 |      103 |      5 |    47 |    +0.5% |   -0.280 |      -31.2 |     -213.8 |   1835 | frontend/fq._T_2_1_data\[5\]$_DFFE_PP_/D
    1328+ |       2 |     153 |      103 |      5 |    47 |    +0.5% |   -0.280 |      -31.2 |     -213.8 |   1835 | frontend/fq._T_2_1_data\[5\]$_DFFE_PP_/D
    1329+ |       2 |     153 |      103 |      5 |    47 |    +0.5% |   -0.280 |      -31.2 |     -213.8 |   1835 | frontend/fq._T_2_1_data\[5\]$_DFFE_PP_/D
    1330+ |       2 |     153 |      103 |      5 |    47 |    +0.5% |   -0.280 |      -31.2 |     -213.8 |   1835 | frontend/fq._T_2_1_data\[5\]$_DFFE_PP_/D
    1330+ |       2 |     153 |      103 |      5 |    47 |    +0.5% |   -0.280 |      -31.2 |     -213.8 |   1835 | frontend/fq._T_2_1_data\[5\]$_DFFE_PP_/D
    1331+ |       2 |     153 |      103 |      5 |    47 |    +0.5% |   -0.280 |      -31.2 |     -213.8 |   1835 | frontend/fq._T_2_1_data\[5\]$_DFFE_PP_/D
    1332+ |       2 |     153 |      103 |      5 |    47 |    +0.5% |   -0.280 |      -31.2 |     -213.8 |   1835 | frontend/fq._T_2_1_data\[5\]$_DFFE_PP_/D
    1333+ |       2 |     153 |      103 |      5 |    47 |    +0.5% |   -0.280 |      -31.2 |     -213.8 |   1835 | frontend/fq._T_2_1_data\[5\]$_DFFE_PP_/D
    1334+ |       2 |     153 |      103 |      5 |    47 |    +0.5% |   -0.280 |      -31.2 |     -213.8 |   1835 | frontend/fq._T_2_1_data\[5\]$_DFFE_PP_/D
    1335+ |       2 |     153 |      103 |      5 |    47 |    +0.5% |   -0.280 |      -31.2 |     -213.8 |   1835 | frontend/fq._T_2_1_data\[5\]$_DFFE_PP_/D
    1336+ |       2 |     153 |      103 |      5 |    47 |    +0.5% |   -0.280 |      -31.2 |     -213.8 |   1835 | frontend/fq._T_2_1_data\[5\]$_DFFE_PP_/D
    1337+ |       2 |     153 |      103 |      5 |    47 |    +0.5% |   -0.280 |      -31.2 |     -213.8 |   1835 | frontend/fq._T_2_1_data\[5\]$_DFFE_PP_/D
    1338+ |       2 |     153 |      103 |      5 |    47 |    +0.5% |   -0.280 |      -31.2 |     -213.8 |   1835 | frontend/fq._T_2_1_data\[5\]$_DFFE_PP_/D
    1339+ |       2 |     153 |      103 |      5 |    47 |    +0.5% |   -0.280 |      -31.2 |     -213.8 |   1835 | frontend/fq._T_2_1_data\[5\]$_DFFE_PP_/D
    1340+ |       2 |     153 |      103 |      5 |    47 |    +0.5% |   -0.280 |      -31.2 |     -213.8 |   1835 | frontend/fq._T_2_1_data\[5\]$_DFFE_PP_/D
    1340+ |       2 |     153 |      103 |      5 |    47 |    +0.5% |   -0.280 |      -31.2 |     -213.8 |   1835 | frontend/fq._T_2_1_data\[5\]$_DFFE_PP_/D
    1341+ |       2 |     153 |      103 |      5 |    47 |    +0.5% |   -0.280 |      -31.2 |     -213.8 |   1835 | frontend/fq._T_2_1_data\[5\]$_DFFE_PP_/D
    1342+ |       2 |     153 |      103 |      5 |    47 |    +0.5% |   -0.280 |      -31.2 |     -213.8 |   1835 | frontend/fq._T_2_1_data\[5\]$_DFFE_PP_/D
    1343+ |       2 |     153 |      103 |      5 |    47 |    +0.5% |   -0.280 |      -31.2 |     -213.8 |   1835 | frontend/fq._T_2_1_data\[5\]$_DFFE_PP_/D
    1345+ |       2 |     154 |      103 |      5 |    47 |    +0.5% |   -0.280 |      -31.2 |     -213.8 |   1835 | frontend/fq._T_2_1_data\[5\]$_DFFE_PP_/D
    1346+ |       2 |     154 |      103 |      5 |    47 |    +0.5% |   -0.280 |      -31.2 |     -213.8 |   1835 | frontend/fq._T_2_1_data\[5\]$_DFFE_PP_/D
    1347+ |       2 |     154 |      103 |      5 |    47 |    +0.5% |   -0.280 |      -31.2 |     -213.8 |   1835 | frontend/fq._T_2_1_data\[5\]$_DFFE_PP_/D
    1348+ |       2 |     154 |      103 |      5 |    47 |    +0.5% |   -0.280 |      -31.2 |     -213.8 |   1835 | frontend/fq._T_2_1_data\[5\]$_DFFE_PP_/D
    1349+ |       2 |     154 |      103 |      5 |    47 |    +0.5% |   -0.280 |      -31.2 |     -213.8 |   1835 | frontend/fq._T_2_1_data\[5\]$_DFFE_PP_/D
    1350+ |       2 |     154 |      103 |      5 |    47 |    +0.5% |   -0.280 |      -31.2 |     -213.8 |   1835 | frontend/fq._T_2_1_data\[5\]$_DFFE_PP_/D
    1350+ |       2 |     154 |      103 |      5 |    47 |    +0.5% |   -0.280 |      -31.2 |     -213.8 |   1835 | frontend/fq._T_2_1_data\[5\]$_DFFE_PP_/D
    1351+ |       2 |     154 |      103 |      5 |    47 |    +0.5% |   -0.280 |      -31.2 |     -213.8 |   1835 | frontend/fq._T_2_1_data\[5\]$_DFFE_PP_/D
    1353+ |       2 |     155 |      103 |      5 |    47 |    +0.5% |   -0.280 |      -31.2 |     -212.4 |   1835 | frontend/fq._T_2_1_data\[5\]$_DFFE_PP_/D
    1354+ |       2 |     155 |      103 |      5 |    47 |    +0.5% |   -0.280 |      -31.2 |     -212.4 |   1835 | frontend/fq._T_2_1_data\[5\]$_DFFE_PP_/D
    1355+ |       2 |     155 |      103 |      5 |    47 |    +0.5% |   -0.280 |      -31.2 |     -212.4 |   1835 | frontend/fq._T_2_1_data\[5\]$_DFFE_PP_/D
    1356+ |       2 |     155 |      103 |      5 |    47 |    +0.5% |   -0.280 |      -31.2 |     -212.4 |   1835 | frontend/fq._T_2_1_data\[5\]$_DFFE_PP_/D
    1357+ |       2 |     155 |      103 |      5 |    47 |    +0.5% |   -0.280 |      -31.2 |     -212.4 |   1835 | frontend/fq._T_2_1_data\[5\]$_DFFE_PP_/D
    1358+ |       2 |     155 |      103 |      5 |    47 |    +0.5% |   -0.280 |      -31.2 |     -212.4 |   1835 | frontend/fq._T_2_1_data\[5\]$_DFFE_PP_/D
    1359+ |       2 |     155 |      103 |      5 |    47 |    +0.5% |   -0.280 |      -31.2 |     -212.4 |   1835 | frontend/fq._T_2_1_data\[5\]$_DFFE_PP_/D
    1360+ |       2 |     155 |      103 |      5 |    47 |    +0.5% |   -0.280 |      -31.2 |     -212.4 |   1835 | frontend/fq._T_2_1_data\[5\]$_DFFE_PP_/D
    1360+ |       2 |     155 |      103 |      5 |    47 |    +0.5% |   -0.280 |      -31.2 |     -212.4 |   1835 | frontend/fq._T_2_1_data\[5\]$_DFFE_PP_/D
    1361+ |       2 |     155 |      103 |      5 |    47 |    +0.5% |   -0.280 |      -31.2 |     -212.4 |   1835 | frontend/fq._T_2_1_data\[5\]$_DFFE_PP_/D
    1362+ |       2 |     155 |      103 |      5 |    47 |    +0.5% |   -0.280 |      -31.2 |     -212.4 |   1835 | frontend/fq._T_2_1_data\[5\]$_DFFE_PP_/D
    1363+ |       2 |     155 |      103 |      5 |    47 |    +0.5% |   -0.280 |      -31.2 |     -212.4 |   1835 | frontend/fq._T_2_1_data\[5\]$_DFFE_PP_/D
    1364+ |       2 |     155 |      103 |      5 |    47 |    +0.5% |   -0.280 |      -31.2 |     -212.4 |   1835 | frontend/fq._T_2_1_data\[5\]$_DFFE_PP_/D
    1365+ |       2 |     155 |      103 |      5 |    47 |    +0.5% |   -0.280 |      -31.2 |     -212.4 |   1835 | frontend/fq._T_2_1_data\[5\]$_DFFE_PP_/D
    1370+ |       2 |     158 |      103 |      5 |    48 |    +0.5% |   -0.280 |      -31.2 |     -210.7 |   1835 | frontend/fq._T_2_1_data\[5\]$_DFFE_PP_/D
    1373+ |       2 |     161 |      103 |      5 |    48 |    +0.5% |   -0.280 |      -31.2 |     -210.6 |   1835 | frontend/fq._T_2_1_data\[5\]$_DFFE_PP_/D
    1375+ |       2 |     162 |      103 |      5 |    48 |    +0.5% |   -0.280 |      -31.0 |     -209.9 |   1835 | frontend/fq._T_2_1_data\[5\]$_DFFE_PP_/D
    1377+ |       2 |     163 |      103 |      5 |    48 |    +0.5% |   -0.280 |      -31.0 |     -209.8 |   1835 | frontend/fq._T_2_1_data\[5\]$_DFFE_PP_/D
    1378+ |       2 |     163 |      103 |      5 |    48 |    +0.5% |   -0.280 |      -31.0 |     -209.8 |   1835 | frontend/fq._T_2_1_data\[5\]$_DFFE_PP_/D
    1379+ |       2 |     163 |      103 |      5 |    48 |    +0.5% |   -0.280 |      -31.0 |     -209.8 |   1835 | frontend/fq._T_2_1_data\[5\]$_DFFE_PP_/D
    1380+ |       2 |     163 |      103 |      5 |    48 |    +0.5% |   -0.280 |      -31.0 |     -209.8 |   1835 | frontend/fq._T_2_1_data\[5\]$_DFFE_PP_/D
    1380+ |       2 |     163 |      103 |      5 |    48 |    +0.5% |   -0.280 |      -31.0 |     -209.8 |   1835 | frontend/fq._T_2_1_data\[5\]$_DFFE_PP_/D
    1381+ |       2 |     163 |      103 |      5 |    48 |    +0.5% |   -0.280 |      -31.0 |     -209.8 |   1835 | frontend/fq._T_2_1_data\[5\]$_DFFE_PP_/D
    1382+ |       2 |     163 |      103 |      5 |    48 |    +0.5% |   -0.280 |      -31.0 |     -209.8 |   1835 | frontend/fq._T_2_1_data\[5\]$_DFFE_PP_/D
    1383+ |       2 |     163 |      103 |      5 |    48 |    +0.5% |   -0.280 |      -31.0 |     -209.8 |   1835 | frontend/fq._T_2_1_data\[5\]$_DFFE_PP_/D
    1384+ |       2 |     163 |      103 |      5 |    48 |    +0.5% |   -0.280 |      -31.0 |     -209.8 |   1835 | frontend/fq._T_2_1_data\[5\]$_DFFE_PP_/D
    1385+ |       2 |     163 |      103 |      5 |    48 |    +0.5% |   -0.280 |      -31.0 |     -209.8 |   1835 | frontend/fq._T_2_1_data\[5\]$_DFFE_PP_/D
    1386+ |       2 |     163 |      103 |      5 |    48 |    +0.5% |   -0.280 |      -31.0 |     -209.8 |   1835 | frontend/fq._T_2_1_data\[5\]$_DFFE_PP_/D
    1387+ |       2 |     163 |      103 |      5 |    48 |    +0.5% |   -0.280 |      -31.0 |     -209.8 |   1835 | frontend/fq._T_2_1_data\[5\]$_DFFE_PP_/D
    1388+ |       2 |     163 |      103 |      5 |    48 |    +0.5% |   -0.280 |      -31.0 |     -209.8 |   1835 | frontend/fq._T_2_1_data\[5\]$_DFFE_PP_/D
    1389+ |       2 |     163 |      103 |      5 |    48 |    +0.5% |   -0.280 |      -31.0 |     -209.8 |   1835 | frontend/fq._T_2_1_data\[5\]$_DFFE_PP_/D
    1390+ |       2 |     163 |      103 |      5 |    48 |    +0.5% |   -0.280 |      -31.0 |     -209.8 |   1835 | frontend/fq._T_2_1_data\[5\]$_DFFE_PP_/D
    1390+ |       2 |     163 |      103 |      5 |    48 |    +0.5% |   -0.280 |      -31.0 |     -209.8 |   1835 | frontend/fq._T_2_1_data\[5\]$_DFFE_PP_/D
    1391+ |       2 |     163 |      103 |      5 |    48 |    +0.5% |   -0.280 |      -31.0 |     -209.8 |   1835 | frontend/fq._T_2_1_data\[5\]$_DFFE_PP_/D
    1392+ |       2 |     163 |      103 |      5 |    48 |    +0.5% |   -0.280 |      -31.0 |     -209.8 |   1835 | frontend/fq._T_2_1_data\[5\]$_DFFE_PP_/D
    1393+ |       2 |     163 |      103 |      5 |    48 |    +0.5% |   -0.280 |      -31.0 |     -209.8 |   1835 | frontend/fq._T_2_1_data\[5\]$_DFFE_PP_/D
    1394+ |       2 |     163 |      103 |      5 |    48 |    +0.5% |   -0.280 |      -31.0 |     -209.8 |   1835 | frontend/fq._T_2_1_data\[5\]$_DFFE_PP_/D
    1395+ |       2 |     163 |      103 |      5 |    48 |    +0.5% |   -0.280 |      -31.0 |     -209.8 |   1835 | frontend/fq._T_2_1_data\[5\]$_DFFE_PP_/D
    1396+ |       2 |     163 |      103 |      5 |    48 |    +0.5% |   -0.280 |      -31.0 |     -209.8 |   1835 | frontend/fq._T_2_1_data\[5\]$_DFFE_PP_/D
    1397+ |       2 |     163 |      103 |      5 |    48 |    +0.5% |   -0.280 |      -31.0 |     -209.8 |   1835 | frontend/fq._T_2_1_data\[5\]$_DFFE_PP_/D
    1398+ |       2 |     163 |      103 |      5 |    48 |    +0.5% |   -0.280 |      -31.0 |     -209.8 |   1835 | frontend/fq._T_2_1_data\[5\]$_DFFE_PP_/D
    1399+ |       2 |     163 |      103 |      5 |    48 |    +0.5% |   -0.280 |      -31.0 |     -209.8 |   1835 | frontend/fq._T_2_1_data\[5\]$_DFFE_PP_/D
    1400+ |       2 |     163 |      103 |      5 |    48 |    +0.5% |   -0.280 |      -31.0 |     -209.8 |   1835 | frontend/fq._T_2_1_data\[5\]$_DFFE_PP_/D
    final |       2 |     163 |      103 |      5 |    48 |    +0.5% |   -0.280 |      -31.0 |     -209.8 |   1768 | frontend/fq._T_2_1_data\[5\]$_DFFE_PP_/D
------------------------------------------------------------------------------------------------------------------------------
[INFO RSZ-0059] Removed 2 buffers.
[INFO RSZ-0040] Inserted 103 buffers.
[INFO RSZ-0051] Resized 163 instances: 162 up, 1 up match, 0 down, 0 VT
[INFO RSZ-0043] Swapped pins on 48 instances.
[INFO RSZ-0049] Cloned 5 instances.
[WARNING RSZ-0062] Unable to repair all setup violations.
[INFO RSZ-0505] Runtime: 49.87s
[INFO RSZ-0033] No hold violations found.
[INFO RSZ-0506] Runtime: 0.12s
Took 50 seconds: repair_timing -setup_margin 0 -hold_margin 0 -repair_tns 100 -verbose
global_route -start_incremental
detailed_placement
[INFO DPL-0006] Core area: 88535.44 um^2
[INFO DPL-0007] Movable instances area: 52021.89 um^2
[INFO DPL-0008] Fixed instances area within core: 2693.78 um^2
[INFO DPL-0009] Utilization: 61.8%
[INFO DPL-0005] Diamond search max displacement: +/- 500 sites horizontally, +/- 100 rows vertically.
[INFO DPL-1102] Legalizing using negotiation legalizer.
[INFO DPL-1103] Negotiation base search window: +/-20 sites horizontally, +/-5 rows vertically 
	Automatic search window extension enabled.
	Search window extendable up to the max displacement cap of +/-500 sites, +/-100 rows near walls.
[INFO DPL-1104] NegotiationLegalizer DRC penalty: 5.
[INFO DPL-0392] Negotiation cell height distribution (2 unique row-count(s)):
[INFO DPL-0393]   height 1 row(s): 28179 cells
[INFO DPL-0393]   height 44 row(s): 2 cells
          |      Total |  Illegal |  Illegal
Iteration | Violations |    Cells |    Sites
---------------------------------------------
        0 |       1389 |       291 |      1080
        1 |        914 |       160 |       742
        2 |        812 |       130 |       655
        3 |        608 |       100 |       508
        4 |        558 |        80 |       460
        5 |        431 |        63 |       353
        6 |        323 |        56 |       267
        7 |        288 |        48 |       237
        8 |        246 |        44 |       202
        9 |        216 |        38 |       178
       10 |        210 |        26 |       184
       20 |         45 |         3 |        21
       22 |          0 |         0 |         0
Negotiation phase 1 converged at iteration 22.
[INFO DPL-0500] Runtime: 0.52s
Placement Analysis
---------------------------------
total displacement       1093.1 u
average displacement        0.0 u
max displacement           10.9 u
original HPWL          405757.5 u
legalized HPWL         406834.2 u
delta HPWL                    0 %

check_placement -verbose
global_route -end_incremental -congestion_report_file /work/tinyRocket/18b7966f4e91c8d5/orfs/reports/nangate45/tinyRocket/base/congestion_post_repair_timing.rpt
estimate_parasitics -global_routing
global_route -start_incremental
global_route -end_incremental -congestion_report_file /work/tinyRocket/18b7966f4e91c8d5/orfs/reports/nangate45/tinyRocket/base/congestion_post_recover_power.rpt
Repair antennas...
[WARNING GRT-0246] No diode with LEF class CORE ANTENNACELL found.
[INFO ANT-0002] Found 0 net violations.
[INFO ANT-0001] Found 0 pin violations.
Estimate parasitics...
estimate_parasitics -global_routing
Report metrics stage 5, global route...

==========================================================================
global route report_design_area
--------------------------------------------------------------------------
Design area 54716 um^2 62% utilization.
[INFO FLW-0007] clock core_clock period 1.200000
[INFO FLW-0008] Clock core_clock period 1.412
[INFO FLW-0009] Clock core_clock slack -0.287
write_sdc -no_timestamp /work/tinyRocket/18b7966f4e91c8d5/orfs/results/nangate45/tinyRocket/base/updated_clks.sdc
[INFO FLW-0011] Path endpoint path count 9082
write_db /work/tinyRocket/18b7966f4e91c8d5/orfs/results/nangate45/tinyRocket/base/5_1_grt.odb
write_sdc -no_timestamp /work/tinyRocket/18b7966f4e91c8d5/orfs/results/nangate45/tinyRocket/base/5_1_grt.sdc
Elapsed time: 1:39.49[h:]min:sec. CPU time: user 565.57 sys 19.37 (587%). Peak memory: 668192KB.
Log                       Ext     Elapsed/s Peak Memory/MB sha1sum result [0:20)
5_1_grt                   .odb           99            652 2aaf4f6482dbdf59b55d
5_1_grt                   .sdc                             7e89828fd407c9695363
