OpenROAD unknown 
Features included (+) or not (-): -GPU +GUI -Python
This program is licensed under the BSD-3 license. See the LICENSE file for details.
Components of this program may be licensed under more restrictive licenses which must be honored.
[INFO ORD-0030] Using 16 thread(s).
read_liberty /OpenROAD-flow-scripts/flow/platforms/nangate45/lib/NangateOpenCellLibrary_typical.lib
read_liberty /OpenROAD-flow-scripts/flow/designs/nangate45/tinyRocket/fakeram45_1024x32.lib
read_liberty /OpenROAD-flow-scripts/flow/designs/nangate45/tinyRocket/fakeram45_64x32.lib
read_db /work/tinyRocket/da29399a677d6344/orfs/results/nangate45/tinyRocket/base/4_cts.odb
read_sdc /work/tinyRocket/da29399a677d6344/orfs/results/nangate45/tinyRocket/base/4_cts.sdc
source /OpenROAD-flow-scripts/flow/platforms/nangate45/setRC.tcl
pin_access
[INFO DRT-0149] Reading tech and libs.

Units:                2000
Number of layers:     21
Number of macros:     137
Number of vias:       36
Number of viarulegen: 19

[INFO DRT-0150] Reading design.

Design:                   RocketTile
Die area:                 ( 0 0 ) ( 604800 604800 )
Number of track patterns: 20
Number of DEF vias:       0
Number of components:     28165
Number of terminals:      271
Number of snets:          2
Number of nets:           32806

[INFO DRT-0167] List of default vias:
  Layer via2
    default via: via2_5
  Layer via3
    default via: via3_2
  Layer via4
    default via: via4_0
  Layer via5
    default via: via5_0
  Layer via6
    default via: via6_0
  Layer via7
    default via: via7_0
  Layer via8
    default via: via8_0
  Layer via9
    default via: via9_0
[INFO DRT-0162] Library cell analysis.
[INFO DRT-0163] Instance analysis.
[INFO DRT-0164] Number of unique instances = 176.
[INFO DRT-0168] Init region query.
[INFO DRT-0024]   Complete active.
[INFO DRT-0024]   Complete Fr_VIA.
[INFO DRT-0024]   Complete metal1.
[INFO DRT-0024]   Complete via1.
[INFO DRT-0024]   Complete metal2.
[INFO DRT-0024]   Complete via2.
[INFO DRT-0024]   Complete metal3.
[INFO DRT-0024]   Complete via3.
[INFO DRT-0024]   Complete metal4.
[INFO DRT-0024]   Complete via4.
[INFO DRT-0024]   Complete metal5.
[INFO DRT-0024]   Complete via5.
[INFO DRT-0024]   Complete metal6.
[INFO DRT-0024]   Complete via6.
[INFO DRT-0024]   Complete metal7.
[INFO DRT-0024]   Complete via7.
[INFO DRT-0024]   Complete metal8.
[INFO DRT-0024]   Complete via8.
[INFO DRT-0024]   Complete metal9.
[INFO DRT-0024]   Complete via9.
[INFO DRT-0024]   Complete metal10.
[INFO DRT-0033] active shape region query size = 0.
[INFO DRT-0033] FR_VIA shape region query size = 0.
[INFO DRT-0033] metal1 shape region query size = 582232.
[INFO DRT-0033] via1 shape region query size = 3522.
[INFO DRT-0033] metal2 shape region query size = 2350.
[INFO DRT-0033] via2 shape region query size = 3522.
[INFO DRT-0033] metal3 shape region query size = 2772.
[INFO DRT-0033] via3 shape region query size = 3522.
[INFO DRT-0033] metal4 shape region query size = 1407.
[INFO DRT-0033] via4 shape region query size = 1328.
[INFO DRT-0033] metal5 shape region query size = 412.
[INFO DRT-0033] via5 shape region query size = 1532.
[INFO DRT-0033] metal6 shape region query size = 521.
[INFO DRT-0033] via6 shape region query size = 600.
[INFO DRT-0033] metal7 shape region query size = 170.
[INFO DRT-0033] via7 shape region query size = 0.
[INFO DRT-0033] metal8 shape region query size = 0.
[INFO DRT-0033] via8 shape region query size = 0.
[INFO DRT-0033] metal9 shape region query size = 0.
[INFO DRT-0033] via9 shape region query size = 0.
[INFO DRT-0033] metal10 shape region query size = 0.
[INFO DRT-0165] Start pin access.
[INFO DRT-0076]   Complete 1000 pins.
[INFO DRT-0078]   Complete 1236 pins.
[INFO DRT-0079]   Complete 100 unique inst patterns.
[INFO DRT-0081]   Complete 174 unique inst patterns.
[INFO DRT-0082]   Complete 10000 groups.
[INFO DRT-0084]   Complete 10544 groups.
#scanned instances     = 28165
#unique  instances     = 176
#stdCellGenAp          = 6761
#stdCellValidPlanarAp  = 0
#stdCellValidViaAp     = 4619
#stdCellPinNoAp        = 0
#stdCellPinCnt         = 100427
#instTermValidViaApCnt = 0
#macroGenAp            = 210
#macroValidPlanarAp    = 210
#macroValidViaAp       = 0
#macroNoAp             = 0
[INFO DRT-0166] Complete pin access.
[INFO DRT-0267] cpu time = 00:08:41, elapsed time = 00:00:37, memory = 203.90 (MB), peak = 213.64 (MB)
Took 38 seconds: pin_access
global_route -congestion_report_file /work/tinyRocket/da29399a677d6344/orfs/reports/nangate45/tinyRocket/base/congestion.rpt -congestion_iterations 30 -congestion_report_iter_step 5 -verbose
[INFO GRT-0020] Min routing layer: metal2
[INFO GRT-0021] Max routing layer: metal10
[INFO GRT-0022] Global adjustment: 0%
[INFO GRT-0023] Grid origin: (0, 0)
[INFO GRT-0088] Layer metal1  Track-Pitch = 0.1400  line-2-Via Pitch: 0.1350
[INFO GRT-0088] Layer metal2  Track-Pitch = 0.1900  line-2-Via Pitch: 0.1400
[INFO GRT-0088] Layer metal3  Track-Pitch = 0.1400  line-2-Via Pitch: 0.1400
[INFO GRT-0088] Layer metal4  Track-Pitch = 0.2800  line-2-Via Pitch: 0.2800
[INFO GRT-0088] Layer metal5  Track-Pitch = 0.2800  line-2-Via Pitch: 0.2800
[INFO GRT-0088] Layer metal6  Track-Pitch = 0.2800  line-2-Via Pitch: 0.2800
[INFO GRT-0088] Layer metal7  Track-Pitch = 0.8000  line-2-Via Pitch: 0.8000
[INFO GRT-0088] Layer metal8  Track-Pitch = 0.8000  line-2-Via Pitch: 0.8000
[INFO GRT-0088] Layer metal9  Track-Pitch = 1.6000  line-2-Via Pitch: 1.6000
[INFO GRT-0088] Layer metal10 Track-Pitch = 1.6000  line-2-Via Pitch: 1.6000
[INFO GRT-0003] Macros: 2
[INFO GRT-0004] Blockages: 236
[INFO GRT-0019] Found 653 clock nets.
[INFO GRT-0001] Minimum degree: 2
[INFO GRT-0002] Maximum degree: 51

[INFO GRT-0053] Routing resources analysis:
          Routing      Original      Derated      Resource
Layer     Direction    Resources     Resources    Reduction (%)
---------------------------------------------------------------
metal1     Horizontal          0             0          0.00%
metal2     Vertical       158454         74490          52.99%
metal3     Horizontal     218199        107217          50.86%
metal4     Vertical       107484         76065          29.23%
metal5     Horizontal     112293         79188          29.48%
metal6     Vertical       112475         79356          29.45%
metal7     Horizontal      34545         24360          29.48%
metal8     Vertical        39585         28455          28.12%
metal9     Horizontal      19740         11130          43.62%
metal10    Vertical        19740         11130          43.62%
---------------------------------------------------------------

[INFO GRT-0101] Running extra iterations to remove congestion.
[INFO GRT-0102] Start extra iteration 1/30
[INFO GRT-0102] Start extra iteration 2/30
[INFO GRT-0102] Start extra iteration 3/30
[INFO GRT-0197] Via related to pin nodes: 175903
[INFO GRT-0198] Via related Steiner nodes: 3887
[INFO GRT-0199] Via filling finished.
[INFO GRT-0111] Final number of vias: 226988
[INFO GRT-0112] Final usage 3D: 857280

[INFO GRT-0096] Final congestion report:
Layer         Resource        Demand        Usage (%)    Max H / Max V / Total Congestion
---------------------------------------------------------------------------------------
metal1               0             0            0.00%             0 /  0 /  0
metal2           74490         45925           61.65%             0 /  0 /  0
metal3          107217         61408           57.27%             0 /  0 /  0
metal4           76065         27865           36.63%             0 /  0 /  0
metal5           79188         24496           30.93%             0 /  0 /  0
metal6           79356         11675           14.71%             0 /  0 /  0
metal7           24360          3048           12.51%             0 /  0 /  0
metal8           28455          1182            4.15%             0 /  0 /  0
metal9           11130           621            5.58%             0 /  0 /  0
metal10          11130            96            0.86%             0 /  0 /  0
---------------------------------------------------------------------------------------
Total           491391        176316           35.88%             0 /  0 /  0

[INFO GRT-0018] Total wirelength: 707372 um
[INFO GRT-0014] Routed nets: 28392
[INFO GRT-0303] Global routing runtime = 00:00:03
estimate_parasitics -global_routing
Perform buffer insertion and gate resizing...
repair_design -verbose
Iteration |   Area    | Resized | Buffers | Nets repaired | Remaining
---------------------------------------------------------------------
        0 |     +0.0% |       0 |       0 |             0 |     33296
     1000 |     +0.0% |       0 |       1 |             1 |     32296
     2000 |     +0.0% |       0 |       1 |             1 |     31296
     3000 |     +0.0% |       0 |       1 |             1 |     30296
     4000 |     +0.0% |       0 |       1 |             1 |     29296
     5000 |     +0.0% |       0 |       1 |             1 |     28296
     6000 |     +0.0% |       0 |       2 |             3 |     27296
[WARNING RSZ-0104] Net core/_10493_ only has one pin. Check if it is intended to be dangling.
     7000 |     +0.0% |       0 |       4 |             7 |     26296
     8000 |     +0.0% |       0 |       4 |             7 |     25296
[WARNING RSZ-0104] Net core/csr/_T_311\[28\] only has one pin. Check if it is intended to be dangling.
[WARNING RSZ-0104] Net core/csr/_T_311\[22\] only has one pin. Check if it is intended to be dangling.
[WARNING RSZ-0104] Net core/csr/_T_311\[26\] only has one pin. Check if it is intended to be dangling.
[WARNING RSZ-0104] Net core/csr/_T_311\[24\] only has one pin. Check if it is intended to be dangling.
     9000 |     +0.0% |       0 |       4 |            10 |     24296
[WARNING RSZ-0104] Net _2135_ only has one pin. Check if it is intended to be dangling.
    10000 |     +0.0% |       0 |       6 |            13 |     23296
[WARNING RSZ-0104] Net core/csr/_T_347\[28\] only has one pin. Check if it is intended to be dangling.
[WARNING RSZ-0104] Net core/csr/_T_293\[27\] only has one pin. Check if it is intended to be dangling.
[WARNING RSZ-0104] Net core/csr/_T_347\[29\] only has one pin. Check if it is intended to be dangling.
[WARNING RSZ-0104] Net core/csr/_T_302\[28\] only has one pin. Check if it is intended to be dangling.
[WARNING RSZ-0104] Net core/csr/_T_293\[25\] only has one pin. Check if it is intended to be dangling.
[WARNING RSZ-0104] Net core/csr/_T_293\[26\] only has one pin. Check if it is intended to be dangling.
[WARNING RSZ-0104] Net core/csr/_T_311\[18\] only has one pin. Check if it is intended to be dangling.
[WARNING RSZ-0104] Net core/csr/_T_311\[27\] only has one pin. Check if it is intended to be dangling.
[WARNING RSZ-0104] Net core/csr/_T_293\[23\] only has one pin. Check if it is intended to be dangling.
[WARNING RSZ-0104] Net core/csr/_T_347\[27\] only has one pin. Check if it is intended to be dangling.
[WARNING RSZ-0104] Net core/csr/_T_311\[20\] only has one pin. Check if it is intended to be dangling.
[WARNING RSZ-0104] Net core/csr/_T_347\[25\] only has one pin. Check if it is intended to be dangling.
[WARNING RSZ-0104] Net core/csr/_T_347\[26\] only has one pin. Check if it is intended to be dangling.
[WARNING RSZ-0104] Net core/csr/_T_320\[23\] only has one pin. Check if it is intended to be dangling.
[WARNING RSZ-0104] Net core/csr/_T_320\[27\] only has one pin. Check if it is intended to be dangling.
[WARNING RSZ-0104] Net core/csr/_T_347\[23\] only has one pin. Check if it is intended to be dangling.
[WARNING RSZ-0104] Net core/csr/_T_302\[24\] only has one pin. Check if it is intended to be dangling.
[WARNING RSZ-0104] Net core/csr/_T_302\[26\] only has one pin. Check if it is intended to be dangling.
[WARNING RSZ-0104] Net core/csr/_T_311\[25\] only has one pin. Check if it is intended to be dangling.
[WARNING RSZ-0104] Net core/csr/_T_311\[16\] only has one pin. Check if it is intended to be dangling.
[WARNING RSZ-0104] Net core/csr/_T_347\[24\] only has one pin. Check if it is intended to be dangling.
[WARNING RSZ-0104] Net core/csr/_T_338\[26\] only has one pin. Check if it is intended to be dangling.
[WARNING RSZ-0104] Net core/_10495_ only has one pin. Check if it is intended to be dangling.
[WARNING RSZ-0104] Net _2133_ only has one pin. Check if it is intended to be dangling.
[WARNING RSZ-0104] Net core/csr/_T_284\[23\] only has one pin. Check if it is intended to be dangling.
[WARNING RSZ-0104] Net core/csr/_T_284\[25\] only has one pin. Check if it is intended to be dangling.
[WARNING RSZ-0104] Net core/csr/_T_284\[27\] only has one pin. Check if it is intended to be dangling.
[WARNING RSZ-0104] Net core/csr/_T_284\[29\] only has one pin. Check if it is intended to be dangling.
[WARNING RSZ-0104] Net core/csr/_T_284\[26\] only has one pin. Check if it is intended to be dangling.
[WARNING RSZ-0104] Net core/csr/_T_284\[28\] only has one pin. Check if it is intended to be dangling.
[WARNING RSZ-0104] Net core/csr/_T_347\[22\] only has one pin. Check if it is intended to be dangling.
[WARNING RSZ-0104] Net core/csr/_T_347\[20\] only has one pin. Check if it is intended to be dangling.
[WARNING RSZ-0104] Net core/csr/_T_293\[19\] only has one pin. Check if it is intended to be dangling.
[WARNING RSZ-0104] Net core/csr/_T_338\[22\] only has one pin. Check if it is intended to be dangling.
[WARNING RSZ-0104] Net core/csr/_T_293\[24\] only has one pin. Check if it is intended to be dangling.
[WARNING RSZ-0104] Net core/csr/_T_347\[12\] only has one pin. Check if it is intended to be dangling.
[WARNING RSZ-0104] Net core/csr/_T_293\[21\] only has one pin. Check if it is intended to be dangling.
[WARNING RSZ-0104] Net core/csr/_T_293\[20\] only has one pin. Check if it is intended to be dangling.
[WARNING RSZ-0104] Net core/csr/_T_347\[19\] only has one pin. Check if it is intended to be dangling.
[WARNING RSZ-0104] Net core/csr/_T_338\[16\] only has one pin. Check if it is intended to be dangling.
[WARNING RSZ-0104] Net core/csr/_T_338\[24\] only has one pin. Check if it is intended to be dangling.
[WARNING RSZ-0104] Net core/csr/_T_329\[27\] only has one pin. Check if it is intended to be dangling.
[WARNING RSZ-0104] Net core/csr/_T_329\[28\] only has one pin. Check if it is intended to be dangling.
[WARNING RSZ-0104] Net core/csr/_T_311\[19\] only has one pin. Check if it is intended to be dangling.
[WARNING RSZ-0104] Net core/csr/_T_347\[21\] only has one pin. Check if it is intended to be dangling.
[WARNING RSZ-0104] Net core/csr/_T_302\[12\] only has one pin. Check if it is intended to be dangling.
    11000 |     +0.0% |       0 |       6 |            13 |     22296
[WARNING RSZ-0104] Net core/csr/_T_302\[29\] only has one pin. Check if it is intended to be dangling.
[WARNING RSZ-0104] Net core/csr/_T_311\[14\] only has one pin. Check if it is intended to be dangling.
[WARNING RSZ-0104] Net core/csr/_T_302\[14\] only has one pin. Check if it is intended to be dangling.
[WARNING RSZ-0104] Net core/csr/_T_302\[15\] only has one pin. Check if it is intended to be dangling.
[WARNING RSZ-0104] Net core/csr/_T_302\[16\] only has one pin. Check if it is intended to be dangling.
[WARNING RSZ-0104] Net core/csr/_T_302\[20\] only has one pin. Check if it is intended to be dangling.
[WARNING RSZ-0104] Net core/csr/_T_320\[28\] only has one pin. Check if it is intended to be dangling.
[WARNING RSZ-0104] Net core/csr/_T_320\[29\] only has one pin. Check if it is intended to be dangling.
[WARNING RSZ-0104] Net core/csr/_T_320\[24\] only has one pin. Check if it is intended to be dangling.
[WARNING RSZ-0104] Net core/csr/_T_320\[25\] only has one pin. Check if it is intended to be dangling.
[WARNING RSZ-0104] Net core/csr/_T_302\[22\] only has one pin. Check if it is intended to be dangling.
[WARNING RSZ-0104] Net core/csr/_T_320\[26\] only has one pin. Check if it is intended to be dangling.
[WARNING RSZ-0104] Net core/csr/_T_320\[21\] only has one pin. Check if it is intended to be dangling.
[WARNING RSZ-0104] Net core/csr/_T_347\[15\] only has one pin. Check if it is intended to be dangling.
[WARNING RSZ-0104] Net core/csr/_T_302\[25\] only has one pin. Check if it is intended to be dangling.
[WARNING RSZ-0104] Net core/csr/_T_338\[28\] only has one pin. Check if it is intended to be dangling.
[WARNING RSZ-0104] Net core/csr/_T_302\[27\] only has one pin. Check if it is intended to be dangling.
[WARNING RSZ-0104] Net core/csr/_T_293\[18\] only has one pin. Check if it is intended to be dangling.
[WARNING RSZ-0104] Net core/csr/_T_311\[23\] only has one pin. Check if it is intended to be dangling.
[WARNING RSZ-0104] Net core/csr/_T_347\[16\] only has one pin. Check if it is intended to be dangling.
[WARNING RSZ-0104] Net core/csr/_T_293\[29\] only has one pin. Check if it is intended to be dangling.
[WARNING RSZ-0104] Net core/csr/_T_311\[21\] only has one pin. Check if it is intended to be dangling.
[WARNING RSZ-0104] Net core/csr/_T_311\[29\] only has one pin. Check if it is intended to be dangling.
[WARNING RSZ-0104] Net core/csr/_T_293\[16\] only has one pin. Check if it is intended to be dangling.
[WARNING RSZ-0104] Net core/csr/_T_284\[19\] only has one pin. Check if it is intended to be dangling.
    12000 |     +0.0% |       0 |       6 |            14 |     21296
[WARNING RSZ-0104] Net core/csr/_T_284\[18\] only has one pin. Check if it is intended to be dangling.
[WARNING RSZ-0104] Net core/csr/_T_284\[22\] only has one pin. Check if it is intended to be dangling.
[WARNING RSZ-0104] Net core/csr/_T_329\[23\] only has one pin. Check if it is intended to be dangling.
[WARNING RSZ-0104] Net core/csr/_T_338\[21\] only has one pin. Check if it is intended to be dangling.
[WARNING RSZ-0104] Net core/csr/_T_338\[27\] only has one pin. Check if it is intended to be dangling.
[WARNING RSZ-0104] Net core/csr/_T_284\[20\] only has one pin. Check if it is intended to be dangling.
[WARNING RSZ-0104] Net core/csr/_T_284\[21\] only has one pin. Check if it is intended to be dangling.
[WARNING RSZ-0104] Net core/csr/_T_284\[24\] only has one pin. Check if it is intended to be dangling.
[WARNING RSZ-0104] Net core/csr/_T_338\[20\] only has one pin. Check if it is intended to be dangling.
[WARNING RSZ-0104] Net core/csr/_T_329\[22\] only has one pin. Check if it is intended to be dangling.
[WARNING RSZ-0104] Net core/csr/_T_338\[14\] only has one pin. Check if it is intended to be dangling.
[WARNING RSZ-0104] Net core/csr/_T_338\[23\] only has one pin. Check if it is intended to be dangling.
[WARNING RSZ-0104] Net core/csr/_T_293\[14\] only has one pin. Check if it is intended to be dangling.
[WARNING RSZ-0104] Net core/csr/_T_347\[13\] only has one pin. Check if it is intended to be dangling.
[WARNING RSZ-0104] Net core/csr/_T_329\[24\] only has one pin. Check if it is intended to be dangling.
[WARNING RSZ-0104] Net core/csr/_T_338\[25\] only has one pin. Check if it is intended to be dangling.
[WARNING RSZ-0104] Net core/csr/_T_329\[25\] only has one pin. Check if it is intended to be dangling.
[WARNING RSZ-0104] Net core/csr/_T_347\[14\] only has one pin. Check if it is intended to be dangling.
[WARNING RSZ-0104] Net core/csr/_T_338\[18\] only has one pin. Check if it is intended to be dangling.
[WARNING RSZ-0104] Net core/csr/_T_302\[10\] only has one pin. Check if it is intended to be dangling.
[WARNING RSZ-0104] Net core/csr/_T_302\[11\] only has one pin. Check if it is intended to be dangling.
[WARNING RSZ-0104] Net core/csr/_T_329\[16\] only has one pin. Check if it is intended to be dangling.
[WARNING RSZ-0104] Net core/csr/_T_329\[26\] only has one pin. Check if it is intended to be dangling.
[WARNING RSZ-0104] Net core/csr/_T_302\[13\] only has one pin. Check if it is intended to be dangling.
[WARNING RSZ-0104] Net core/csr/_T_302\[18\] only has one pin. Check if it is intended to be dangling.
[WARNING RSZ-0104] Net core/csr/_T_302\[19\] only has one pin. Check if it is intended to be dangling.
[WARNING RSZ-0104] Net core/csr/_T_347\[11\] only has one pin. Check if it is intended to be dangling.
[WARNING RSZ-0104] Net core/csr/_T_347\[10\] only has one pin. Check if it is intended to be dangling.
[WARNING RSZ-0104] Net core/csr/_T_347\[17\] only has one pin. Check if it is intended to be dangling.
[WARNING RSZ-0104] Net core/csr/_T_302\[17\] only has one pin. Check if it is intended to be dangling.
[WARNING RSZ-0104] Net core/csr/_T_347\[18\] only has one pin. Check if it is intended to be dangling.
[WARNING RSZ-0104] Net core/csr/_T_302\[21\] only has one pin. Check if it is intended to be dangling.
[WARNING RSZ-0104] Net core/csr/_T_302\[23\] only has one pin. Check if it is intended to be dangling.
[WARNING RSZ-0104] Net core/csr/_T_320\[22\] only has one pin. Check if it is intended to be dangling.
[WARNING RSZ-0104] Net core/csr/_T_320\[20\] only has one pin. Check if it is intended to be dangling.
[WARNING RSZ-0104] Net core/csr/_T_320\[19\] only has one pin. Check if it is intended to be dangling.
[WARNING RSZ-0104] Net core/csr/_T_320\[18\] only has one pin. Check if it is intended to be dangling.
[WARNING RSZ-0104] Net core/csr/_T_320\[14\] only has one pin. Check if it is intended to be dangling.
[WARNING RSZ-0104] Net core/csr/_T_329\[29\] only has one pin. Check if it is intended to be dangling.
[WARNING RSZ-0104] Net core/csr/_T_293\[17\] only has one pin. Check if it is intended to be dangling.
[WARNING RSZ-0104] Net core/csr/_T_311\[17\] only has one pin. Check if it is intended to be dangling.
[WARNING RSZ-0104] Net core/csr/_T_338\[29\] only has one pin. Check if it is intended to be dangling.
[WARNING RSZ-0104] Net core/csr/_T_293\[22\] only has one pin. Check if it is intended to be dangling.
[WARNING RSZ-0104] Net core/csr/_T_338\[12\] only has one pin. Check if it is intended to be dangling.
[WARNING RSZ-0104] Net core/csr/_T_284\[17\] only has one pin. Check if it is intended to be dangling.
[WARNING RSZ-0104] Net core/csr/_T_284\[16\] only has one pin. Check if it is intended to be dangling.
[WARNING RSZ-0104] Net core/csr/_T_284\[15\] only has one pin. Check if it is intended to be dangling.
[WARNING RSZ-0104] Net core/csr/_T_284\[13\] only has one pin. Check if it is intended to be dangling.
[WARNING RSZ-0104] Net core/csr/_T_293\[28\] only has one pin. Check if it is intended to be dangling.
    13000 |     +0.0% |       0 |       6 |            14 |     20296
[WARNING RSZ-0104] Net core/csr/_T_329\[14\] only has one pin. Check if it is intended to be dangling.
[WARNING RSZ-0104] Net core/csr/_T_338\[15\] only has one pin. Check if it is intended to be dangling.
[WARNING RSZ-0104] Net core/csr/_T_311\[12\] only has one pin. Check if it is intended to be dangling.
[WARNING RSZ-0104] Net core/csr/_T_293\[15\] only has one pin. Check if it is intended to be dangling.
[WARNING RSZ-0104] Net core/csr/_T_338\[11\] only has one pin. Check if it is intended to be dangling.
[WARNING RSZ-0104] Net core/csr/_T_302\[8\] only has one pin. Check if it is intended to be dangling.
[WARNING RSZ-0104] Net core/csr/_T_338\[9\] only has one pin. Check if it is intended to be dangling.
[WARNING RSZ-0104] Net core/csr/_T_311\[10\] only has one pin. Check if it is intended to be dangling.
[WARNING RSZ-0104] Net core/csr/_T_311\[9\] only has one pin. Check if it is intended to be dangling.
[WARNING RSZ-0104] Net core/csr/_T_338\[17\] only has one pin. Check if it is intended to be dangling.
[WARNING RSZ-0104] Net core/csr/_T_338\[10\] only has one pin. Check if it is intended to be dangling.
[WARNING RSZ-0104] Net core/csr/_T_329\[11\] only has one pin. Check if it is intended to be dangling.
[WARNING RSZ-0104] Net core/csr/_T_338\[13\] only has one pin. Check if it is intended to be dangling.
[WARNING RSZ-0104] Net core/csr/_T_320\[16\] only has one pin. Check if it is intended to be dangling.
[WARNING RSZ-0104] Net core/csr/_T_320\[17\] only has one pin. Check if it is intended to be dangling.
[WARNING RSZ-0104] Net core/csr/_T_320\[12\] only has one pin. Check if it is intended to be dangling.
[WARNING RSZ-0104] Net core/csr/_T_320\[13\] only has one pin. Check if it is intended to be dangling.
[WARNING RSZ-0104] Net core/csr/_T_320\[15\] only has one pin. Check if it is intended to be dangling.
[WARNING RSZ-0104] Net core/csr/_T_320\[10\] only has one pin. Check if it is intended to be dangling.
[WARNING RSZ-0104] Net core/csr/_T_338\[19\] only has one pin. Check if it is intended to be dangling.
[WARNING RSZ-0104] Net core/csr/_T_311\[8\] only has one pin. Check if it is intended to be dangling.
[WARNING RSZ-0104] Net core/csr/_T_311\[15\] only has one pin. Check if it is intended to be dangling.
[WARNING RSZ-0104] Net core/csr/_T_284\[14\] only has one pin. Check if it is intended to be dangling.
[WARNING RSZ-0104] Net core/csr/_T_284\[11\] only has one pin. Check if it is intended to be dangling.
[WARNING RSZ-0104] Net core/csr/_T_284\[12\] only has one pin. Check if it is intended to be dangling.
[WARNING RSZ-0104] Net core/csr/_T_284\[10\] only has one pin. Check if it is intended to be dangling.
    14000 |     +0.0% |       0 |       8 |            16 |     19296
[WARNING RSZ-0104] Net core/csr/_T_329\[15\] only has one pin. Check if it is intended to be dangling.
[WARNING RSZ-0104] Net core/csr/_T_329\[21\] only has one pin. Check if it is intended to be dangling.
[WARNING RSZ-0104] Net core/csr/_T_284\[6\] only has one pin. Check if it is intended to be dangling.
[WARNING RSZ-0104] Net core/csr/_T_338\[7\] only has one pin. Check if it is intended to be dangling.
[WARNING RSZ-0104] Net core/csr/_T_338\[8\] only has one pin. Check if it is intended to be dangling.
[WARNING RSZ-0104] Net core/csr/_T_329\[9\] only has one pin. Check if it is intended to be dangling.
[WARNING RSZ-0104] Net core/csr/_T_329\[17\] only has one pin. Check if it is intended to be dangling.
[WARNING RSZ-0104] Net core/csr/_T_329\[8\] only has one pin. Check if it is intended to be dangling.
[WARNING RSZ-0104] Net core/csr/_T_329\[12\] only has one pin. Check if it is intended to be dangling.
[WARNING RSZ-0104] Net core/csr/_T_329\[19\] only has one pin. Check if it is intended to be dangling.
[WARNING RSZ-0104] Net core/csr/_T_329\[20\] only has one pin. Check if it is intended to be dangling.
[WARNING RSZ-0104] Net core/csr/_T_311\[6\] only has one pin. Check if it is intended to be dangling.
[WARNING RSZ-0104] Net core/csr/_T_302\[9\] only has one pin. Check if it is intended to be dangling.
[WARNING RSZ-0104] Net core/csr/_T_347\[9\] only has one pin. Check if it is intended to be dangling.
[WARNING RSZ-0104] Net core/csr/_T_329\[6\] only has one pin. Check if it is intended to be dangling.
[WARNING RSZ-0104] Net core/csr/_T_320\[11\] only has one pin. Check if it is intended to be dangling.
[WARNING RSZ-0104] Net core/csr/_T_320\[9\] only has one pin. Check if it is intended to be dangling.
[WARNING RSZ-0104] Net core/csr/_T_320\[8\] only has one pin. Check if it is intended to be dangling.
[WARNING RSZ-0104] Net core/csr/_T_329\[18\] only has one pin. Check if it is intended to be dangling.
[WARNING RSZ-0104] Net core/csr/_T_293\[13\] only has one pin. Check if it is intended to be dangling.
[WARNING RSZ-0104] Net core/csr/_T_311\[7\] only has one pin. Check if it is intended to be dangling.
[WARNING RSZ-0104] Net core/csr/_T_311\[13\] only has one pin. Check if it is intended to be dangling.
[WARNING RSZ-0104] Net core/csr/_T_284\[8\] only has one pin. Check if it is intended to be dangling.
[WARNING RSZ-0104] Net core/csr/_T_284\[9\] only has one pin. Check if it is intended to be dangling.
[WARNING RSZ-0104] Net core/csr/_T_329\[10\] only has one pin. Check if it is intended to be dangling.
[WARNING RSZ-0104] Net core/_10497_ only has one pin. Check if it is intended to be dangling.
    15000 |     +0.0% |       0 |      11 |            22 |     18296
    16000 |     +0.0% |       0 |      11 |            23 |     17296
[WARNING RSZ-0104] Net core/csr/_T_329\[7\] only has one pin. Check if it is intended to be dangling.
[WARNING RSZ-0104] Net core/csr/_T_329\[13\] only has one pin. Check if it is intended to be dangling.
[WARNING RSZ-0104] Net core/csr/_T_338\[6\] only has one pin. Check if it is intended to be dangling.
[WARNING RSZ-0104] Net core/csr/_T_293\[6\] only has one pin. Check if it is intended to be dangling.
[WARNING RSZ-0104] Net core/csr/_T_293\[7\] only has one pin. Check if it is intended to be dangling.
[WARNING RSZ-0104] Net core/csr/_T_293\[12\] only has one pin. Check if it is intended to be dangling.
[WARNING RSZ-0104] Net core/csr/_T_293\[9\] only has one pin. Check if it is intended to be dangling.
[WARNING RSZ-0104] Net core/csr/_T_293\[11\] only has one pin. Check if it is intended to be dangling.
[WARNING RSZ-0104] Net core/csr/_T_320\[6\] only has one pin. Check if it is intended to be dangling.
[WARNING RSZ-0104] Net core/csr/_T_320\[7\] only has one pin. Check if it is intended to be dangling.
[WARNING RSZ-0104] Net core/csr/_T_347\[7\] only has one pin. Check if it is intended to be dangling.
[WARNING RSZ-0104] Net core/csr/_T_302\[6\] only has one pin. Check if it is intended to be dangling.
[WARNING RSZ-0104] Net core/csr/_T_302\[7\] only has one pin. Check if it is intended to be dangling.
[WARNING RSZ-0104] Net core/csr/_T_347\[8\] only has one pin. Check if it is intended to be dangling.
[WARNING RSZ-0104] Net core/csr/_T_293\[10\] only has one pin. Check if it is intended to be dangling.
[WARNING RSZ-0104] Net core/csr/_T_293\[8\] only has one pin. Check if it is intended to be dangling.
[WARNING RSZ-0104] Net core/csr/_T_293\[5\] only has one pin. Check if it is intended to be dangling.
[WARNING RSZ-0104] Net core/csr/_T_311\[5\] only has one pin. Check if it is intended to be dangling.
[WARNING RSZ-0104] Net core/csr/_T_311\[11\] only has one pin. Check if it is intended to be dangling.
[WARNING RSZ-0104] Net core/csr/_T_284\[7\] only has one pin. Check if it is intended to be dangling.
[WARNING RSZ-0104] Net core/_10496_ only has one pin. Check if it is intended to be dangling.
    17000 |     +0.0% |       0 |      14 |            27 |     16296
[WARNING RSZ-0104] Net core/csr/_T_347\[6\] only has one pin. Check if it is intended to be dangling.
[WARNING RSZ-0104] Net core/csr/_T_311\[4\] only has one pin. Check if it is intended to be dangling.
[WARNING RSZ-0104] Net core/csr/_T_338\[4\] only has one pin. Check if it is intended to be dangling.
[WARNING RSZ-0104] Net core/csr/_T_284\[4\] only has one pin. Check if it is intended to be dangling.
[WARNING RSZ-0104] Net core/csr/_T_284\[5\] only has one pin. Check if it is intended to be dangling.
[WARNING RSZ-0104] Net core/csr/_T_293\[4\] only has one pin. Check if it is intended to be dangling.
[WARNING RSZ-0104] Net core/csr/_T_347\[5\] only has one pin. Check if it is intended to be dangling.
[WARNING RSZ-0104] Net core/csr/_T_329\[5\] only has one pin. Check if it is intended to be dangling.
[WARNING RSZ-0104] Net core/csr/_T_329\[4\] only has one pin. Check if it is intended to be dangling.
[WARNING RSZ-0104] Net core/csr/_T_320\[5\] only has one pin. Check if it is intended to be dangling.
[WARNING RSZ-0104] Net core/csr/_T_320\[4\] only has one pin. Check if it is intended to be dangling.
[WARNING RSZ-0104] Net core/csr/_T_347\[4\] only has one pin. Check if it is intended to be dangling.
[WARNING RSZ-0104] Net core/csr/_T_302\[4\] only has one pin. Check if it is intended to be dangling.
[WARNING RSZ-0104] Net core/csr/_T_302\[5\] only has one pin. Check if it is intended to be dangling.
[WARNING RSZ-0104] Net core/csr/_T_338\[5\] only has one pin. Check if it is intended to be dangling.
[WARNING RSZ-0104] Net core/csr/_T_293\[3\] only has one pin. Check if it is intended to be dangling.
    18000 |     +0.0% |       0 |      14 |            27 |     15296
[WARNING RSZ-0104] Net frontend/_3643_ only has one pin. Check if it is intended to be dangling.
[WARNING RSZ-0104] Net frontend/_3642_ only has one pin. Check if it is intended to be dangling.
[WARNING RSZ-0104] Net frontend/_3641_ only has one pin. Check if it is intended to be dangling.
[WARNING RSZ-0104] Net frontend/_3640_ only has one pin. Check if it is intended to be dangling.
[WARNING RSZ-0104] Net frontend/_3639_ only has one pin. Check if it is intended to be dangling.
[WARNING RSZ-0104] Net frontend/_3638_ only has one pin. Check if it is intended to be dangling.
[WARNING RSZ-0104] Net frontend/_3637_ only has one pin. Check if it is intended to be dangling.
[WARNING RSZ-0104] Net frontend/_3636_ only has one pin. Check if it is intended to be dangling.
[WARNING RSZ-0104] Net frontend/_3635_ only has one pin. Check if it is intended to be dangling.
[WARNING RSZ-0104] Net frontend/_3634_ only has one pin. Check if it is intended to be dangling.
[WARNING RSZ-0104] Net frontend/_3633_ only has one pin. Check if it is intended to be dangling.
[WARNING RSZ-0104] Net frontend/_3632_ only has one pin. Check if it is intended to be dangling.
[WARNING RSZ-0104] Net frontend/_3631_ only has one pin. Check if it is intended to be dangling.
[WARNING RSZ-0104] Net frontend/_3630_ only has one pin. Check if it is intended to be dangling.
[WARNING RSZ-0104] Net frontend/_3629_ only has one pin. Check if it is intended to be dangling.
[WARNING RSZ-0104] Net frontend/_3628_ only has one pin. Check if it is intended to be dangling.
[WARNING RSZ-0104] Net frontend/_3627_ only has one pin. Check if it is intended to be dangling.
[WARNING RSZ-0104] Net frontend/_3626_ only has one pin. Check if it is intended to be dangling.
[WARNING RSZ-0104] Net frontend/_3625_ only has one pin. Check if it is intended to be dangling.
[WARNING RSZ-0104] Net frontend/_3624_ only has one pin. Check if it is intended to be dangling.
[WARNING RSZ-0104] Net frontend/_3623_ only has one pin. Check if it is intended to be dangling.
[WARNING RSZ-0104] Net frontend/_3622_ only has one pin. Check if it is intended to be dangling.
[WARNING RSZ-0104] Net frontend/_3621_ only has one pin. Check if it is intended to be dangling.
[WARNING RSZ-0104] Net frontend/_3620_ only has one pin. Check if it is intended to be dangling.
[WARNING RSZ-0104] Net frontend/_3619_ only has one pin. Check if it is intended to be dangling.
[WARNING RSZ-0104] Net frontend/_3618_ only has one pin. Check if it is intended to be dangling.
[WARNING RSZ-0104] Net frontend/_3617_ only has one pin. Check if it is intended to be dangling.
[WARNING RSZ-0104] Net frontend/_3616_ only has one pin. Check if it is intended to be dangling.
[WARNING RSZ-0104] Net frontend/_3615_ only has one pin. Check if it is intended to be dangling.
[WARNING RSZ-0104] Net frontend/_3614_ only has one pin. Check if it is intended to be dangling.
[WARNING RSZ-0104] Net frontend/_3613_ only has one pin. Check if it is intended to be dangling.
[WARNING RSZ-0104] Net frontend/_3612_ only has one pin. Check if it is intended to be dangling.
[WARNING RSZ-0104] Net frontend/_3611_ only has one pin. Check if it is intended to be dangling.
[WARNING RSZ-0104] Net frontend/_3610_ only has one pin. Check if it is intended to be dangling.
[WARNING RSZ-0104] Net frontend/_3609_ only has one pin. Check if it is intended to be dangling.
[WARNING RSZ-0104] Net frontend/_3608_ only has one pin. Check if it is intended to be dangling.
[WARNING RSZ-0104] Net frontend/_3607_ only has one pin. Check if it is intended to be dangling.
[WARNING RSZ-0104] Net frontend/_3606_ only has one pin. Check if it is intended to be dangling.
[WARNING RSZ-0104] Net frontend/_3605_ only has one pin. Check if it is intended to be dangling.
[WARNING RSZ-0104] Net frontend/_3604_ only has one pin. Check if it is intended to be dangling.
[WARNING RSZ-0104] Net frontend/_3603_ only has one pin. Check if it is intended to be dangling.
[WARNING RSZ-0104] Net frontend/_3602_ only has one pin. Check if it is intended to be dangling.
[WARNING RSZ-0104] Net frontend/_3601_ only has one pin. Check if it is intended to be dangling.
[WARNING RSZ-0104] Net frontend/_3600_ only has one pin. Check if it is intended to be dangling.
[WARNING RSZ-0104] Net frontend/_3599_ only has one pin. Check if it is intended to be dangling.
[WARNING RSZ-0104] Net frontend/_3598_ only has one pin. Check if it is intended to be dangling.
[WARNING RSZ-0104] Net frontend/_3597_ only has one pin. Check if it is intended to be dangling.
[WARNING RSZ-0104] Net frontend/_3596_ only has one pin. Check if it is intended to be dangling.
[WARNING RSZ-0104] Net frontend/_3595_ only has one pin. Check if it is intended to be dangling.
[WARNING RSZ-0104] Net frontend/_3594_ only has one pin. Check if it is intended to be dangling.
[WARNING RSZ-0104] Net frontend/_3593_ only has one pin. Check if it is intended to be dangling.
[WARNING RSZ-0104] Net frontend/_3592_ only has one pin. Check if it is intended to be dangling.
[WARNING RSZ-0104] Net frontend/_3591_ only has one pin. Check if it is intended to be dangling.
[WARNING RSZ-0104] Net frontend/_3590_ only has one pin. Check if it is intended to be dangling.
[WARNING RSZ-0104] Net frontend/_3589_ only has one pin. Check if it is intended to be dangling.
[WARNING RSZ-0104] Net frontend/_3588_ only has one pin. Check if it is intended to be dangling.
[WARNING RSZ-0104] Net frontend/_3587_ only has one pin. Check if it is intended to be dangling.
[WARNING RSZ-0104] Net frontend/_3586_ only has one pin. Check if it is intended to be dangling.
[WARNING RSZ-0104] Net frontend/_3585_ only has one pin. Check if it is intended to be dangling.
[WARNING RSZ-0104] Net frontend/_3584_ only has one pin. Check if it is intended to be dangling.
[WARNING RSZ-0104] Net frontend/_3583_ only has one pin. Check if it is intended to be dangling.
[WARNING RSZ-0104] Net frontend/_3582_ only has one pin. Check if it is intended to be dangling.
[WARNING RSZ-0104] Net frontend/_3581_ only has one pin. Check if it is intended to be dangling.
[WARNING RSZ-0104] Net frontend/_3580_ only has one pin. Check if it is intended to be dangling.
[WARNING RSZ-0104] Net frontend/_3579_ only has one pin. Check if it is intended to be dangling.
[WARNING RSZ-0104] Net frontend/_3578_ only has one pin. Check if it is intended to be dangling.
[WARNING RSZ-0104] Net frontend/_3577_ only has one pin. Check if it is intended to be dangling.
[WARNING RSZ-0104] Net frontend/_3576_ only has one pin. Check if it is intended to be dangling.
[WARNING RSZ-0104] Net frontend/_3575_ only has one pin. Check if it is intended to be dangling.
[WARNING RSZ-0104] Net frontend/_3574_ only has one pin. Check if it is intended to be dangling.
[WARNING RSZ-0104] Net frontend/_3573_ only has one pin. Check if it is intended to be dangling.
[WARNING RSZ-0104] Net frontend/_3572_ only has one pin. Check if it is intended to be dangling.
[WARNING RSZ-0104] Net frontend/_3571_ only has one pin. Check if it is intended to be dangling.
[WARNING RSZ-0104] Net frontend/_3570_ only has one pin. Check if it is intended to be dangling.
[WARNING RSZ-0104] Net frontend/_3569_ only has one pin. Check if it is intended to be dangling.
[WARNING RSZ-0104] Net frontend/_3568_ only has one pin. Check if it is intended to be dangling.
[WARNING RSZ-0104] Net frontend/_3567_ only has one pin. Check if it is intended to be dangling.
[WARNING RSZ-0104] Net frontend/_3566_ only has one pin. Check if it is intended to be dangling.
[WARNING RSZ-0104] Net frontend/_3565_ only has one pin. Check if it is intended to be dangling.
[WARNING RSZ-0104] Net frontend/_3564_ only has one pin. Check if it is intended to be dangling.
[WARNING RSZ-0104] Net frontend/_3563_ only has one pin. Check if it is intended to be dangling.
[WARNING RSZ-0104] Net frontend/_3562_ only has one pin. Check if it is intended to be dangling.
[WARNING RSZ-0104] Net frontend/_3561_ only has one pin. Check if it is intended to be dangling.
[WARNING RSZ-0104] Net frontend/_3560_ only has one pin. Check if it is intended to be dangling.
[WARNING RSZ-0104] Net frontend/_3559_ only has one pin. Check if it is intended to be dangling.
[WARNING RSZ-0104] Net frontend/_3558_ only has one pin. Check if it is intended to be dangling.
[WARNING RSZ-0104] Net frontend/_3557_ only has one pin. Check if it is intended to be dangling.
[WARNING RSZ-0104] Net frontend/_3556_ only has one pin. Check if it is intended to be dangling.
[WARNING RSZ-0104] Net frontend/_3555_ only has one pin. Check if it is intended to be dangling.
[WARNING RSZ-0104] Net frontend/_3554_ only has one pin. Check if it is intended to be dangling.
[WARNING RSZ-0104] Net frontend/_3553_ only has one pin. Check if it is intended to be dangling.
[WARNING RSZ-0104] Net frontend/_3552_ only has one pin. Check if it is intended to be dangling.
[WARNING RSZ-0104] Net frontend/_3551_ only has one pin. Check if it is intended to be dangling.
[WARNING RSZ-0104] Net frontend/_3550_ only has one pin. Check if it is intended to be dangling.
[WARNING RSZ-0104] Net frontend/_3549_ only has one pin. Check if it is intended to be dangling.
[WARNING RSZ-0104] Net frontend/_3548_ only has one pin. Check if it is intended to be dangling.
[WARNING RSZ-0104] Net frontend/_3547_ only has one pin. Check if it is intended to be dangling.
[WARNING RSZ-0104] Net frontend/_3546_ only has one pin. Check if it is intended to be dangling.
[WARNING RSZ-0104] Net frontend/_3545_ only has one pin. Check if it is intended to be dangling.
[WARNING RSZ-0104] Net frontend/_3544_ only has one pin. Check if it is intended to be dangling.
[WARNING RSZ-0104] Net frontend/_3543_ only has one pin. Check if it is intended to be dangling.
[WARNING RSZ-0104] Net frontend/_3542_ only has one pin. Check if it is intended to be dangling.
[WARNING RSZ-0104] Net frontend/_3541_ only has one pin. Check if it is intended to be dangling.
[WARNING RSZ-0104] Net frontend/_3540_ only has one pin. Check if it is intended to be dangling.
[WARNING RSZ-0104] Net frontend/_3539_ only has one pin. Check if it is intended to be dangling.
[WARNING RSZ-0104] Net frontend/_3538_ only has one pin. Check if it is intended to be dangling.
[WARNING RSZ-0104] Net frontend/_3537_ only has one pin. Check if it is intended to be dangling.
[WARNING RSZ-0104] Net frontend/_3536_ only has one pin. Check if it is intended to be dangling.
[WARNING RSZ-0104] Net frontend/_3535_ only has one pin. Check if it is intended to be dangling.
[WARNING RSZ-0104] Net frontend/_3534_ only has one pin. Check if it is intended to be dangling.
[WARNING RSZ-0104] Net frontend/_3533_ only has one pin. Check if it is intended to be dangling.
[WARNING RSZ-0104] Net frontend/_3532_ only has one pin. Check if it is intended to be dangling.
[WARNING RSZ-0104] Net frontend/_3531_ only has one pin. Check if it is intended to be dangling.
[WARNING RSZ-0104] Net frontend/_3530_ only has one pin. Check if it is intended to be dangling.
[WARNING RSZ-0104] Net frontend/_3529_ only has one pin. Check if it is intended to be dangling.
[WARNING RSZ-0104] Net frontend/_3528_ only has one pin. Check if it is intended to be dangling.
[WARNING RSZ-0104] Net frontend/_3527_ only has one pin. Check if it is intended to be dangling.
[WARNING RSZ-0104] Net frontend/_3526_ only has one pin. Check if it is intended to be dangling.
[WARNING RSZ-0104] Net frontend/_3525_ only has one pin. Check if it is intended to be dangling.
[WARNING RSZ-0104] Net frontend/_3524_ only has one pin. Check if it is intended to be dangling.
[WARNING RSZ-0104] Net frontend/_3523_ only has one pin. Check if it is intended to be dangling.
[WARNING RSZ-0104] Net frontend/_3522_ only has one pin. Check if it is intended to be dangling.
[WARNING RSZ-0104] Net frontend/_3521_ only has one pin. Check if it is intended to be dangling.
[WARNING RSZ-0104] Net frontend/_3520_ only has one pin. Check if it is intended to be dangling.
[WARNING RSZ-0104] Net frontend/_3519_ only has one pin. Check if it is intended to be dangling.
[WARNING RSZ-0104] Net frontend/_3518_ only has one pin. Check if it is intended to be dangling.
[WARNING RSZ-0104] Net frontend/_3517_ only has one pin. Check if it is intended to be dangling.
[WARNING RSZ-0104] Net frontend/_3516_ only has one pin. Check if it is intended to be dangling.
[WARNING RSZ-0104] Net frontend/_3515_ only has one pin. Check if it is intended to be dangling.
[WARNING RSZ-0104] Net frontend/_3514_ only has one pin. Check if it is intended to be dangling.
[WARNING RSZ-0104] Net frontend/_3513_ only has one pin. Check if it is intended to be dangling.
[WARNING RSZ-0104] Net frontend/_3512_ only has one pin. Check if it is intended to be dangling.
[WARNING RSZ-0104] Net frontend/_3511_ only has one pin. Check if it is intended to be dangling.
[WARNING RSZ-0104] Net frontend/_3510_ only has one pin. Check if it is intended to be dangling.
[WARNING RSZ-0104] Net frontend/_3509_ only has one pin. Check if it is intended to be dangling.
[WARNING RSZ-0104] Net frontend/_3508_ only has one pin. Check if it is intended to be dangling.
[WARNING RSZ-0104] Net frontend/_3507_ only has one pin. Check if it is intended to be dangling.
[WARNING RSZ-0104] Net frontend/_3506_ only has one pin. Check if it is intended to be dangling.
[WARNING RSZ-0104] Net frontend/_3505_ only has one pin. Check if it is intended to be dangling.
[WARNING RSZ-0104] Net frontend/_3504_ only has one pin. Check if it is intended to be dangling.
[WARNING RSZ-0104] Net frontend/_3503_ only has one pin. Check if it is intended to be dangling.
[WARNING RSZ-0104] Net frontend/_3502_ only has one pin. Check if it is intended to be dangling.
[WARNING RSZ-0104] Net frontend/_3501_ only has one pin. Check if it is intended to be dangling.
[WARNING RSZ-0104] Net frontend/_3500_ only has one pin. Check if it is intended to be dangling.
[WARNING RSZ-0104] Net frontend/_3499_ only has one pin. Check if it is intended to be dangling.
[WARNING RSZ-0104] Net frontend/_3498_ only has one pin. Check if it is intended to be dangling.
[WARNING RSZ-0104] Net frontend/_3497_ only has one pin. Check if it is intended to be dangling.
[WARNING RSZ-0104] Net frontend/_3496_ only has one pin. Check if it is intended to be dangling.
[WARNING RSZ-0104] Net frontend/_3495_ only has one pin. Check if it is intended to be dangling.
[WARNING RSZ-0104] Net frontend/_3494_ only has one pin. Check if it is intended to be dangling.
[WARNING RSZ-0104] Net frontend/_3493_ only has one pin. Check if it is intended to be dangling.
[WARNING RSZ-0104] Net frontend/_3492_ only has one pin. Check if it is intended to be dangling.
[WARNING RSZ-0104] Net frontend/_3491_ only has one pin. Check if it is intended to be dangling.
[WARNING RSZ-0104] Net frontend/_3490_ only has one pin. Check if it is intended to be dangling.
[WARNING RSZ-0104] Net frontend/_3489_ only has one pin. Check if it is intended to be dangling.
[WARNING RSZ-0104] Net frontend/_3488_ only has one pin. Check if it is intended to be dangling.
[WARNING RSZ-0104] Net frontend/_3487_ only has one pin. Check if it is intended to be dangling.
[WARNING RSZ-0104] Net frontend/_3486_ only has one pin. Check if it is intended to be dangling.
[WARNING RSZ-0104] Net frontend/_3485_ only has one pin. Check if it is intended to be dangling.
[WARNING RSZ-0104] Net frontend/_3484_ only has one pin. Check if it is intended to be dangling.
[WARNING RSZ-0104] Net frontend/_3483_ only has one pin. Check if it is intended to be dangling.
[WARNING RSZ-0104] Net frontend/_3482_ only has one pin. Check if it is intended to be dangling.
[WARNING RSZ-0104] Net frontend/_3481_ only has one pin. Check if it is intended to be dangling.
[WARNING RSZ-0104] Net frontend/_3480_ only has one pin. Check if it is intended to be dangling.
[WARNING RSZ-0104] Net frontend/_3479_ only has one pin. Check if it is intended to be dangling.
[WARNING RSZ-0104] Net frontend/_3478_ only has one pin. Check if it is intended to be dangling.
[WARNING RSZ-0104] Net frontend/_3477_ only has one pin. Check if it is intended to be dangling.
[WARNING RSZ-0104] Net frontend/_3476_ only has one pin. Check if it is intended to be dangling.
[WARNING RSZ-0104] Net frontend/_3475_ only has one pin. Check if it is intended to be dangling.
[WARNING RSZ-0104] Net frontend/_3474_ only has one pin. Check if it is intended to be dangling.
[WARNING RSZ-0104] Net frontend/_3473_ only has one pin. Check if it is intended to be dangling.
[WARNING RSZ-0104] Net frontend/_3472_ only has one pin. Check if it is intended to be dangling.
[WARNING RSZ-0104] Net frontend/_3471_ only has one pin. Check if it is intended to be dangling.
[WARNING RSZ-0104] Net frontend/_3470_ only has one pin. Check if it is intended to be dangling.
[WARNING RSZ-0104] Net frontend/_3469_ only has one pin. Check if it is intended to be dangling.
[WARNING RSZ-0104] Net frontend/_3468_ only has one pin. Check if it is intended to be dangling.
[WARNING RSZ-0104] Net frontend/_3467_ only has one pin. Check if it is intended to be dangling.
[WARNING RSZ-0104] Net frontend/_3466_ only has one pin. Check if it is intended to be dangling.
[WARNING RSZ-0104] Net frontend/_3465_ only has one pin. Check if it is intended to be dangling.
[WARNING RSZ-0104] Net frontend/_3464_ only has one pin. Check if it is intended to be dangling.
[WARNING RSZ-0104] Net frontend/_3463_ only has one pin. Check if it is intended to be dangling.
[WARNING RSZ-0104] Net frontend/_3462_ only has one pin. Check if it is intended to be dangling.
[WARNING RSZ-0104] Net frontend/_3461_ only has one pin. Check if it is intended to be dangling.
[WARNING RSZ-0104] Net frontend/_3460_ only has one pin. Check if it is intended to be dangling.
[WARNING RSZ-0104] Net frontend/_3459_ only has one pin. Check if it is intended to be dangling.
[WARNING RSZ-0104] Net frontend/_3458_ only has one pin. Check if it is intended to be dangling.
[WARNING RSZ-0104] Net frontend/_3457_ only has one pin. Check if it is intended to be dangling.
[WARNING RSZ-0104] Net frontend/_3456_ only has one pin. Check if it is intended to be dangling.
[WARNING RSZ-0104] Net frontend/_3455_ only has one pin. Check if it is intended to be dangling.
[WARNING RSZ-0104] Net frontend/_3454_ only has one pin. Check if it is intended to be dangling.
[WARNING RSZ-0104] Net frontend/_3453_ only has one pin. Check if it is intended to be dangling.
[WARNING RSZ-0104] Net frontend/_3452_ only has one pin. Check if it is intended to be dangling.
[WARNING RSZ-0104] Net frontend/_3451_ only has one pin. Check if it is intended to be dangling.
[WARNING RSZ-0104] Net frontend/_3450_ only has one pin. Check if it is intended to be dangling.
[WARNING RSZ-0104] Net frontend/_3449_ only has one pin. Check if it is intended to be dangling.
[WARNING RSZ-0104] Net frontend/_3448_ only has one pin. Check if it is intended to be dangling.
[WARNING RSZ-0104] Net frontend/_3447_ only has one pin. Check if it is intended to be dangling.
[WARNING RSZ-0104] Net frontend/_3446_ only has one pin. Check if it is intended to be dangling.
[WARNING RSZ-0104] Net frontend/_3445_ only has one pin. Check if it is intended to be dangling.
[WARNING RSZ-0104] Net frontend/_3444_ only has one pin. Check if it is intended to be dangling.
[WARNING RSZ-0104] Net frontend/_3443_ only has one pin. Check if it is intended to be dangling.
[WARNING RSZ-0104] Net frontend/_3442_ only has one pin. Check if it is intended to be dangling.
[WARNING RSZ-0104] Net frontend/_3441_ only has one pin. Check if it is intended to be dangling.
[WARNING RSZ-0104] Net frontend/_3440_ only has one pin. Check if it is intended to be dangling.
[WARNING RSZ-0104] Net frontend/_3439_ only has one pin. Check if it is intended to be dangling.
[WARNING RSZ-0104] Net frontend/_3438_ only has one pin. Check if it is intended to be dangling.
[WARNING RSZ-0104] Net frontend/_3437_ only has one pin. Check if it is intended to be dangling.
[WARNING RSZ-0104] Net frontend/_3436_ only has one pin. Check if it is intended to be dangling.
[WARNING RSZ-0104] Net frontend/_3435_ only has one pin. Check if it is intended to be dangling.
[WARNING RSZ-0104] Net frontend/_3434_ only has one pin. Check if it is intended to be dangling.
[WARNING RSZ-0104] Net frontend/_3433_ only has one pin. Check if it is intended to be dangling.
[WARNING RSZ-0104] Net frontend/_3432_ only has one pin. Check if it is intended to be dangling.
[WARNING RSZ-0104] Net frontend/_3431_ only has one pin. Check if it is intended to be dangling.
[WARNING RSZ-0104] Net frontend/_3430_ only has one pin. Check if it is intended to be dangling.
[WARNING RSZ-0104] Net frontend/_3429_ only has one pin. Check if it is intended to be dangling.
[WARNING RSZ-0104] Net frontend/_3428_ only has one pin. Check if it is intended to be dangling.
[WARNING RSZ-0104] Net frontend/_3427_ only has one pin. Check if it is intended to be dangling.
[WARNING RSZ-0104] Net frontend/_3426_ only has one pin. Check if it is intended to be dangling.
[WARNING RSZ-0104] Net frontend/_3425_ only has one pin. Check if it is intended to be dangling.
[WARNING RSZ-0104] Net frontend/_3424_ only has one pin. Check if it is intended to be dangling.
[WARNING RSZ-0104] Net frontend/_3423_ only has one pin. Check if it is intended to be dangling.
[WARNING RSZ-0104] Net frontend/_3422_ only has one pin. Check if it is intended to be dangling.
[WARNING RSZ-0104] Net frontend/_3421_ only has one pin. Check if it is intended to be dangling.
[WARNING RSZ-0104] Net frontend/_3420_ only has one pin. Check if it is intended to be dangling.
[WARNING RSZ-0104] Net frontend/_3419_ only has one pin. Check if it is intended to be dangling.
[WARNING RSZ-0104] Net frontend/_3418_ only has one pin. Check if it is intended to be dangling.
[WARNING RSZ-0104] Net frontend/_3417_ only has one pin. Check if it is intended to be dangling.
[WARNING RSZ-0104] Net frontend/_3416_ only has one pin. Check if it is intended to be dangling.
[WARNING RSZ-0104] Net frontend/_3415_ only has one pin. Check if it is intended to be dangling.
[WARNING RSZ-0104] Net frontend/_3414_ only has one pin. Check if it is intended to be dangling.
[WARNING RSZ-0104] Net frontend/_3413_ only has one pin. Check if it is intended to be dangling.
[WARNING RSZ-0104] Net frontend/_3412_ only has one pin. Check if it is intended to be dangling.
[WARNING RSZ-0104] Net frontend/_3411_ only has one pin. Check if it is intended to be dangling.
[WARNING RSZ-0104] Net frontend/_3410_ only has one pin. Check if it is intended to be dangling.
[WARNING RSZ-0104] Net frontend/_3409_ only has one pin. Check if it is intended to be dangling.
[WARNING RSZ-0104] Net frontend/_3408_ only has one pin. Check if it is intended to be dangling.
[WARNING RSZ-0104] Net frontend/_3407_ only has one pin. Check if it is intended to be dangling.
    19000 |     +0.0% |       0 |      14 |            28 |     14296
[WARNING RSZ-0104] Net frontend/_3406_ only has one pin. Check if it is intended to be dangling.
[WARNING RSZ-0104] Net frontend/_3402_ only has one pin. Check if it is intended to be dangling.
[WARNING RSZ-0104] Net frontend/_3400_ only has one pin. Check if it is intended to be dangling.
[WARNING RSZ-0104] Net frontend/_3399_ only has one pin. Check if it is intended to be dangling.
[WARNING RSZ-0104] Net dcache/_3562_ only has one pin. Check if it is intended to be dangling.
[WARNING RSZ-0104] Net dcache/_3561_ only has one pin. Check if it is intended to be dangling.
[WARNING RSZ-0104] Net dcache/_3560_ only has one pin. Check if it is intended to be dangling.
[WARNING RSZ-0104] Net dcache/_3559_ only has one pin. Check if it is intended to be dangling.
[WARNING RSZ-0104] Net dcache/_3558_ only has one pin. Check if it is intended to be dangling.
[WARNING RSZ-0104] Net dcache/_3557_ only has one pin. Check if it is intended to be dangling.
[WARNING RSZ-0104] Net dcache/_3556_ only has one pin. Check if it is intended to be dangling.
[WARNING RSZ-0104] Net dcache/_3555_ only has one pin. Check if it is intended to be dangling.
[WARNING RSZ-0104] Net dcache/_3550_ only has one pin. Check if it is intended to be dangling.
[WARNING RSZ-0104] Net dcache/_3549_ only has one pin. Check if it is intended to be dangling.
[WARNING RSZ-0104] Net dcache/_3548_ only has one pin. Check if it is intended to be dangling.
[WARNING RSZ-0104] Net dcache/_3547_ only has one pin. Check if it is intended to be dangling.
[WARNING RSZ-0104] Net dcache/_3546_ only has one pin. Check if it is intended to be dangling.
[WARNING RSZ-0104] Net dcache/_3545_ only has one pin. Check if it is intended to be dangling.
[WARNING RSZ-0104] Net dcache/_3544_ only has one pin. Check if it is intended to be dangling.
[WARNING RSZ-0104] Net dcache/_3543_ only has one pin. Check if it is intended to be dangling.
[WARNING RSZ-0104] Net dcache/_3542_ only has one pin. Check if it is intended to be dangling.
[WARNING RSZ-0104] Net dcache/_3541_ only has one pin. Check if it is intended to be dangling.
[WARNING RSZ-0104] Net dcache/_3540_ only has one pin. Check if it is intended to be dangling.
[WARNING RSZ-0104] Net dcache/_3539_ only has one pin. Check if it is intended to be dangling.
[WARNING RSZ-0104] Net dcache/_3538_ only has one pin. Check if it is intended to be dangling.
[WARNING RSZ-0104] Net dcache/_3537_ only has one pin. Check if it is intended to be dangling.
[WARNING RSZ-0104] Net dcache/_3536_ only has one pin. Check if it is intended to be dangling.
[WARNING RSZ-0104] Net dcache/_3535_ only has one pin. Check if it is intended to be dangling.
[WARNING RSZ-0104] Net dcache/_3534_ only has one pin. Check if it is intended to be dangling.
[WARNING RSZ-0104] Net dcache/_3533_ only has one pin. Check if it is intended to be dangling.
[WARNING RSZ-0104] Net dcache/_3532_ only has one pin. Check if it is intended to be dangling.
[WARNING RSZ-0104] Net dcache/_3531_ only has one pin. Check if it is intended to be dangling.
[WARNING RSZ-0104] Net dcache/_3530_ only has one pin. Check if it is intended to be dangling.
[WARNING RSZ-0104] Net dcache/_3529_ only has one pin. Check if it is intended to be dangling.
[WARNING RSZ-0104] Net dcache/_3528_ only has one pin. Check if it is intended to be dangling.
[WARNING RSZ-0104] Net dcache/_3527_ only has one pin. Check if it is intended to be dangling.
[WARNING RSZ-0104] Net dcache/_3526_ only has one pin. Check if it is intended to be dangling.
[WARNING RSZ-0104] Net dcache/_3525_ only has one pin. Check if it is intended to be dangling.
[WARNING RSZ-0104] Net dcache/_3524_ only has one pin. Check if it is intended to be dangling.
[WARNING RSZ-0104] Net dcache/_3523_ only has one pin. Check if it is intended to be dangling.
[WARNING RSZ-0104] Net dcache/_3522_ only has one pin. Check if it is intended to be dangling.
[WARNING RSZ-0104] Net dcache/_3521_ only has one pin. Check if it is intended to be dangling.
[WARNING RSZ-0104] Net dcache/_3520_ only has one pin. Check if it is intended to be dangling.
[WARNING RSZ-0104] Net dcache/_3519_ only has one pin. Check if it is intended to be dangling.
[WARNING RSZ-0104] Net dcache/_3518_ only has one pin. Check if it is intended to be dangling.
[WARNING RSZ-0104] Net dcache/_3517_ only has one pin. Check if it is intended to be dangling.
[WARNING RSZ-0104] Net dcache/_3516_ only has one pin. Check if it is intended to be dangling.
[WARNING RSZ-0104] Net dcache/_3515_ only has one pin. Check if it is intended to be dangling.
[WARNING RSZ-0104] Net dcache/_3514_ only has one pin. Check if it is intended to be dangling.
[WARNING RSZ-0104] Net dcache/_3513_ only has one pin. Check if it is intended to be dangling.
[WARNING RSZ-0104] Net dcache/_3512_ only has one pin. Check if it is intended to be dangling.
[WARNING RSZ-0104] Net dcache/_3511_ only has one pin. Check if it is intended to be dangling.
[WARNING RSZ-0104] Net dcache/_3510_ only has one pin. Check if it is intended to be dangling.
[WARNING RSZ-0104] Net dcache/_3509_ only has one pin. Check if it is intended to be dangling.
[WARNING RSZ-0104] Net dcache/_3508_ only has one pin. Check if it is intended to be dangling.
[WARNING RSZ-0104] Net dcache/_3507_ only has one pin. Check if it is intended to be dangling.
[WARNING RSZ-0104] Net dcache/_3506_ only has one pin. Check if it is intended to be dangling.
[WARNING RSZ-0104] Net dcache/_3505_ only has one pin. Check if it is intended to be dangling.
[WARNING RSZ-0104] Net dcache/_3504_ only has one pin. Check if it is intended to be dangling.
[WARNING RSZ-0104] Net dcache/_3503_ only has one pin. Check if it is intended to be dangling.
[WARNING RSZ-0104] Net dcache/_3502_ only has one pin. Check if it is intended to be dangling.
[WARNING RSZ-0104] Net dcache/_3501_ only has one pin. Check if it is intended to be dangling.
[WARNING RSZ-0104] Net dcache/_3500_ only has one pin. Check if it is intended to be dangling.
[WARNING RSZ-0104] Net dcache/_3499_ only has one pin. Check if it is intended to be dangling.
[WARNING RSZ-0104] Net dcache/_3498_ only has one pin. Check if it is intended to be dangling.
[WARNING RSZ-0104] Net dcache/_3497_ only has one pin. Check if it is intended to be dangling.
[WARNING RSZ-0104] Net dcache/_3496_ only has one pin. Check if it is intended to be dangling.
[WARNING RSZ-0104] Net dcache/_3495_ only has one pin. Check if it is intended to be dangling.
[WARNING RSZ-0104] Net dcache/_3494_ only has one pin. Check if it is intended to be dangling.
[WARNING RSZ-0104] Net dcache/_3493_ only has one pin. Check if it is intended to be dangling.
[WARNING RSZ-0104] Net dcache/_3492_ only has one pin. Check if it is intended to be dangling.
[WARNING RSZ-0104] Net dcache/_3491_ only has one pin. Check if it is intended to be dangling.
[WARNING RSZ-0104] Net dcache/_3490_ only has one pin. Check if it is intended to be dangling.
[WARNING RSZ-0104] Net dcache/_3489_ only has one pin. Check if it is intended to be dangling.
[WARNING RSZ-0104] Net dcache/_3488_ only has one pin. Check if it is intended to be dangling.
[WARNING RSZ-0104] Net dcache/_3487_ only has one pin. Check if it is intended to be dangling.
[WARNING RSZ-0104] Net dcache/_3486_ only has one pin. Check if it is intended to be dangling.
[WARNING RSZ-0104] Net dcache/_3485_ only has one pin. Check if it is intended to be dangling.
[WARNING RSZ-0104] Net dcache/_3484_ only has one pin. Check if it is intended to be dangling.
[WARNING RSZ-0104] Net dcache/_3483_ only has one pin. Check if it is intended to be dangling.
[WARNING RSZ-0104] Net dcache/_3482_ only has one pin. Check if it is intended to be dangling.
[WARNING RSZ-0104] Net dcache/_3481_ only has one pin. Check if it is intended to be dangling.
[WARNING RSZ-0104] Net dcache/_3480_ only has one pin. Check if it is intended to be dangling.
[WARNING RSZ-0104] Net dcache/_3479_ only has one pin. Check if it is intended to be dangling.
[WARNING RSZ-0104] Net dcache/_3478_ only has one pin. Check if it is intended to be dangling.
[WARNING RSZ-0104] Net dcache/_3477_ only has one pin. Check if it is intended to be dangling.
[WARNING RSZ-0104] Net dcache/_3476_ only has one pin. Check if it is intended to be dangling.
[WARNING RSZ-0104] Net dcache/_3475_ only has one pin. Check if it is intended to be dangling.
[WARNING RSZ-0104] Net dcache/_3474_ only has one pin. Check if it is intended to be dangling.
[WARNING RSZ-0104] Net dcache/_3473_ only has one pin. Check if it is intended to be dangling.
[WARNING RSZ-0104] Net dcache/_3472_ only has one pin. Check if it is intended to be dangling.
[WARNING RSZ-0104] Net dcache/_3471_ only has one pin. Check if it is intended to be dangling.
[WARNING RSZ-0104] Net dcache/_3470_ only has one pin. Check if it is intended to be dangling.
[WARNING RSZ-0104] Net dcache/_3469_ only has one pin. Check if it is intended to be dangling.
[WARNING RSZ-0104] Net dcache/_3468_ only has one pin. Check if it is intended to be dangling.
[WARNING RSZ-0104] Net dcache/_3467_ only has one pin. Check if it is intended to be dangling.
[WARNING RSZ-0104] Net dcache/_3466_ only has one pin. Check if it is intended to be dangling.
[WARNING RSZ-0104] Net dcache/_3465_ only has one pin. Check if it is intended to be dangling.
[WARNING RSZ-0104] Net dcache/_3464_ only has one pin. Check if it is intended to be dangling.
[WARNING RSZ-0104] Net dcache/_3463_ only has one pin. Check if it is intended to be dangling.
[WARNING RSZ-0104] Net dcache/_3462_ only has one pin. Check if it is intended to be dangling.
[WARNING RSZ-0104] Net dcache/_3461_ only has one pin. Check if it is intended to be dangling.
[WARNING RSZ-0104] Net dcache/_3460_ only has one pin. Check if it is intended to be dangling.
[WARNING RSZ-0104] Net dcache/_3459_ only has one pin. Check if it is intended to be dangling.
[WARNING RSZ-0104] Net dcache/_3458_ only has one pin. Check if it is intended to be dangling.
[WARNING RSZ-0104] Net dcache/_3457_ only has one pin. Check if it is intended to be dangling.
[WARNING RSZ-0104] Net dcache/_3456_ only has one pin. Check if it is intended to be dangling.
[WARNING RSZ-0104] Net dcache/_3455_ only has one pin. Check if it is intended to be dangling.
[WARNING RSZ-0104] Net dcache/_3454_ only has one pin. Check if it is intended to be dangling.
[WARNING RSZ-0104] Net dcache/_3453_ only has one pin. Check if it is intended to be dangling.
[WARNING RSZ-0104] Net dcache/_3452_ only has one pin. Check if it is intended to be dangling.
[WARNING RSZ-0104] Net dcache/_3451_ only has one pin. Check if it is intended to be dangling.
[WARNING RSZ-0104] Net dcache/_3450_ only has one pin. Check if it is intended to be dangling.
[WARNING RSZ-0104] Net dcache/_3449_ only has one pin. Check if it is intended to be dangling.
[WARNING RSZ-0104] Net dcache/_3448_ only has one pin. Check if it is intended to be dangling.
[WARNING RSZ-0104] Net dcache/_3447_ only has one pin. Check if it is intended to be dangling.
    20000 |     +0.0% |       0 |      14 |            28 |     13296
[WARNING RSZ-0104] Net dcache/_3446_ only has one pin. Check if it is intended to be dangling.
[WARNING RSZ-0104] Net dcache/_3445_ only has one pin. Check if it is intended to be dangling.
[WARNING RSZ-0104] Net dcache/_3444_ only has one pin. Check if it is intended to be dangling.
[WARNING RSZ-0104] Net dcache/_3443_ only has one pin. Check if it is intended to be dangling.
[WARNING RSZ-0104] Net dcache/_3442_ only has one pin. Check if it is intended to be dangling.
[WARNING RSZ-0104] Net dcache/_3441_ only has one pin. Check if it is intended to be dangling.
[WARNING RSZ-0104] Net dcache/_3440_ only has one pin. Check if it is intended to be dangling.
[WARNING RSZ-0104] Net dcache/_3439_ only has one pin. Check if it is intended to be dangling.
[WARNING RSZ-0104] Net dcache/_3438_ only has one pin. Check if it is intended to be dangling.
[WARNING RSZ-0104] Net dcache/_3437_ only has one pin. Check if it is intended to be dangling.
[WARNING RSZ-0104] Net dcache/_3436_ only has one pin. Check if it is intended to be dangling.
[WARNING RSZ-0104] Net dcache/_3435_ only has one pin. Check if it is intended to be dangling.
[WARNING RSZ-0104] Net dcache/_3434_ only has one pin. Check if it is intended to be dangling.
[WARNING RSZ-0104] Net dcache/_3433_ only has one pin. Check if it is intended to be dangling.
[WARNING RSZ-0104] Net dcache/_3432_ only has one pin. Check if it is intended to be dangling.
[WARNING RSZ-0104] Net dcache/_3431_ only has one pin. Check if it is intended to be dangling.
[WARNING RSZ-0104] Net dcache/_3430_ only has one pin. Check if it is intended to be dangling.
[WARNING RSZ-0104] Net dcache/_3429_ only has one pin. Check if it is intended to be dangling.
[WARNING RSZ-0104] Net dcache/_3428_ only has one pin. Check if it is intended to be dangling.
[WARNING RSZ-0104] Net dcache/_3427_ only has one pin. Check if it is intended to be dangling.
[WARNING RSZ-0104] Net dcache/_3426_ only has one pin. Check if it is intended to be dangling.
[WARNING RSZ-0104] Net dcache/_3425_ only has one pin. Check if it is intended to be dangling.
[WARNING RSZ-0104] Net dcache/_3424_ only has one pin. Check if it is intended to be dangling.
[WARNING RSZ-0104] Net dcache/_3423_ only has one pin. Check if it is intended to be dangling.
[WARNING RSZ-0104] Net dcache/_3422_ only has one pin. Check if it is intended to be dangling.
[WARNING RSZ-0104] Net dcache/_3421_ only has one pin. Check if it is intended to be dangling.
[WARNING RSZ-0104] Net dcache/_3420_ only has one pin. Check if it is intended to be dangling.
[WARNING RSZ-0104] Net dcache/_3419_ only has one pin. Check if it is intended to be dangling.
[WARNING RSZ-0104] Net dcache/_3418_ only has one pin. Check if it is intended to be dangling.
[WARNING RSZ-0104] Net dcache/_3417_ only has one pin. Check if it is intended to be dangling.
[WARNING RSZ-0104] Net dcache/_3416_ only has one pin. Check if it is intended to be dangling.
[WARNING RSZ-0104] Net dcache/_3415_ only has one pin. Check if it is intended to be dangling.
[WARNING RSZ-0104] Net dcache/_3414_ only has one pin. Check if it is intended to be dangling.
[WARNING RSZ-0104] Net dcache/_3413_ only has one pin. Check if it is intended to be dangling.
[WARNING RSZ-0104] Net dcache/_3412_ only has one pin. Check if it is intended to be dangling.
[WARNING RSZ-0104] Net dcache/_3411_ only has one pin. Check if it is intended to be dangling.
[WARNING RSZ-0104] Net dcache/_3410_ only has one pin. Check if it is intended to be dangling.
[WARNING RSZ-0104] Net dcache/_3409_ only has one pin. Check if it is intended to be dangling.
[WARNING RSZ-0104] Net dcache/_3408_ only has one pin. Check if it is intended to be dangling.
[WARNING RSZ-0104] Net dcache/_3407_ only has one pin. Check if it is intended to be dangling.
[WARNING RSZ-0104] Net dcache/_3406_ only has one pin. Check if it is intended to be dangling.
[WARNING RSZ-0104] Net dcache/_3405_ only has one pin. Check if it is intended to be dangling.
[WARNING RSZ-0104] Net dcache/_3404_ only has one pin. Check if it is intended to be dangling.
[WARNING RSZ-0104] Net dcache/_3403_ only has one pin. Check if it is intended to be dangling.
[WARNING RSZ-0104] Net dcache/_3402_ only has one pin. Check if it is intended to be dangling.
[WARNING RSZ-0104] Net dcache/_3401_ only has one pin. Check if it is intended to be dangling.
[WARNING RSZ-0104] Net dcache/_3400_ only has one pin. Check if it is intended to be dangling.
[WARNING RSZ-0104] Net dcache/_3399_ only has one pin. Check if it is intended to be dangling.
[WARNING RSZ-0104] Net dcache/_3398_ only has one pin. Check if it is intended to be dangling.
[WARNING RSZ-0104] Net dcache/_3397_ only has one pin. Check if it is intended to be dangling.
[WARNING RSZ-0104] Net dcache/_3396_ only has one pin. Check if it is intended to be dangling.
[WARNING RSZ-0104] Net dcache/_3395_ only has one pin. Check if it is intended to be dangling.
[WARNING RSZ-0104] Net dcache/_3394_ only has one pin. Check if it is intended to be dangling.
[WARNING RSZ-0104] Net dcache/_3393_ only has one pin. Check if it is intended to be dangling.
[WARNING RSZ-0104] Net dcache/_3392_ only has one pin. Check if it is intended to be dangling.
[WARNING RSZ-0104] Net dcache/_3391_ only has one pin. Check if it is intended to be dangling.
[WARNING RSZ-0104] Net dcache/_3390_ only has one pin. Check if it is intended to be dangling.
[WARNING RSZ-0104] Net dcache/_3389_ only has one pin. Check if it is intended to be dangling.
[WARNING RSZ-0104] Net dcache/_3388_ only has one pin. Check if it is intended to be dangling.
[WARNING RSZ-0104] Net dcache/_3387_ only has one pin. Check if it is intended to be dangling.
[WARNING RSZ-0104] Net dcache/_3386_ only has one pin. Check if it is intended to be dangling.
[WARNING RSZ-0104] Net dcache/_3385_ only has one pin. Check if it is intended to be dangling.
[WARNING RSZ-0104] Net dcache/_3384_ only has one pin. Check if it is intended to be dangling.
[WARNING RSZ-0104] Net dcache/_3383_ only has one pin. Check if it is intended to be dangling.
[WARNING RSZ-0104] Net dcache/_3382_ only has one pin. Check if it is intended to be dangling.
[WARNING RSZ-0104] Net dcache/_3381_ only has one pin. Check if it is intended to be dangling.
[WARNING RSZ-0104] Net dcache/_3380_ only has one pin. Check if it is intended to be dangling.
[WARNING RSZ-0104] Net dcache/_3379_ only has one pin. Check if it is intended to be dangling.
[WARNING RSZ-0104] Net dcache/_3378_ only has one pin. Check if it is intended to be dangling.
[WARNING RSZ-0104] Net dcache/_3377_ only has one pin. Check if it is intended to be dangling.
[WARNING RSZ-0104] Net dcache/_3376_ only has one pin. Check if it is intended to be dangling.
[WARNING RSZ-0104] Net dcache/_3375_ only has one pin. Check if it is intended to be dangling.
[WARNING RSZ-0104] Net dcache/_3374_ only has one pin. Check if it is intended to be dangling.
[WARNING RSZ-0104] Net dcache/_3373_ only has one pin. Check if it is intended to be dangling.
[WARNING RSZ-0104] Net dcache/_3372_ only has one pin. Check if it is intended to be dangling.
[WARNING RSZ-0104] Net dcache/_3371_ only has one pin. Check if it is intended to be dangling.
[WARNING RSZ-0104] Net dcache/_3370_ only has one pin. Check if it is intended to be dangling.
[WARNING RSZ-0104] Net dcache/_3369_ only has one pin. Check if it is intended to be dangling.
[WARNING RSZ-0104] Net dcache/_3368_ only has one pin. Check if it is intended to be dangling.
[WARNING RSZ-0104] Net dcache/_3367_ only has one pin. Check if it is intended to be dangling.
[WARNING RSZ-0104] Net dcache/_3366_ only has one pin. Check if it is intended to be dangling.
[WARNING RSZ-0104] Net dcache/_3365_ only has one pin. Check if it is intended to be dangling.
[WARNING RSZ-0104] Net dcache/_3364_ only has one pin. Check if it is intended to be dangling.
[WARNING RSZ-0104] Net dcache/_3363_ only has one pin. Check if it is intended to be dangling.
[WARNING RSZ-0104] Net dcache/_3362_ only has one pin. Check if it is intended to be dangling.
[WARNING RSZ-0104] Net dcache/_3361_ only has one pin. Check if it is intended to be dangling.
[WARNING RSZ-0104] Net dcache/_3360_ only has one pin. Check if it is intended to be dangling.
[WARNING RSZ-0104] Net dcache/_3359_ only has one pin. Check if it is intended to be dangling.
[WARNING RSZ-0104] Net dcache/_3358_ only has one pin. Check if it is intended to be dangling.
[WARNING RSZ-0104] Net dcache/_3357_ only has one pin. Check if it is intended to be dangling.
[WARNING RSZ-0104] Net dcache/_3356_ only has one pin. Check if it is intended to be dangling.
[WARNING RSZ-0104] Net dcache/_3355_ only has one pin. Check if it is intended to be dangling.
[WARNING RSZ-0104] Net dcache/_3354_ only has one pin. Check if it is intended to be dangling.
[WARNING RSZ-0104] Net dcache/_3353_ only has one pin. Check if it is intended to be dangling.
[WARNING RSZ-0104] Net dcache/_3352_ only has one pin. Check if it is intended to be dangling.
[WARNING RSZ-0104] Net dcache/_3351_ only has one pin. Check if it is intended to be dangling.
[WARNING RSZ-0104] Net dcache/_3350_ only has one pin. Check if it is intended to be dangling.
[WARNING RSZ-0104] Net dcache/_3349_ only has one pin. Check if it is intended to be dangling.
[WARNING RSZ-0104] Net dcache/_3348_ only has one pin. Check if it is intended to be dangling.
[WARNING RSZ-0104] Net dcache/_3347_ only has one pin. Check if it is intended to be dangling.
[WARNING RSZ-0104] Net dcache/_3346_ only has one pin. Check if it is intended to be dangling.
[WARNING RSZ-0104] Net dcache/_3345_ only has one pin. Check if it is intended to be dangling.
[WARNING RSZ-0104] Net dcache/_3344_ only has one pin. Check if it is intended to be dangling.
[WARNING RSZ-0104] Net dcache/_3343_ only has one pin. Check if it is intended to be dangling.
[WARNING RSZ-0104] Net dcache/_3342_ only has one pin. Check if it is intended to be dangling.
[WARNING RSZ-0104] Net dcache/_3341_ only has one pin. Check if it is intended to be dangling.
[WARNING RSZ-0104] Net dcache/_3340_ only has one pin. Check if it is intended to be dangling.
[WARNING RSZ-0104] Net dcache/_3339_ only has one pin. Check if it is intended to be dangling.
[WARNING RSZ-0104] Net dcache/_3338_ only has one pin. Check if it is intended to be dangling.
[WARNING RSZ-0104] Net dcache/_3337_ only has one pin. Check if it is intended to be dangling.
[WARNING RSZ-0104] Net dcache/_3336_ only has one pin. Check if it is intended to be dangling.
[WARNING RSZ-0104] Net dcache/_3335_ only has one pin. Check if it is intended to be dangling.
[WARNING RSZ-0104] Net dcache/_3327_ only has one pin. Check if it is intended to be dangling.
[WARNING RSZ-0104] Net dcache/_3326_ only has one pin. Check if it is intended to be dangling.
[WARNING RSZ-0104] Net dcache/_3325_ only has one pin. Check if it is intended to be dangling.
[WARNING RSZ-0104] Net dcache/_3315_ only has one pin. Check if it is intended to be dangling.
[WARNING RSZ-0104] Net dcache/_3302_ only has one pin. Check if it is intended to be dangling.
[WARNING RSZ-0104] Net dcache/_3261_ only has one pin. Check if it is intended to be dangling.
[WARNING RSZ-0104] Net dcache/_3255_ only has one pin. Check if it is intended to be dangling.
[WARNING RSZ-0104] Net dcache/_3251_ only has one pin. Check if it is intended to be dangling.
    21000 |     +0.0% |       0 |      14 |            29 |     12296
[WARNING RSZ-0104] Net core/csr/_T_284\[3\] only has one pin. Check if it is intended to be dangling.
[WARNING RSZ-0104] Net core/csr/_T_338\[3\] only has one pin. Check if it is intended to be dangling.
[WARNING RSZ-0104] Net core/csr/_T_329\[3\] only has one pin. Check if it is intended to be dangling.
[WARNING RSZ-0104] Net core/csr/_T_329\[2\] only has one pin. Check if it is intended to be dangling.
[WARNING RSZ-0104] Net core/csr/_T_311\[2\] only has one pin. Check if it is intended to be dangling.
[WARNING RSZ-0104] Net core/csr/_T_347\[2\] only has one pin. Check if it is intended to be dangling.
[WARNING RSZ-0104] Net core/csr/_T_320\[3\] only has one pin. Check if it is intended to be dangling.
[WARNING RSZ-0104] Net core/csr/_T_320\[2\] only has one pin. Check if it is intended to be dangling.
[WARNING RSZ-0104] Net core/csr/_T_302\[2\] only has one pin. Check if it is intended to be dangling.
[WARNING RSZ-0104] Net core/csr/_T_302\[3\] only has one pin. Check if it is intended to be dangling.
[WARNING RSZ-0104] Net core/csr/_T_311\[3\] only has one pin. Check if it is intended to be dangling.
[WARNING RSZ-0104] Net core/csr/_T_338\[2\] only has one pin. Check if it is intended to be dangling.
[WARNING RSZ-0104] Net core/csr/_T_293\[2\] only has one pin. Check if it is intended to be dangling.
[WARNING RSZ-0104] Net core/csr/_T_347\[3\] only has one pin. Check if it is intended to be dangling.
[WARNING RSZ-0104] Net core/csr/_T_284\[2\] only has one pin. Check if it is intended to be dangling.
[WARNING RSZ-0104] Net frontend/_3405_ only has one pin. Check if it is intended to be dangling.
[WARNING RSZ-0104] Net frontend/_3404_ only has one pin. Check if it is intended to be dangling.
[WARNING RSZ-0104] Net frontend/_3403_ only has one pin. Check if it is intended to be dangling.
[WARNING RSZ-0104] Net frontend/_3401_ only has one pin. Check if it is intended to be dangling.
    22000 |     +0.0% |       0 |      16 |            31 |     11296
[WARNING RSZ-0104] Net dcache/_3566_ only has one pin. Check if it is intended to be dangling.
[WARNING RSZ-0104] Net dcache/_3565_ only has one pin. Check if it is intended to be dangling.
[WARNING RSZ-0104] Net dcache/_3564_ only has one pin. Check if it is intended to be dangling.
[WARNING RSZ-0104] Net dcache/_3563_ only has one pin. Check if it is intended to be dangling.
[WARNING RSZ-0104] Net dcache/_3554_ only has one pin. Check if it is intended to be dangling.
[WARNING RSZ-0104] Net dcache/_3553_ only has one pin. Check if it is intended to be dangling.
[WARNING RSZ-0104] Net dcache/_3552_ only has one pin. Check if it is intended to be dangling.
[WARNING RSZ-0104] Net dcache/_3334_ only has one pin. Check if it is intended to be dangling.
[WARNING RSZ-0104] Net dcache/_3332_ only has one pin. Check if it is intended to be dangling.
[WARNING RSZ-0104] Net dcache/_3330_ only has one pin. Check if it is intended to be dangling.
[WARNING RSZ-0104] Net dcache/_3324_ only has one pin. Check if it is intended to be dangling.
[WARNING RSZ-0104] Net dcache/_3323_ only has one pin. Check if it is intended to be dangling.
[WARNING RSZ-0104] Net dcache/_3321_ only has one pin. Check if it is intended to be dangling.
[WARNING RSZ-0104] Net dcache/_3319_ only has one pin. Check if it is intended to be dangling.
[WARNING RSZ-0104] Net dcache/_3317_ only has one pin. Check if it is intended to be dangling.
[WARNING RSZ-0104] Net dcache/_3316_ only has one pin. Check if it is intended to be dangling.
[WARNING RSZ-0104] Net dcache/_3314_ only has one pin. Check if it is intended to be dangling.
[WARNING RSZ-0104] Net dcache/_3313_ only has one pin. Check if it is intended to be dangling.
[WARNING RSZ-0104] Net dcache/_3312_ only has one pin. Check if it is intended to be dangling.
[WARNING RSZ-0104] Net dcache/_3310_ only has one pin. Check if it is intended to be dangling.
[WARNING RSZ-0104] Net dcache/_3308_ only has one pin. Check if it is intended to be dangling.
[WARNING RSZ-0104] Net dcache/_3307_ only has one pin. Check if it is intended to be dangling.
[WARNING RSZ-0104] Net dcache/_3306_ only has one pin. Check if it is intended to be dangling.
[WARNING RSZ-0104] Net dcache/_3305_ only has one pin. Check if it is intended to be dangling.
[WARNING RSZ-0104] Net dcache/_3304_ only has one pin. Check if it is intended to be dangling.
[WARNING RSZ-0104] Net dcache/_3303_ only has one pin. Check if it is intended to be dangling.
[WARNING RSZ-0104] Net dcache/_3301_ only has one pin. Check if it is intended to be dangling.
[WARNING RSZ-0104] Net dcache/_3300_ only has one pin. Check if it is intended to be dangling.
[WARNING RSZ-0104] Net dcache/_3299_ only has one pin. Check if it is intended to be dangling.
[WARNING RSZ-0104] Net dcache/_3298_ only has one pin. Check if it is intended to be dangling.
[WARNING RSZ-0104] Net dcache/_3297_ only has one pin. Check if it is intended to be dangling.
[WARNING RSZ-0104] Net dcache/_3296_ only has one pin. Check if it is intended to be dangling.
[WARNING RSZ-0104] Net dcache/_3294_ only has one pin. Check if it is intended to be dangling.
[WARNING RSZ-0104] Net dcache/_3292_ only has one pin. Check if it is intended to be dangling.
[WARNING RSZ-0104] Net dcache/_3291_ only has one pin. Check if it is intended to be dangling.
[WARNING RSZ-0104] Net dcache/_3290_ only has one pin. Check if it is intended to be dangling.
[WARNING RSZ-0104] Net dcache/_3289_ only has one pin. Check if it is intended to be dangling.
[WARNING RSZ-0104] Net dcache/_3288_ only has one pin. Check if it is intended to be dangling.
[WARNING RSZ-0104] Net dcache/_3287_ only has one pin. Check if it is intended to be dangling.
[WARNING RSZ-0104] Net dcache/_3285_ only has one pin. Check if it is intended to be dangling.
[WARNING RSZ-0104] Net dcache/_3282_ only has one pin. Check if it is intended to be dangling.
[WARNING RSZ-0104] Net dcache/_3280_ only has one pin. Check if it is intended to be dangling.
[WARNING RSZ-0104] Net dcache/_3279_ only has one pin. Check if it is intended to be dangling.
[WARNING RSZ-0104] Net dcache/_3278_ only has one pin. Check if it is intended to be dangling.
[WARNING RSZ-0104] Net dcache/_3277_ only has one pin. Check if it is intended to be dangling.
[WARNING RSZ-0104] Net dcache/_3276_ only has one pin. Check if it is intended to be dangling.
[WARNING RSZ-0104] Net dcache/_3275_ only has one pin. Check if it is intended to be dangling.
[WARNING RSZ-0104] Net dcache/_3274_ only has one pin. Check if it is intended to be dangling.
[WARNING RSZ-0104] Net dcache/_3273_ only has one pin. Check if it is intended to be dangling.
[WARNING RSZ-0104] Net dcache/_3272_ only has one pin. Check if it is intended to be dangling.
[WARNING RSZ-0104] Net dcache/_3271_ only has one pin. Check if it is intended to be dangling.
[WARNING RSZ-0104] Net dcache/_3267_ only has one pin. Check if it is intended to be dangling.
[WARNING RSZ-0104] Net dcache/_3266_ only has one pin. Check if it is intended to be dangling.
[WARNING RSZ-0104] Net core/div/_2445_ only has one pin. Check if it is intended to be dangling.
[WARNING RSZ-0104] Net core/div/_2444_ only has one pin. Check if it is intended to be dangling.
[WARNING RSZ-0104] Net core/div/_2443_ only has one pin. Check if it is intended to be dangling.
[WARNING RSZ-0104] Net core/div/_2440_ only has one pin. Check if it is intended to be dangling.
    23000 |     +0.0% |       0 |      16 |            32 |     10296
[WARNING RSZ-0104] Net core/csr/_T_338\[1\] only has one pin. Check if it is intended to be dangling.
[WARNING RSZ-0104] Net core/csr/_T_329\[1\] only has one pin. Check if it is intended to be dangling.
[WARNING RSZ-0104] Net core/csr/_T_347\[1\] only has one pin. Check if it is intended to be dangling.
[WARNING RSZ-0104] Net core/csr/_T_320\[1\] only has one pin. Check if it is intended to be dangling.
[WARNING RSZ-0104] Net core/csr/_T_311\[1\] only has one pin. Check if it is intended to be dangling.
[WARNING RSZ-0104] Net core/csr/_T_302\[1\] only has one pin. Check if it is intended to be dangling.
[WARNING RSZ-0104] Net core/csr/_T_293\[1\] only has one pin. Check if it is intended to be dangling.
[WARNING RSZ-0104] Net core/csr/_T_284\[1\] only has one pin. Check if it is intended to be dangling.
[WARNING RSZ-0104] Net _1486_ only has one pin. Check if it is intended to be dangling.
[WARNING RSZ-0104] Net _1485_ only has one pin. Check if it is intended to be dangling.
[WARNING RSZ-0104] Net _1487_ only has one pin. Check if it is intended to be dangling.
[WARNING RSZ-0104] Net _2132_ only has one pin. Check if it is intended to be dangling.
[WARNING RSZ-0104] Net _2131_ only has one pin. Check if it is intended to be dangling.
[WARNING RSZ-0104] Net frontend/_3162_ only has one pin. Check if it is intended to be dangling.
[WARNING RSZ-0104] Net frontend/_3161_ only has one pin. Check if it is intended to be dangling.
[WARNING RSZ-0104] Net frontend/_3160_ only has one pin. Check if it is intended to be dangling.
[WARNING RSZ-0104] Net frontend/_3159_ only has one pin. Check if it is intended to be dangling.
[WARNING RSZ-0104] Net frontend/_3158_ only has one pin. Check if it is intended to be dangling.
[WARNING RSZ-0104] Net frontend/_3157_ only has one pin. Check if it is intended to be dangling.
[WARNING RSZ-0104] Net frontend/_3156_ only has one pin. Check if it is intended to be dangling.
[WARNING RSZ-0104] Net frontend/_2857_ only has one pin. Check if it is intended to be dangling.
[WARNING RSZ-0104] Net frontend/_3183_ only has one pin. Check if it is intended to be dangling.
[WARNING RSZ-0104] Net frontend/_3155_ only has one pin. Check if it is intended to be dangling.
    24000 |     +0.0% |       0 |      17 |            34 |      9296
[WARNING RSZ-0104] Net frontend/_3182_ only has one pin. Check if it is intended to be dangling.
[WARNING RSZ-0104] Net frontend/_3181_ only has one pin. Check if it is intended to be dangling.
[WARNING RSZ-0104] Net frontend/_3180_ only has one pin. Check if it is intended to be dangling.
[WARNING RSZ-0104] Net frontend/_3179_ only has one pin. Check if it is intended to be dangling.
[WARNING RSZ-0104] Net frontend/_3178_ only has one pin. Check if it is intended to be dangling.
[WARNING RSZ-0104] Net frontend/_3177_ only has one pin. Check if it is intended to be dangling.
[WARNING RSZ-0104] Net frontend/_3176_ only has one pin. Check if it is intended to be dangling.
[WARNING RSZ-0104] Net frontend/_3175_ only has one pin. Check if it is intended to be dangling.
[WARNING RSZ-0104] Net frontend/_3174_ only has one pin. Check if it is intended to be dangling.
[WARNING RSZ-0104] Net frontend/_3173_ only has one pin. Check if it is intended to be dangling.
[WARNING RSZ-0104] Net frontend/_3154_ only has one pin. Check if it is intended to be dangling.
[WARNING RSZ-0104] Net frontend/_3172_ only has one pin. Check if it is intended to be dangling.
[WARNING RSZ-0104] Net frontend/_3171_ only has one pin. Check if it is intended to be dangling.
[WARNING RSZ-0104] Net frontend/_3170_ only has one pin. Check if it is intended to be dangling.
[WARNING RSZ-0104] Net frontend/_3169_ only has one pin. Check if it is intended to be dangling.
[WARNING RSZ-0104] Net frontend/_3168_ only has one pin. Check if it is intended to be dangling.
[WARNING RSZ-0104] Net frontend/_3167_ only has one pin. Check if it is intended to be dangling.
[WARNING RSZ-0104] Net frontend/_3166_ only has one pin. Check if it is intended to be dangling.
[WARNING RSZ-0104] Net frontend/_3165_ only has one pin. Check if it is intended to be dangling.
[WARNING RSZ-0104] Net frontend/_3164_ only has one pin. Check if it is intended to be dangling.
[WARNING RSZ-0104] Net frontend/_3163_ only has one pin. Check if it is intended to be dangling.
[WARNING RSZ-0104] Net frontend/_2853_ only has one pin. Check if it is intended to be dangling.
[WARNING RSZ-0104] Net frontend/_3386_ only has one pin. Check if it is intended to be dangling.
[WARNING RSZ-0104] Net frontend/_3387_ only has one pin. Check if it is intended to be dangling.
[WARNING RSZ-0104] Net frontend/_3388_ only has one pin. Check if it is intended to be dangling.
[WARNING RSZ-0104] Net frontend/_3389_ only has one pin. Check if it is intended to be dangling.
[WARNING RSZ-0104] Net frontend/_3390_ only has one pin. Check if it is intended to be dangling.
[WARNING RSZ-0104] Net frontend/_3391_ only has one pin. Check if it is intended to be dangling.
[WARNING RSZ-0104] Net frontend/_3392_ only has one pin. Check if it is intended to be dangling.
[WARNING RSZ-0104] Net frontend/_3373_ only has one pin. Check if it is intended to be dangling.
[WARNING RSZ-0104] Net frontend/_3374_ only has one pin. Check if it is intended to be dangling.
[WARNING RSZ-0104] Net frontend/_3375_ only has one pin. Check if it is intended to be dangling.
[WARNING RSZ-0104] Net frontend/_3376_ only has one pin. Check if it is intended to be dangling.
[WARNING RSZ-0104] Net frontend/_3377_ only has one pin. Check if it is intended to be dangling.
[WARNING RSZ-0104] Net frontend/_3378_ only has one pin. Check if it is intended to be dangling.
[WARNING RSZ-0104] Net frontend/_3184_ only has one pin. Check if it is intended to be dangling.
[WARNING RSZ-0104] Net frontend/_3379_ only has one pin. Check if it is intended to be dangling.
[WARNING RSZ-0104] Net frontend/_3380_ only has one pin. Check if it is intended to be dangling.
[WARNING RSZ-0104] Net frontend/_3381_ only has one pin. Check if it is intended to be dangling.
[WARNING RSZ-0104] Net frontend/_3382_ only has one pin. Check if it is intended to be dangling.
[WARNING RSZ-0104] Net frontend/_3383_ only has one pin. Check if it is intended to be dangling.
[WARNING RSZ-0104] Net frontend/_3384_ only has one pin. Check if it is intended to be dangling.
[WARNING RSZ-0104] Net frontend/_3385_ only has one pin. Check if it is intended to be dangling.
[WARNING RSZ-0104] Net frontend/_3397_ only has one pin. Check if it is intended to be dangling.
[WARNING RSZ-0104] Net frontend/_3370_ only has one pin. Check if it is intended to be dangling.
[WARNING RSZ-0104] Net frontend/_2893_ only has one pin. Check if it is intended to be dangling.
[WARNING RSZ-0104] Net frontend/_2892_ only has one pin. Check if it is intended to be dangling.
[WARNING RSZ-0104] Net frontend/_2891_ only has one pin. Check if it is intended to be dangling.
[WARNING RSZ-0104] Net frontend/_2890_ only has one pin. Check if it is intended to be dangling.
[WARNING RSZ-0104] Net frontend/_2889_ only has one pin. Check if it is intended to be dangling.
[WARNING RSZ-0104] Net frontend/_2888_ only has one pin. Check if it is intended to be dangling.
[WARNING RSZ-0104] Net frontend/_2887_ only has one pin. Check if it is intended to be dangling.
[WARNING RSZ-0104] Net frontend/_2886_ only has one pin. Check if it is intended to be dangling.
[WARNING RSZ-0104] Net frontend/_2883_ only has one pin. Check if it is intended to be dangling.
[WARNING RSZ-0104] Net frontend/_2907_ only has one pin. Check if it is intended to be dangling.
[WARNING RSZ-0104] Net frontend/_2906_ only has one pin. Check if it is intended to be dangling.
[WARNING RSZ-0104] Net frontend/_2905_ only has one pin. Check if it is intended to be dangling.
[WARNING RSZ-0104] Net frontend/_2904_ only has one pin. Check if it is intended to be dangling.
[WARNING RSZ-0104] Net frontend/_2885_ only has one pin. Check if it is intended to be dangling.
[WARNING RSZ-0104] Net frontend/_2903_ only has one pin. Check if it is intended to be dangling.
[WARNING RSZ-0104] Net frontend/_2902_ only has one pin. Check if it is intended to be dangling.
[WARNING RSZ-0104] Net frontend/_2901_ only has one pin. Check if it is intended to be dangling.
[WARNING RSZ-0104] Net frontend/_2900_ only has one pin. Check if it is intended to be dangling.
[WARNING RSZ-0104] Net frontend/_2899_ only has one pin. Check if it is intended to be dangling.
[WARNING RSZ-0104] Net frontend/_2898_ only has one pin. Check if it is intended to be dangling.
[WARNING RSZ-0104] Net frontend/_2897_ only has one pin. Check if it is intended to be dangling.
[WARNING RSZ-0104] Net frontend/_2896_ only has one pin. Check if it is intended to be dangling.
[WARNING RSZ-0104] Net frontend/_2895_ only has one pin. Check if it is intended to be dangling.
[WARNING RSZ-0104] Net frontend/_2894_ only has one pin. Check if it is intended to be dangling.
[WARNING RSZ-0104] Net frontend/_3393_ only has one pin. Check if it is intended to be dangling.
[WARNING RSZ-0104] Net frontend/_2917_ only has one pin. Check if it is intended to be dangling.
[WARNING RSZ-0104] Net frontend/_2916_ only has one pin. Check if it is intended to be dangling.
[WARNING RSZ-0104] Net frontend/_2915_ only has one pin. Check if it is intended to be dangling.
[WARNING RSZ-0104] Net frontend/_2914_ only has one pin. Check if it is intended to be dangling.
[WARNING RSZ-0104] Net frontend/_2913_ only has one pin. Check if it is intended to be dangling.
[WARNING RSZ-0104] Net frontend/_2912_ only has one pin. Check if it is intended to be dangling.
[WARNING RSZ-0104] Net frontend/_2911_ only has one pin. Check if it is intended to be dangling.
[WARNING RSZ-0104] Net frontend/_2910_ only has one pin. Check if it is intended to be dangling.
[WARNING RSZ-0104] Net frontend/_2882_ only has one pin. Check if it is intended to be dangling.
[WARNING RSZ-0104] Net frontend/_2931_ only has one pin. Check if it is intended to be dangling.
[WARNING RSZ-0104] Net frontend/_2930_ only has one pin. Check if it is intended to be dangling.
[WARNING RSZ-0104] Net frontend/_2929_ only has one pin. Check if it is intended to be dangling.
[WARNING RSZ-0104] Net frontend/_2928_ only has one pin. Check if it is intended to be dangling.
[WARNING RSZ-0104] Net frontend/_2909_ only has one pin. Check if it is intended to be dangling.
[WARNING RSZ-0104] Net frontend/_2927_ only has one pin. Check if it is intended to be dangling.
[WARNING RSZ-0104] Net frontend/_2926_ only has one pin. Check if it is intended to be dangling.
[WARNING RSZ-0104] Net frontend/_2925_ only has one pin. Check if it is intended to be dangling.
[WARNING RSZ-0104] Net frontend/_2924_ only has one pin. Check if it is intended to be dangling.
[WARNING RSZ-0104] Net frontend/_2923_ only has one pin. Check if it is intended to be dangling.
[WARNING RSZ-0104] Net frontend/_2922_ only has one pin. Check if it is intended to be dangling.
[WARNING RSZ-0104] Net frontend/_2921_ only has one pin. Check if it is intended to be dangling.
[WARNING RSZ-0104] Net frontend/_2920_ only has one pin. Check if it is intended to be dangling.
[WARNING RSZ-0104] Net frontend/_2919_ only has one pin. Check if it is intended to be dangling.
[WARNING RSZ-0104] Net frontend/_2918_ only has one pin. Check if it is intended to be dangling.
[WARNING RSZ-0104] Net frontend/_2908_ only has one pin. Check if it is intended to be dangling.
[WARNING RSZ-0104] Net frontend/_2941_ only has one pin. Check if it is intended to be dangling.
[WARNING RSZ-0104] Net frontend/_2940_ only has one pin. Check if it is intended to be dangling.
[WARNING RSZ-0104] Net frontend/_2939_ only has one pin. Check if it is intended to be dangling.
[WARNING RSZ-0104] Net frontend/_2938_ only has one pin. Check if it is intended to be dangling.
[WARNING RSZ-0104] Net frontend/_2937_ only has one pin. Check if it is intended to be dangling.
[WARNING RSZ-0104] Net frontend/_2936_ only has one pin. Check if it is intended to be dangling.
[WARNING RSZ-0104] Net frontend/_2935_ only has one pin. Check if it is intended to be dangling.
[WARNING RSZ-0104] Net frontend/_2934_ only has one pin. Check if it is intended to be dangling.
[WARNING RSZ-0104] Net frontend/_2881_ only has one pin. Check if it is intended to be dangling.
[WARNING RSZ-0104] Net frontend/_2955_ only has one pin. Check if it is intended to be dangling.
[WARNING RSZ-0104] Net frontend/_2954_ only has one pin. Check if it is intended to be dangling.
[WARNING RSZ-0104] Net frontend/_2953_ only has one pin. Check if it is intended to be dangling.
[WARNING RSZ-0104] Net frontend/_2952_ only has one pin. Check if it is intended to be dangling.
[WARNING RSZ-0104] Net frontend/_2933_ only has one pin. Check if it is intended to be dangling.
[WARNING RSZ-0104] Net frontend/_2951_ only has one pin. Check if it is intended to be dangling.
[WARNING RSZ-0104] Net frontend/_2950_ only has one pin. Check if it is intended to be dangling.
[WARNING RSZ-0104] Net frontend/_2949_ only has one pin. Check if it is intended to be dangling.
[WARNING RSZ-0104] Net frontend/_2948_ only has one pin. Check if it is intended to be dangling.
[WARNING RSZ-0104] Net frontend/_2947_ only has one pin. Check if it is intended to be dangling.
[WARNING RSZ-0104] Net frontend/_2946_ only has one pin. Check if it is intended to be dangling.
[WARNING RSZ-0104] Net frontend/_2945_ only has one pin. Check if it is intended to be dangling.
[WARNING RSZ-0104] Net frontend/_2944_ only has one pin. Check if it is intended to be dangling.
[WARNING RSZ-0104] Net frontend/_2943_ only has one pin. Check if it is intended to be dangling.
[WARNING RSZ-0104] Net frontend/_2942_ only has one pin. Check if it is intended to be dangling.
[WARNING RSZ-0104] Net frontend/_2932_ only has one pin. Check if it is intended to be dangling.
[WARNING RSZ-0104] Net frontend/_2965_ only has one pin. Check if it is intended to be dangling.
[WARNING RSZ-0104] Net frontend/_2964_ only has one pin. Check if it is intended to be dangling.
[WARNING RSZ-0104] Net frontend/_2963_ only has one pin. Check if it is intended to be dangling.
[WARNING RSZ-0104] Net frontend/_2962_ only has one pin. Check if it is intended to be dangling.
[WARNING RSZ-0104] Net frontend/_2961_ only has one pin. Check if it is intended to be dangling.
[WARNING RSZ-0104] Net frontend/_2960_ only has one pin. Check if it is intended to be dangling.
[WARNING RSZ-0104] Net frontend/_2959_ only has one pin. Check if it is intended to be dangling.
[WARNING RSZ-0104] Net frontend/_2958_ only has one pin. Check if it is intended to be dangling.
[WARNING RSZ-0104] Net frontend/_2880_ only has one pin. Check if it is intended to be dangling.
[WARNING RSZ-0104] Net frontend/_2979_ only has one pin. Check if it is intended to be dangling.
[WARNING RSZ-0104] Net frontend/_2978_ only has one pin. Check if it is intended to be dangling.
[WARNING RSZ-0104] Net frontend/_2977_ only has one pin. Check if it is intended to be dangling.
[WARNING RSZ-0104] Net frontend/_2976_ only has one pin. Check if it is intended to be dangling.
[WARNING RSZ-0104] Net frontend/_2957_ only has one pin. Check if it is intended to be dangling.
[WARNING RSZ-0104] Net frontend/_2975_ only has one pin. Check if it is intended to be dangling.
[WARNING RSZ-0104] Net frontend/_2974_ only has one pin. Check if it is intended to be dangling.
[WARNING RSZ-0104] Net frontend/_2973_ only has one pin. Check if it is intended to be dangling.
[WARNING RSZ-0104] Net frontend/_2972_ only has one pin. Check if it is intended to be dangling.
[WARNING RSZ-0104] Net frontend/_2971_ only has one pin. Check if it is intended to be dangling.
[WARNING RSZ-0104] Net frontend/_2970_ only has one pin. Check if it is intended to be dangling.
[WARNING RSZ-0104] Net frontend/_2969_ only has one pin. Check if it is intended to be dangling.
[WARNING RSZ-0104] Net frontend/_2968_ only has one pin. Check if it is intended to be dangling.
[WARNING RSZ-0104] Net frontend/_2967_ only has one pin. Check if it is intended to be dangling.
[WARNING RSZ-0104] Net frontend/_2966_ only has one pin. Check if it is intended to be dangling.
[WARNING RSZ-0104] Net frontend/_2956_ only has one pin. Check if it is intended to be dangling.
[WARNING RSZ-0104] Net frontend/_3395_ only has one pin. Check if it is intended to be dangling.
[WARNING RSZ-0104] Net frontend/_2855_ only has one pin. Check if it is intended to be dangling.
[WARNING RSZ-0104] Net frontend/_3348_ only has one pin. Check if it is intended to be dangling.
[WARNING RSZ-0104] Net frontend/_3347_ only has one pin. Check if it is intended to be dangling.
[WARNING RSZ-0104] Net frontend/_3346_ only has one pin. Check if it is intended to be dangling.
[WARNING RSZ-0104] Net frontend/_3345_ only has one pin. Check if it is intended to be dangling.
[WARNING RSZ-0104] Net frontend/_3344_ only has one pin. Check if it is intended to be dangling.
[WARNING RSZ-0104] Net frontend/_3343_ only has one pin. Check if it is intended to be dangling.
[WARNING RSZ-0104] Net frontend/_3342_ only has one pin. Check if it is intended to be dangling.
[WARNING RSZ-0104] Net frontend/_2856_ only has one pin. Check if it is intended to be dangling.
[WARNING RSZ-0104] Net frontend/_3369_ only has one pin. Check if it is intended to be dangling.
[WARNING RSZ-0104] Net frontend/_3341_ only has one pin. Check if it is intended to be dangling.
[WARNING RSZ-0104] Net frontend/_3368_ only has one pin. Check if it is intended to be dangling.
[WARNING RSZ-0104] Net frontend/_3367_ only has one pin. Check if it is intended to be dangling.
[WARNING RSZ-0104] Net frontend/_3366_ only has one pin. Check if it is intended to be dangling.
[WARNING RSZ-0104] Net frontend/_3365_ only has one pin. Check if it is intended to be dangling.
[WARNING RSZ-0104] Net frontend/_3364_ only has one pin. Check if it is intended to be dangling.
[WARNING RSZ-0104] Net frontend/_3363_ only has one pin. Check if it is intended to be dangling.
[WARNING RSZ-0104] Net frontend/_3362_ only has one pin. Check if it is intended to be dangling.
[WARNING RSZ-0104] Net frontend/_3361_ only has one pin. Check if it is intended to be dangling.
[WARNING RSZ-0104] Net frontend/_3360_ only has one pin. Check if it is intended to be dangling.
[WARNING RSZ-0104] Net frontend/_3359_ only has one pin. Check if it is intended to be dangling.
[WARNING RSZ-0104] Net frontend/_3340_ only has one pin. Check if it is intended to be dangling.
[WARNING RSZ-0104] Net frontend/_3358_ only has one pin. Check if it is intended to be dangling.
[WARNING RSZ-0104] Net frontend/_3357_ only has one pin. Check if it is intended to be dangling.
[WARNING RSZ-0104] Net frontend/_3356_ only has one pin. Check if it is intended to be dangling.
[WARNING RSZ-0104] Net frontend/_3355_ only has one pin. Check if it is intended to be dangling.
[WARNING RSZ-0104] Net frontend/_3354_ only has one pin. Check if it is intended to be dangling.
[WARNING RSZ-0104] Net frontend/_3353_ only has one pin. Check if it is intended to be dangling.
[WARNING RSZ-0104] Net frontend/_3352_ only has one pin. Check if it is intended to be dangling.
[WARNING RSZ-0104] Net frontend/_3351_ only has one pin. Check if it is intended to be dangling.
[WARNING RSZ-0104] Net frontend/_3350_ only has one pin. Check if it is intended to be dangling.
[WARNING RSZ-0104] Net frontend/_3349_ only has one pin. Check if it is intended to be dangling.
[WARNING RSZ-0104] Net frontend/_3339_ only has one pin. Check if it is intended to be dangling.
[WARNING RSZ-0104] Net frontend/_2854_ only has one pin. Check if it is intended to be dangling.
[WARNING RSZ-0104] Net frontend/_2858_ only has one pin. Check if it is intended to be dangling.
[WARNING RSZ-0104] Net frontend/_3132_ only has one pin. Check if it is intended to be dangling.
[WARNING RSZ-0104] Net frontend/_3131_ only has one pin. Check if it is intended to be dangling.
[WARNING RSZ-0104] Net frontend/_3130_ only has one pin. Check if it is intended to be dangling.
[WARNING RSZ-0104] Net frontend/_3394_ only has one pin. Check if it is intended to be dangling.
[WARNING RSZ-0104] Net frontend/_3153_ only has one pin. Check if it is intended to be dangling.
[WARNING RSZ-0104] Net frontend/_3152_ only has one pin. Check if it is intended to be dangling.
[WARNING RSZ-0104] Net frontend/_3151_ only has one pin. Check if it is intended to be dangling.
[WARNING RSZ-0104] Net frontend/_3150_ only has one pin. Check if it is intended to be dangling.
[WARNING RSZ-0104] Net frontend/_3149_ only has one pin. Check if it is intended to be dangling.
[WARNING RSZ-0104] Net frontend/_3148_ only has one pin. Check if it is intended to be dangling.
[WARNING RSZ-0104] Net frontend/_3147_ only has one pin. Check if it is intended to be dangling.
[WARNING RSZ-0104] Net frontend/_3146_ only has one pin. Check if it is intended to be dangling.
[WARNING RSZ-0104] Net frontend/_3145_ only has one pin. Check if it is intended to be dangling.
[WARNING RSZ-0104] Net frontend/_3144_ only has one pin. Check if it is intended to be dangling.
[WARNING RSZ-0104] Net frontend/_3143_ only has one pin. Check if it is intended to be dangling.
[WARNING RSZ-0104] Net frontend/_3142_ only has one pin. Check if it is intended to be dangling.
[WARNING RSZ-0104] Net frontend/_3141_ only has one pin. Check if it is intended to be dangling.
[WARNING RSZ-0104] Net frontend/_3140_ only has one pin. Check if it is intended to be dangling.
[WARNING RSZ-0104] Net frontend/_3139_ only has one pin. Check if it is intended to be dangling.
[WARNING RSZ-0104] Net frontend/_3138_ only has one pin. Check if it is intended to be dangling.
[WARNING RSZ-0104] Net frontend/_3137_ only has one pin. Check if it is intended to be dangling.
[WARNING RSZ-0104] Net frontend/_3136_ only has one pin. Check if it is intended to be dangling.
[WARNING RSZ-0104] Net frontend/_3135_ only has one pin. Check if it is intended to be dangling.
[WARNING RSZ-0104] Net frontend/_3134_ only has one pin. Check if it is intended to be dangling.
[WARNING RSZ-0104] Net frontend/_3133_ only has one pin. Check if it is intended to be dangling.
[WARNING RSZ-0104] Net frontend/_3396_ only has one pin. Check if it is intended to be dangling.
[WARNING RSZ-0104] Net frontend/_2875_ only has one pin. Check if it is intended to be dangling.
[WARNING RSZ-0104] Net frontend/_2874_ only has one pin. Check if it is intended to be dangling.
[WARNING RSZ-0104] Net frontend/_2988_ only has one pin. Check if it is intended to be dangling.
[WARNING RSZ-0104] Net frontend/_2987_ only has one pin. Check if it is intended to be dangling.
[WARNING RSZ-0104] Net frontend/_2986_ only has one pin. Check if it is intended to be dangling.
[WARNING RSZ-0104] Net frontend/_2985_ only has one pin. Check if it is intended to be dangling.
[WARNING RSZ-0104] message limit (1000) reached. This message will no longer print.
    25000 |     +0.1% |       0 |      19 |            41 |      8296
    26000 |     +0.1% |       0 |      20 |            49 |      7296
    27000 |     +0.1% |       0 |      20 |            49 |      6296
    28000 |     +0.1% |       0 |      21 |            50 |      5296
    29000 |     +0.1% |       0 |      21 |            50 |      4296
    30000 |     +0.1% |       0 |      21 |            50 |      3296
    31000 |     +0.1% |       0 |      21 |            50 |      2296
    32000 |     +0.1% |       0 |      21 |            50 |      1296
    33000 |     +0.1% |       0 |      22 |            51 |       296
    final |     +0.1% |       0 |      22 |            51 |         0
---------------------------------------------------------------------
[INFO RSZ-0036] Found 51 capacitance violations.
[INFO RSZ-0038] Inserted 22 buffers in 51 nets.
[INFO RSZ-0504] Runtime: 3.69s
global_route -start_incremental
detailed_placement
[INFO DPL-0006] Core area: 88535.44 um^2
[INFO DPL-0007] Movable instances area: 51904.85 um^2
[INFO DPL-0008] Fixed instances area within core: 2693.78 um^2
[INFO DPL-0009] Utilization: 61.7%
[INFO DPL-0005] Diamond search max displacement: +/- 500 sites horizontally, +/- 100 rows vertically.
[INFO DPL-1102] Legalizing using negotiation legalizer.
[INFO DPL-1103] Negotiation base search window: +/-20 sites horizontally, +/-5 rows vertically 
	Automatic search window extension enabled.
	Search window extendable up to the max displacement cap of +/-500 sites, +/-100 rows near walls.
[INFO DPL-1104] NegotiationLegalizer DRC penalty: 5.
[INFO DPL-0392] Negotiation cell height distribution (2 unique row-count(s)):
[INFO DPL-0393]   height 1 row(s): 28185 cells
[INFO DPL-0393]   height 44 row(s): 2 cells
          |      Total |  Illegal |  Illegal
Iteration | Violations |    Cells |    Sites
---------------------------------------------
        0 |        117 |        23 |        94
        1 |         35 |         7 |        28
        2 |         47 |         9 |        38
        3 |         31 |         5 |        26
        4 |          0 |         0 |         0
Negotiation phase 1 converged at iteration 4.
[INFO DPL-0500] Runtime: 0.20s
Placement Analysis
---------------------------------
total displacement         59.3 u
average displacement        0.0 u
max displacement            6.4 u
original HPWL          404078.9 u
legalized HPWL         404109.5 u
delta HPWL                    0 %

global_route -end_incremental -congestion_report_file /work/tinyRocket/da29399a677d6344/orfs/reports/nangate45/tinyRocket/base/congestion_post_repair_design.rpt
Repair setup and hold violations...
estimate_parasitics -global_routing
repair_timing -setup_margin 0 -hold_margin 0 -repair_tns 100 -verbose
[INFO RSZ-0100] Repair move sequence: UnbufferMove SizeUpMove SwapPinsMove BufferMove CloneMove SplitLoadMove 
[INFO RSZ-0094] Found 1769 endpoints with setup violations.
[INFO RSZ-0099] Repairing 1769 out of 1769 (100.00%) violating endpoints...
   Iter   | Removed | Resized | Inserted | Cloned |  Pin  |   Area   |    WNS   |   StTNS    |   EnTNS    |  Viol  |  Worst  
          | Buffers |  Gates  | Buffers  |  Gates | Swaps |          |          |            |            | Endpts | St/EnPt 
------------------------------------------------------------------------------------------------------------------------------
       0* |       0 |       0 |        0 |      0 |     0 |    +0.0% |   -0.346 |      -40.8 |     -232.7 |   1769 | core/ex_reg_rs_msb_0\[20\]$_DFFE_PP_/D
      10* |       0 |       9 |        0 |      0 |     0 |    +0.0% |   -0.304 |      -39.3 |     -219.3 |   1769 | frontend/fq._T_2_3_data\[23\]$_DFFE_PP_/D
      20* |       0 |      12 |        5 |      0 |     3 |    +0.0% |   -0.314 |      -38.5 |     -221.9 |   1769 | frontend/fq._T_2_3_data\[23\]$_DFFE_PP_/D
      30* |       0 |      19 |        5 |      0 |     6 |    +0.0% |   -0.312 |      -38.1 |     -221.2 |   1769 | frontend/fq._T_2_3_data\[23\]$_DFFE_PP_/D
      40* |       0 |      23 |       15 |      0 |     9 |    +0.1% |   -0.298 |      -37.8 |     -214.6 |   1769 | core/ex_reg_rs_msb_0\[16\]$_DFFE_PP_/D
      50* |       0 |      27 |       21 |      0 |    12 |    +0.1% |   -0.298 |      -37.4 |     -214.5 |   1769 | frontend/fq._T_2_3_data\[23\]$_DFFE_PP_/D
      60* |       0 |      31 |       28 |      0 |    15 |    +0.1% |   -0.297 |      -37.5 |     -215.0 |   1769 | frontend/fq._T_2_1_pc\[20\]$_DFFE_PP_/D
      70* |       0 |      36 |       32 |      0 |    18 |    +0.1% |   -0.295 |      -37.3 |     -213.3 |   1769 | frontend/fq._T_2_3_data\[23\]$_DFFE_PP_/D
      80* |       0 |      40 |       34 |      0 |    22 |    +0.1% |   -0.291 |      -37.0 |     -208.2 |   1769 | frontend/fq._T_2_3_data\[23\]$_DFFE_PP_/D
      90* |       0 |      45 |       36 |      0 |    25 |    +0.1% |   -0.290 |      -36.8 |     -208.3 |   1769 | frontend/fq._T_2_3_data\[23\]$_DFFE_PP_/D
     100* |       0 |      49 |       39 |      0 |    29 |    +0.2% |   -0.303 |      -37.4 |     -211.9 |   1769 | frontend/fq._T_2_3_data\[23\]$_DFFE_PP_/D
     110* |       0 |      55 |       42 |      2 |    29 |    +0.2% |   -0.298 |      -37.1 |     -211.4 |   1769 | frontend/fq._T_2_1_data\[20\]$_DFFE_PP_/D
     120* |       0 |      58 |       46 |      2 |    33 |    +0.2% |   -0.294 |      -36.9 |     -210.1 |   1769 | frontend/fq._T_2_1_data\[20\]$_DFFE_PP_/D
     130* |       0 |      63 |       53 |      2 |    35 |    +0.3% |   -0.288 |      -36.8 |     -207.9 |   1769 | frontend/fq._T_2_1_data\[20\]$_DFFE_PP_/D
     140* |       0 |      68 |       60 |      2 |    36 |    +0.3% |   -0.313 |      -38.6 |     -212.8 |   1769 | frontend/fq._T_2_1_data\[20\]$_DFFE_PP_/D
     146* |       0 |      47 |       38 |      0 |    28 |    +0.1% |   -0.287 |      -36.6 |     -207.7 |   1769 | frontend/fq._T_2_3_data\[23\]$_DFFE_PP_/D
     150* |       0 |      50 |       38 |      0 |    28 |    +0.2% |   -0.287 |      -36.0 |     -207.4 |   1769 | core/ex_reg_rs_msb_0\[6\]$_DFFE_PP_/D
     160* |       0 |      58 |       38 |      0 |    30 |    +0.2% |   -0.289 |      -35.6 |     -197.5 |   1769 | frontend/fq._T_2_3_data\[23\]$_DFFE_PP_/D
     170* |       0 |      62 |       43 |      0 |    32 |    +0.2% |   -0.289 |      -35.6 |     -197.1 |   1769 | frontend/fq._T_2_3_data\[23\]$_DFFE_PP_/D
     180* |       0 |      69 |       44 |      0 |    34 |    +0.2% |   -0.292 |      -34.9 |     -196.1 |   1769 | frontend/fq._T_2_3_data\[23\]$_DFFE_PP_/D
     190* |       0 |      77 |       45 |      0 |    35 |    +0.2% |   -0.292 |      -35.0 |     -197.1 |   1769 | frontend/fq._T_2_3_data\[23\]$_DFFE_PP_/D
     199* |       0 |      49 |       38 |      0 |    28 |    +0.1% |   -0.287 |      -36.0 |     -207.6 |   1769 | frontend/fq._T_2_3_data\[23\]$_DFFE_PP_/D
     200* |       0 |      49 |       38 |      0 |    28 |    +0.1% |   -0.287 |      -36.0 |     -207.6 |   1769 | frontend/fq._T_2_3_data\[23\]$_DFFE_PP_/D
     210* |       0 |      58 |       38 |      0 |    29 |    +0.2% |   -0.289 |      -34.9 |     -187.7 |   1769 | frontend/fq._T_2_3_data\[23\]$_DFFE_PP_/D
     220* |       0 |      61 |       47 |      0 |    31 |    +0.2% |   -0.289 |      -34.9 |     -187.0 |   1769 | frontend/fq._T_2_3_data\[23\]$_DFFE_PP_/D
     230* |       0 |      70 |       47 |      0 |    32 |    +0.2% |   -0.291 |      -35.0 |     -187.1 |   1769 | frontend/fq._T_2_3_data\[23\]$_DFFE_PP_/D
     240* |       0 |      76 |       50 |      1 |    32 |    +0.2% |   -0.298 |      -35.0 |     -190.0 |   1769 | frontend/fq._T_2_3_data\[23\]$_DFFE_PP_/D
     250* |       0 |      85 |       51 |      1 |    32 |    +0.2% |   -0.299 |      -35.0 |     -190.8 |   1769 | frontend/fq._T_2_3_data\[23\]$_DFFE_PP_/D
     255* |       0 |      54 |       38 |      0 |    28 |    +0.2% |   -0.287 |      -35.9 |     -192.9 |   1769 | frontend/fq._T_2_3_data\[23\]$_DFFE_PP_/D
     260* |       0 |      57 |       38 |      0 |    29 |    +0.2% |   -0.289 |      -35.9 |     -193.4 |   1769 | frontend/fq._T_2_3_data\[23\]$_DFFE_PP_/D
     270* |       0 |      63 |       45 |      0 |    29 |    +0.2% |   -0.289 |      -35.6 |     -187.8 |   1769 | frontend/fq._T_2_3_data\[23\]$_DFFE_PP_/D
     280* |       0 |      69 |       49 |      1 |    29 |    +0.2% |   -0.289 |      -35.5 |     -188.0 |   1769 | frontend/fq._T_2_3_data\[23\]$_DFFE_PP_/D
     290* |       0 |      78 |       49 |      1 |    30 |    +0.2% |   -0.298 |      -35.8 |     -190.6 |   1769 | frontend/fq._T_2_3_data\[23\]$_DFFE_PP_/D
     300* |       0 |      85 |       51 |      1 |    31 |    +0.2% |   -0.290 |      -35.5 |     -188.8 |   1769 | frontend/fq._T_2_3_data\[23\]$_DFFE_PP_/D
     306* |       0 |      54 |       38 |      0 |    28 |    +0.2% |   -0.287 |      -35.9 |     -192.9 |   1769 | frontend/fq._T_2_3_data\[23\]$_DFFE_PP_/D
     310* |       0 |      57 |       38 |      0 |    28 |    +0.2% |   -0.287 |      -35.9 |     -192.8 |   1769 | frontend/fq._T_2_3_data\[23\]$_DFFE_PP_/D
     320* |       0 |      65 |       39 |      0 |    29 |    +0.2% |   -0.291 |      -35.9 |     -194.0 |   1769 | frontend/fq._T_2_3_data\[23\]$_DFFE_PP_/D
     330* |       0 |      73 |       42 |      0 |    29 |    +0.2% |   -0.292 |      -35.9 |     -194.3 |   1769 | frontend/fq._T_2_3_data\[23\]$_DFFE_PP_/D
     340* |       0 |      79 |       44 |      1 |    30 |    +0.2% |   -0.292 |      -35.9 |     -193.8 |   1769 | frontend/fq._T_2_3_data\[23\]$_DFFE_PP_/D
     350* |       1 |      84 |       45 |      2 |    32 |    +0.3% |   -0.300 |      -36.1 |     -196.4 |   1769 | frontend/fq._T_2_3_data\[23\]$_DFFE_PP_/D
     360* |       1 |      93 |       46 |      2 |    32 |    +0.3% |   -0.300 |      -36.1 |     -196.1 |   1769 | frontend/fq._T_2_3_data\[23\]$_DFFE_PP_/D
     362* |       0 |      59 |       38 |      0 |    28 |    +0.2% |   -0.287 |      -35.9 |     -192.8 |   1769 | frontend/fq._T_2_3_data\[23\]$_DFFE_PP_/D
     370* |       0 |      63 |       43 |      0 |    29 |    +0.2% |   -0.291 |      -35.1 |     -188.6 |   1769 | frontend/fq._T_2_3_data\[23\]$_DFFE_PP_/D
     380* |       0 |      70 |       46 |      0 |    29 |    +0.2% |   -0.292 |      -35.1 |     -188.3 |   1769 | frontend/fq._T_2_3_data\[23\]$_DFFE_PP_/D
     390* |       0 |      77 |       49 |      1 |    29 |    +0.2% |   -0.292 |      -35.2 |     -188.3 |   1769 | frontend/fq._T_2_3_data\[23\]$_DFFE_PP_/D
     400* |       0 |      85 |       51 |      1 |    29 |    +0.2% |   -0.298 |      -35.3 |     -190.4 |   1769 | frontend/fq._T_2_3_data\[23\]$_DFFE_PP_/D
     410* |       1 |      91 |       54 |      1 |    29 |    +0.3% |   -0.300 |      -35.2 |     -191.6 |   1769 | frontend/fq._T_2_3_data\[23\]$_DFFE_PP_/D
     415* |       0 |      60 |       38 |      0 |    29 |    +0.2% |   -0.287 |      -35.1 |     -187.6 |   1769 | frontend/fq._T_2_3_data\[23\]$_DFFE_PP_/D
     420* |       0 |      63 |       39 |      0 |    29 |    +0.2% |   -0.289 |      -35.1 |     -188.0 |   1769 | frontend/fq._T_2_3_data\[23\]$_DFFE_PP_/D
     430* |       0 |      68 |       43 |      1 |    30 |    +0.2% |   -0.289 |      -34.9 |     -187.9 |   1769 | frontend/fq._T_2_3_data\[23\]$_DFFE_PP_/D
     440* |       0 |      75 |       45 |      1 |    31 |    +0.2% |   -0.289 |      -34.9 |     -186.9 |   1769 | frontend/fq._T_2_3_data\[23\]$_DFFE_PP_/D
     450* |       1 |      83 |       45 |      1 |    32 |    +0.2% |   -0.300 |      -34.5 |     -188.6 |   1769 | frontend/fq._T_2_3_data\[23\]$_DFFE_PP_/D
     460* |       1 |      91 |       47 |      1 |    32 |    +0.2% |   -0.303 |      -34.5 |     -189.8 |   1769 | frontend/fq._T_2_3_data\[23\]$_DFFE_PP_/D
     467* |       0 |      61 |       38 |      0 |    29 |    +0.2% |   -0.287 |      -35.1 |     -187.5 |   1769 | frontend/fq._T_2_3_data\[23\]$_DFFE_PP_/D
     470* |       0 |      62 |       38 |      0 |    30 |    +0.2% |   -0.290 |      -35.1 |     -188.2 |   1769 | frontend/fq._T_2_3_data\[23\]$_DFFE_PP_/D
     480* |       0 |      70 |       39 |      0 |    31 |    +0.2% |   -0.292 |      -35.1 |     -188.8 |   1769 | frontend/fq._T_2_3_data\[23\]$_DFFE_PP_/D
     490* |       0 |      76 |       44 |      0 |    31 |    +0.2% |   -0.292 |      -35.1 |     -187.5 |   1769 | frontend/fq._T_2_3_data\[23\]$_DFFE_PP_/D
     500* |       0 |      82 |       47 |      1 |    31 |    +0.3% |   -0.291 |      -35.1 |     -187.1 |   1769 | frontend/fq._T_2_3_data\[23\]$_DFFE_PP_/D
     510* |       1 |      89 |       48 |      2 |    31 |    +0.3% |   -0.302 |      -35.5 |     -190.6 |   1769 | frontend/fq._T_2_3_data\[23\]$_DFFE_PP_/D
     518* |       0 |      61 |       38 |      0 |    29 |    +0.2% |   -0.287 |      -35.1 |     -187.5 |   1769 | frontend/fq._T_2_3_data\[23\]$_DFFE_PP_/D
     520* |       0 |      62 |       38 |      0 |    29 |    +0.2% |   -0.287 |      -35.1 |     -187.5 |   1769 | frontend/fq._T_2_3_data\[23\]$_DFFE_PP_/D
     530* |       0 |      69 |       44 |      0 |    29 |    +0.2% |   -0.287 |      -35.1 |     -187.1 |   1769 | frontend/fq._T_2_3_data\[23\]$_DFFE_PP_/D
     540* |       0 |      79 |       44 |      0 |    29 |    +0.2% |   -0.291 |      -35.0 |     -187.9 |   1769 | frontend/fq._T_2_3_data\[23\]$_DFFE_PP_/D
     550* |       0 |      87 |       46 |      0 |    29 |    +0.2% |   -0.298 |      -35.2 |     -189.9 |   1769 | frontend/fq._T_2_3_data\[23\]$_DFFE_PP_/D
     560* |       0 |      94 |       48 |      1 |    29 |    +0.2% |   -0.298 |      -35.0 |     -190.3 |   1769 | frontend/fq._T_2_3_data\[23\]$_DFFE_PP_/D
     570* |       0 |     104 |       48 |      1 |    29 |    +0.3% |   -0.299 |      -34.4 |     -189.8 |   1769 | frontend/fq._T_2_3_data\[23\]$_DFFE_PP_/D
     572* |       0 |      64 |       38 |      0 |    29 |    +0.2% |   -0.287 |      -35.1 |     -187.5 |   1769 | frontend/fq._T_2_3_data\[23\]$_DFFE_PP_/D
     580* |       0 |      69 |       43 |      0 |    29 |    +0.2% |   -0.289 |      -35.1 |     -187.4 |   1769 | frontend/fq._T_2_3_data\[23\]$_DFFE_PP_/D
     590* |       0 |      74 |       47 |      1 |    30 |    +0.2% |   -0.291 |      -35.1 |     -188.1 |   1769 | frontend/fq._T_2_3_data\[23\]$_DFFE_PP_/D
     600* |       1 |      82 |       48 |      1 |    30 |    +0.2% |   -0.300 |      -35.4 |     -190.7 |   1769 | frontend/fq._T_2_3_data\[23\]$_DFFE_PP_/D
     610* |       1 |      90 |       50 |      1 |    30 |    +0.2% |   -0.300 |      -35.2 |     -190.8 |   1769 | frontend/fq._T_2_3_data\[23\]$_DFFE_PP_/D
     620* |       1 |      96 |       53 |      2 |    31 |    +0.3% |   -0.300 |      -35.3 |     -191.8 |   1769 | frontend/fq._T_2_3_data\[23\]$_DFFE_PP_/D
     623* |       0 |      64 |       38 |      0 |    29 |    +0.2% |   -0.287 |      -35.1 |     -187.5 |   1769 | frontend/fq._T_2_3_data\[23\]$_DFFE_PP_/D
     630* |       0 |      69 |       42 |      0 |    29 |    +0.2% |   -0.287 |      -34.9 |     -186.2 |   1769 | frontend/fq._T_2_3_data\[23\]$_DFFE_PP_/D
     640* |       0 |      75 |       46 |      0 |    29 |    +0.2% |   -0.289 |      -34.9 |     -186.4 |   1769 | frontend/fq._T_2_3_data\[23\]$_DFFE_PP_/D
     650* |       0 |      83 |       46 |      0 |    31 |    +0.2% |   -0.291 |      -35.0 |     -186.9 |   1769 | frontend/fq._T_2_3_data\[23\]$_DFFE_PP_/D
     660* |       1 |      91 |       47 |      0 |    31 |    +0.2% |   -0.300 |      -34.5 |     -188.3 |   1769 | frontend/fq._T_2_3_data\[23\]$_DFFE_PP_/D
     670* |       1 |     100 |       48 |      0 |    31 |    +0.2% |   -0.300 |      -34.4 |     -188.3 |   1769 | frontend/fq._T_2_3_data\[23\]$_DFFE_PP_/D
     680* |       1 |     109 |       51 |      0 |    31 |    +0.3% |   -0.300 |      -34.5 |     -188.3 |   1769 | frontend/fq._T_2_3_data\[23\]$_DFFE_PP_/D
     680* |       0 |      69 |       42 |      0 |    29 |    +0.2% |   -0.287 |      -34.9 |     -186.2 |   1769 | frontend/fq._T_2_3_data\[23\]$_DFFE_PP_/D
     690* |       0 |      78 |       42 |      0 |    29 |    +0.2% |   -0.290 |      -34.3 |     -181.8 |   1769 | frontend/fq._T_2_3_data\[23\]$_DFFE_PP_/D
     700* |       1 |      84 |       43 |      0 |    31 |    +0.2% |   -0.290 |      -34.3 |     -179.5 |   1769 | frontend/fq._T_2_3_data\[23\]$_DFFE_PP_/D
     710* |       1 |      89 |       47 |      1 |    32 |    +0.2% |   -0.290 |      -34.1 |     -181.1 |   1769 | frontend/fq._T_2_3_data\[23\]$_DFFE_PP_/D
     720* |       1 |      93 |       57 |      1 |    33 |    +0.3% |   -0.290 |      -34.1 |     -187.9 |   1769 | frontend/fq._T_2_3_data\[23\]$_DFFE_PP_/D
     730* |       1 |      98 |       63 |      1 |    33 |    +0.3% |   -0.290 |      -34.0 |     -192.5 |   1769 | frontend/fq._T_2_3_data\[23\]$_DFFE_PP_/D
     735* |       0 |      73 |       42 |      0 |    29 |    +0.2% |   -0.287 |      -34.3 |     -183.2 |   1769 | frontend/fq._T_2_3_data\[23\]$_DFFE_PP_/D
     740* |       0 |      77 |       42 |      0 |    29 |    +0.2% |   -0.290 |      -34.3 |     -182.0 |   1769 | frontend/fq._T_2_3_data\[23\]$_DFFE_PP_/D
     750* |       1 |      82 |       46 |      0 |    29 |    +0.2% |   -0.287 |      -34.1 |     -183.0 |   1769 | frontend/fq._T_2_3_data\[23\]$_DFFE_PP_/D
     760* |       2 |      88 |       52 |      0 |    30 |    +0.2% |   -0.288 |      -34.2 |     -181.8 |   1769 | frontend/fq._T_2_3_data\[23\]$_DFFE_PP_/D
     770* |       2 |      95 |       53 |      0 |    32 |    +0.2% |   -0.288 |      -34.2 |     -180.8 |   1769 | frontend/fq._T_2_3_data\[23\]$_DFFE_PP_/D
     780* |       2 |      99 |       61 |      1 |    33 |    +0.3% |   -0.287 |      -34.2 |     -187.9 |   1769 | frontend/fq._T_2_3_data\[23\]$_DFFE_PP_/D
     790* |       2 |     107 |       62 |      1 |    34 |    +0.3% |   -0.287 |      -34.2 |     -185.9 |   1769 | frontend/fq._T_2_3_data\[23\]$_DFFE_PP_/D
     800* |       5 |     110 |       66 |      1 |    34 |    +0.3% |   -0.287 |      -34.2 |     -187.7 |   1769 | frontend/fq._T_2_3_data\[23\]$_DFFE_PP_/D
     810* |      10 |     110 |       71 |      1 |    34 |    +0.3% |   -0.287 |      -34.2 |     -187.7 |   1769 | frontend/fq._T_2_3_data\[23\]$_DFFE_PP_/D
     820* |      15 |     110 |       76 |      1 |    34 |    +0.3% |   -0.287 |      -34.2 |     -187.7 |   1769 | frontend/fq._T_2_3_data\[23\]$_DFFE_PP_/D
     823* |       2 |      96 |       54 |      0 |    33 |    +0.3% |   -0.287 |      -34.2 |     -181.0 |   1769 | frontend/fq._T_2_3_data\[23\]$_DFFE_PP_/D
     830* |       2 |      98 |       61 |      1 |    33 |    +0.3% |   -0.287 |      -34.2 |     -189.2 |   1769 | frontend/fq._T_2_3_data\[23\]$_DFFE_PP_/D
     840* |       2 |     105 |       62 |      1 |    35 |    +0.3% |   -0.287 |      -34.2 |     -187.9 |   1769 | frontend/fq._T_2_3_data\[23\]$_DFFE_PP_/D
     850* |       2 |     110 |       65 |      1 |    37 |    +0.3% |   -0.289 |      -34.2 |     -188.5 |   1769 | frontend/fq._T_2_3_data\[23\]$_DFFE_PP_/D
     860* |       2 |     116 |       73 |      1 |    37 |    +0.3% |   -0.289 |      -34.2 |     -191.7 |   1769 | frontend/fq._T_2_3_data\[23\]$_DFFE_PP_/D
     870* |       2 |     122 |       75 |      3 |    37 |    +0.4% |   -0.289 |      -34.2 |     -191.2 |   1769 | frontend/fq._T_2_3_data\[23\]$_DFFE_PP_/D
     871* |       2 |      96 |       54 |      0 |    33 |    +0.3% |   -0.287 |      -34.2 |     -181.0 |   1769 | frontend/fq._T_2_3_data\[23\]$_DFFE_PP_/D
     880* |       2 |     100 |       61 |      1 |    33 |    +0.3% |   -0.287 |      -34.2 |     -187.4 |   1769 | frontend/fq._T_2_3_data\[23\]$_DFFE_PP_/D
     890* |       2 |     108 |       63 |      1 |    33 |    +0.3% |   -0.287 |      -34.2 |     -187.5 |   1769 | frontend/fq._T_2_3_data\[23\]$_DFFE_PP_/D
     900* |       5 |     111 |       67 |      1 |    33 |    +0.3% |   -0.287 |      -34.2 |     -188.6 |   1769 | frontend/fq._T_2_3_data\[23\]$_DFFE_PP_/D
     910* |      10 |     111 |       72 |      1 |    33 |    +0.3% |   -0.287 |      -34.2 |     -188.6 |   1769 | frontend/fq._T_2_3_data\[23\]$_DFFE_PP_/D
     920* |      15 |     111 |       77 |      1 |    33 |    +0.3% |   -0.287 |      -34.2 |     -188.6 |   1769 | frontend/fq._T_2_3_data\[23\]$_DFFE_PP_/D
     922* |       2 |      96 |       54 |      0 |    33 |    +0.3% |   -0.287 |      -34.2 |     -181.0 |   1769 | frontend/fq._T_2_3_data\[23\]$_DFFE_PP_/D
     930* |       2 |      99 |       61 |      1 |    33 |    +0.3% |   -0.287 |      -34.2 |     -187.9 |   1769 | frontend/fq._T_2_3_data\[23\]$_DFFE_PP_/D
     940* |       2 |     107 |       63 |      1 |    33 |    +0.3% |   -0.287 |      -34.2 |     -187.4 |   1769 | frontend/fq._T_2_3_data\[23\]$_DFFE_PP_/D
     950* |       5 |     111 |       66 |      1 |    33 |    +0.3% |   -0.313 |      -34.4 |     -203.2 |   1769 | frontend/fq._T_2_3_data\[23\]$_DFFE_PP_/D
     960* |      10 |     111 |       71 |      1 |    33 |    +0.3% |   -0.313 |      -34.4 |     -203.2 |   1769 | frontend/fq._T_2_3_data\[23\]$_DFFE_PP_/D
     970* |      15 |     111 |       76 |      1 |    33 |    +0.3% |   -0.313 |      -34.4 |     -203.2 |   1769 | frontend/fq._T_2_3_data\[23\]$_DFFE_PP_/D
     973* |       2 |      96 |       54 |      0 |    33 |    +0.3% |   -0.287 |      -34.2 |     -181.0 |   1769 | frontend/fq._T_2_3_data\[23\]$_DFFE_PP_/D
     980* |       2 |      98 |       61 |      1 |    33 |    +0.3% |   -0.287 |      -34.2 |     -189.2 |   1769 | frontend/fq._T_2_3_data\[23\]$_DFFE_PP_/D
     990* |       2 |     107 |       62 |      1 |    33 |    +0.3% |   -0.287 |      -34.2 |     -187.4 |   1769 | frontend/fq._T_2_3_data\[23\]$_DFFE_PP_/D
    1000* |       4 |     111 |       66 |      1 |    33 |    +0.3% |   -0.287 |      -34.2 |     -188.6 |   1769 | frontend/fq._T_2_3_data\[23\]$_DFFE_PP_/D
    1010* |       9 |     111 |       71 |      1 |    33 |    +0.3% |   -0.287 |      -34.2 |     -188.6 |   1769 | frontend/fq._T_2_3_data\[23\]$_DFFE_PP_/D
    1020* |      14 |     111 |       76 |      1 |    33 |    +0.3% |   -0.287 |      -34.2 |     -188.6 |   1769 | frontend/fq._T_2_3_data\[23\]$_DFFE_PP_/D
    1024* |       2 |      96 |       54 |      0 |    33 |    +0.3% |   -0.287 |      -34.2 |     -181.0 |   1769 | frontend/fq._T_2_3_data\[23\]$_DFFE_PP_/D
    1030* |       2 |      99 |       59 |      0 |    33 |    +0.3% |   -0.287 |      -33.5 |     -178.9 |   1769 | frontend/fq._T_2_3_data\[23\]$_DFFE_PP_/D
    1040* |       2 |     109 |       59 |      0 |    33 |    +0.3% |   -0.290 |      -33.5 |     -179.7 |   1769 | frontend/fq._T_2_3_data\[23\]$_DFFE_PP_/D
    1050* |       2 |     115 |       61 |      1 |    34 |    +0.3% |   -0.290 |      -33.5 |     -180.2 |   1769 | frontend/fq._T_2_3_data\[23\]$_DFFE_PP_/D
    1060* |       2 |     124 |       62 |      1 |    34 |    +0.3% |   -0.290 |      -33.5 |     -179.9 |   1769 | frontend/fq._T_2_3_data\[23\]$_DFFE_PP_/D
    1070* |       2 |     131 |       67 |      1 |    35 |    +0.3% |   -0.291 |      -33.6 |     -180.3 |   1769 | frontend/fq._T_2_3_data\[23\]$_DFFE_PP_/D
    1080* |       2 |     138 |       70 |      1 |    35 |    +0.4% |   -0.291 |      -33.5 |     -179.4 |   1769 | frontend/fq._T_2_3_data\[23\]$_DFFE_PP_/D
    1082* |       2 |     101 |       59 |      0 |    33 |    +0.3% |   -0.287 |      -33.5 |     -178.9 |   1769 | frontend/fq._T_2_3_data\[23\]$_DFFE_PP_/D
    1090* |       2 |     106 |       62 |      0 |    33 |    +0.3% |   -0.288 |      -33.5 |     -177.4 |   1769 | frontend/fq._T_2_3_data\[23\]$_DFFE_PP_/D
    1100* |       2 |     113 |       64 |      1 |    33 |    +0.3% |   -0.290 |      -33.5 |     -178.1 |   1769 | frontend/fq._T_2_3_data\[23\]$_DFFE_PP_/D
    1110* |       2 |     120 |       67 |      1 |    33 |    +0.3% |   -0.290 |      -33.5 |     -178.3 |   1769 | frontend/fq._T_2_3_data\[23\]$_DFFE_PP_/D
    1120* |       2 |     126 |       71 |      1 |    34 |    +0.4% |   -0.291 |      -33.6 |     -178.6 |   1769 | frontend/fq._T_2_3_data\[23\]$_DFFE_PP_/D
    1130* |       2 |     134 |       73 |      1 |    34 |    +0.4% |   -0.291 |      -33.6 |     -179.5 |   1769 | frontend/fq._T_2_3_data\[23\]$_DFFE_PP_/D
    1134* |       2 |     102 |       59 |      0 |    33 |    +0.3% |   -0.287 |      -33.5 |     -177.4 |   1769 | frontend/fq._T_2_3_data\[23\]$_DFFE_PP_/D
    1140* |       2 |     104 |       62 |      1 |    33 |    +0.3% |   -0.287 |      -33.4 |     -181.2 |   1769 | frontend/fq._T_2_3_data\[23\]$_DFFE_PP_/D
    1150* |       2 |     113 |       66 |      1 |    33 |    +0.3% |   -0.287 |      -33.4 |     -183.7 |   1769 | frontend/fq._T_2_3_data\[23\]$_DFFE_PP_/D
    1160* |       4 |     117 |       70 |      1 |    33 |    +0.3% |   -0.313 |      -33.6 |     -199.7 |   1769 | frontend/fq._T_2_3_data\[23\]$_DFFE_PP_/D
    1170* |       9 |     117 |       75 |      1 |    33 |    +0.3% |   -0.313 |      -33.6 |     -199.7 |   1769 | frontend/fq._T_2_3_data\[23\]$_DFFE_PP_/D
    1180* |      14 |     117 |       80 |      1 |    33 |    +0.3% |   -0.313 |      -33.6 |     -199.7 |   1769 | frontend/fq._T_2_3_data\[23\]$_DFFE_PP_/D
    1185* |       2 |     102 |       59 |      0 |    33 |    +0.3% |   -0.287 |      -33.5 |     -177.4 |   1769 | frontend/fq._T_2_3_data\[23\]$_DFFE_PP_/D
    1190* |       2 |     103 |       62 |      1 |    33 |    +0.3% |   -0.287 |      -33.4 |     -181.6 |   1769 | frontend/fq._T_2_3_data\[23\]$_DFFE_PP_/D
    1200* |       2 |     111 |       67 |      1 |    33 |    +0.3% |   -0.287 |      -33.4 |     -183.9 |   1769 | frontend/fq._T_2_3_data\[23\]$_DFFE_PP_/D
    1200* |       2 |     102 |       59 |      0 |    33 |    +0.3% |   -0.287 |      -33.5 |     -177.4 |   1769 | frontend/fq._T_2_3_data\[23\]$_DFFE_PP_/D
    1210* |       2 |     107 |       66 |      1 |    33 |    +0.3% |   -0.287 |      -33.4 |     -183.7 |   1769 | frontend/fq._T_2_3_data\[23\]$_DFFE_PP_/D
    1220* |       2 |     115 |       68 |      1 |    33 |    +0.3% |   -0.287 |      -33.4 |     -184.0 |   1769 | frontend/fq._T_2_3_data\[23\]$_DFFE_PP_/D
    1230* |       6 |     117 |       72 |      1 |    33 |    +0.3% |   -0.313 |      -33.6 |     -199.7 |   1769 | frontend/fq._T_2_3_data\[23\]$_DFFE_PP_/D
    1240* |      11 |     117 |       77 |      1 |    33 |    +0.3% |   -0.313 |      -33.6 |     -199.7 |   1769 | frontend/fq._T_2_3_data\[23\]$_DFFE_PP_/D
    1250* |      16 |     117 |       82 |      1 |    33 |    +0.3% |   -0.313 |      -33.6 |     -199.7 |   1769 | frontend/fq._T_2_3_data\[23\]$_DFFE_PP_/D
    1251* |       2 |     102 |       59 |      0 |    33 |    +0.3% |   -0.287 |      -33.5 |     -177.4 |   1769 | frontend/fq._T_2_3_data\[23\]$_DFFE_PP_/D
    1260* |       2 |     106 |       66 |      1 |    33 |    +0.3% |   -0.287 |      -33.4 |     -183.9 |   1769 | frontend/fq._T_2_3_data\[23\]$_DFFE_PP_/D
    1270* |       2 |     114 |       68 |      1 |    33 |    +0.3% |   -0.287 |      -33.4 |     -184.0 |   1769 | frontend/fq._T_2_3_data\[23\]$_DFFE_PP_/D
    1280* |       5 |     118 |       71 |      1 |    33 |    +0.3% |   -0.309 |      -33.5 |     -197.5 |   1769 | frontend/fq._T_2_3_data\[23\]$_DFFE_PP_/D
    1290* |      10 |     118 |       76 |      1 |    33 |    +0.3% |   -0.309 |      -33.5 |     -197.5 |   1769 | frontend/fq._T_2_3_data\[23\]$_DFFE_PP_/D
    1300* |      15 |     118 |       81 |      1 |    33 |    +0.3% |   -0.309 |      -33.5 |     -197.5 |   1769 | frontend/fq._T_2_3_data\[23\]$_DFFE_PP_/D
    1300* |       2 |     102 |       59 |      0 |    33 |    +0.3% |   -0.287 |      -33.5 |     -177.4 |   1769 | frontend/fq._T_2_3_data\[23\]$_DFFE_PP_/D
    1300* |       2 |     102 |       59 |      0 |    33 |    +0.3% |   -0.287 |      -33.5 |     -177.4 |   1769 | frontend/fq._T_2_3_data\[23\]$_DFFE_PP_/D
    1300+ |       2 |     102 |       59 |      0 |    33 |    +0.3% |   -0.287 |      -33.5 |     -177.4 |   1473 | frontend/fq._T_2_3_data\[23\]$_DFFE_PP_/D
    1301+ |       2 |     102 |       59 |      0 |    33 |    +0.3% |   -0.287 |      -33.5 |     -177.4 |   1473 | frontend/fq._T_2_3_data\[23\]$_DFFE_PP_/D
    1307+ |       2 |     105 |       59 |      0 |    35 |    +0.3% |   -0.287 |      -32.8 |     -177.2 |   1473 | frontend/fq._T_2_3_data\[23\]$_DFFE_PP_/D
    1308+ |       2 |     105 |       59 |      0 |    35 |    +0.3% |   -0.287 |      -32.8 |     -177.2 |   1473 | frontend/fq._T_2_3_data\[23\]$_DFFE_PP_/D
    1309+ |       2 |     105 |       59 |      0 |    35 |    +0.3% |   -0.287 |      -32.8 |     -177.2 |   1473 | frontend/fq._T_2_3_data\[23\]$_DFFE_PP_/D
    1310+ |       2 |     105 |       59 |      0 |    35 |    +0.3% |   -0.287 |      -32.8 |     -177.2 |   1473 | frontend/fq._T_2_3_data\[23\]$_DFFE_PP_/D
    1310+ |       2 |     105 |       59 |      0 |    35 |    +0.3% |   -0.287 |      -32.8 |     -177.2 |   1473 | frontend/fq._T_2_3_data\[23\]$_DFFE_PP_/D
    1311+ |       2 |     105 |       59 |      0 |    35 |    +0.3% |   -0.287 |      -32.8 |     -177.2 |   1473 | frontend/fq._T_2_3_data\[23\]$_DFFE_PP_/D
    1312+ |       2 |     105 |       59 |      0 |    35 |    +0.3% |   -0.287 |      -32.8 |     -177.2 |   1473 | frontend/fq._T_2_3_data\[23\]$_DFFE_PP_/D
    1313+ |       2 |     105 |       59 |      0 |    35 |    +0.3% |   -0.287 |      -32.8 |     -177.2 |   1473 | frontend/fq._T_2_3_data\[23\]$_DFFE_PP_/D
    1314+ |       2 |     105 |       59 |      0 |    35 |    +0.3% |   -0.287 |      -32.8 |     -177.2 |   1473 | frontend/fq._T_2_3_data\[23\]$_DFFE_PP_/D
    1315+ |       2 |     105 |       59 |      0 |    35 |    +0.3% |   -0.287 |      -32.8 |     -177.2 |   1473 | frontend/fq._T_2_3_data\[23\]$_DFFE_PP_/D
    1316+ |       2 |     105 |       59 |      0 |    35 |    +0.3% |   -0.287 |      -32.8 |     -177.2 |   1473 | frontend/fq._T_2_3_data\[23\]$_DFFE_PP_/D
    1317+ |       2 |     105 |       59 |      0 |    35 |    +0.3% |   -0.287 |      -32.8 |     -177.2 |   1473 | frontend/fq._T_2_3_data\[23\]$_DFFE_PP_/D
    1318+ |       2 |     105 |       59 |      0 |    35 |    +0.3% |   -0.287 |      -32.8 |     -177.2 |   1473 | frontend/fq._T_2_3_data\[23\]$_DFFE_PP_/D
    1320+ |       2 |     106 |       59 |      0 |    35 |    +0.3% |   -0.287 |      -32.8 |     -177.2 |   1473 | frontend/fq._T_2_3_data\[23\]$_DFFE_PP_/D
    1320+ |       2 |     106 |       59 |      0 |    35 |    +0.3% |   -0.287 |      -32.8 |     -177.2 |   1473 | frontend/fq._T_2_3_data\[23\]$_DFFE_PP_/D
    1321+ |       2 |     106 |       59 |      0 |    35 |    +0.3% |   -0.287 |      -32.8 |     -177.2 |   1473 | frontend/fq._T_2_3_data\[23\]$_DFFE_PP_/D
    1322+ |       2 |     106 |       59 |      0 |    35 |    +0.3% |   -0.287 |      -32.8 |     -177.2 |   1473 | frontend/fq._T_2_3_data\[23\]$_DFFE_PP_/D
    1323+ |       2 |     106 |       59 |      0 |    35 |    +0.3% |   -0.287 |      -32.8 |     -177.2 |   1473 | frontend/fq._T_2_3_data\[23\]$_DFFE_PP_/D
    1324+ |       2 |     106 |       59 |      0 |    35 |    +0.3% |   -0.287 |      -32.8 |     -177.2 |   1473 | frontend/fq._T_2_3_data\[23\]$_DFFE_PP_/D
    1325+ |       2 |     106 |       59 |      0 |    35 |    +0.3% |   -0.287 |      -32.8 |     -177.2 |   1473 | frontend/fq._T_2_3_data\[23\]$_DFFE_PP_/D
    1326+ |       2 |     106 |       59 |      0 |    35 |    +0.3% |   -0.287 |      -32.8 |     -177.2 |   1473 | frontend/fq._T_2_3_data\[23\]$_DFFE_PP_/D
    1327+ |       2 |     106 |       59 |      0 |    35 |    +0.3% |   -0.287 |      -32.8 |     -177.2 |   1473 | frontend/fq._T_2_3_data\[23\]$_DFFE_PP_/D
    1328+ |       2 |     106 |       59 |      0 |    35 |    +0.3% |   -0.287 |      -32.8 |     -177.2 |   1473 | frontend/fq._T_2_3_data\[23\]$_DFFE_PP_/D
    1329+ |       2 |     106 |       59 |      0 |    35 |    +0.3% |   -0.287 |      -32.8 |     -177.2 |   1473 | frontend/fq._T_2_3_data\[23\]$_DFFE_PP_/D
    1330+ |       2 |     106 |       59 |      0 |    35 |    +0.3% |   -0.287 |      -32.8 |     -177.2 |   1473 | frontend/fq._T_2_3_data\[23\]$_DFFE_PP_/D
    1330+ |       2 |     106 |       59 |      0 |    35 |    +0.3% |   -0.287 |      -32.8 |     -177.2 |   1473 | frontend/fq._T_2_3_data\[23\]$_DFFE_PP_/D
    1331+ |       2 |     106 |       59 |      0 |    35 |    +0.3% |   -0.287 |      -32.8 |     -177.2 |   1473 | frontend/fq._T_2_3_data\[23\]$_DFFE_PP_/D
    1332+ |       2 |     106 |       59 |      0 |    35 |    +0.3% |   -0.287 |      -32.8 |     -177.2 |   1473 | frontend/fq._T_2_3_data\[23\]$_DFFE_PP_/D
    1333+ |       2 |     106 |       59 |      0 |    35 |    +0.3% |   -0.287 |      -32.8 |     -177.2 |   1473 | frontend/fq._T_2_3_data\[23\]$_DFFE_PP_/D
    1334+ |       2 |     106 |       59 |      0 |    35 |    +0.3% |   -0.287 |      -32.8 |     -177.2 |   1473 | frontend/fq._T_2_3_data\[23\]$_DFFE_PP_/D
    1335+ |       2 |     106 |       59 |      0 |    35 |    +0.3% |   -0.287 |      -32.8 |     -177.2 |   1473 | frontend/fq._T_2_3_data\[23\]$_DFFE_PP_/D
    1336+ |       2 |     106 |       59 |      0 |    35 |    +0.3% |   -0.287 |      -32.8 |     -177.2 |   1473 | frontend/fq._T_2_3_data\[23\]$_DFFE_PP_/D
    1337+ |       2 |     106 |       59 |      0 |    35 |    +0.3% |   -0.287 |      -32.8 |     -177.2 |   1473 | frontend/fq._T_2_3_data\[23\]$_DFFE_PP_/D
    1338+ |       2 |     106 |       59 |      0 |    35 |    +0.3% |   -0.287 |      -32.8 |     -177.2 |   1473 | frontend/fq._T_2_3_data\[23\]$_DFFE_PP_/D
    1339+ |       2 |     106 |       59 |      0 |    35 |    +0.3% |   -0.287 |      -32.8 |     -177.2 |   1473 | frontend/fq._T_2_3_data\[23\]$_DFFE_PP_/D
    1340+ |       2 |     106 |       59 |      0 |    35 |    +0.3% |   -0.287 |      -32.8 |     -177.2 |   1473 | frontend/fq._T_2_3_data\[23\]$_DFFE_PP_/D
    1340+ |       2 |     106 |       59 |      0 |    35 |    +0.3% |   -0.287 |      -32.8 |     -177.2 |   1473 | frontend/fq._T_2_3_data\[23\]$_DFFE_PP_/D
    1341+ |       2 |     106 |       59 |      0 |    35 |    +0.3% |   -0.287 |      -32.8 |     -177.2 |   1473 | frontend/fq._T_2_3_data\[23\]$_DFFE_PP_/D
    1342+ |       2 |     106 |       59 |      0 |    35 |    +0.3% |   -0.287 |      -32.8 |     -177.2 |   1473 | frontend/fq._T_2_3_data\[23\]$_DFFE_PP_/D
    1343+ |       2 |     106 |       59 |      0 |    35 |    +0.3% |   -0.287 |      -32.8 |     -177.2 |   1473 | frontend/fq._T_2_3_data\[23\]$_DFFE_PP_/D
    1344+ |       2 |     106 |       59 |      0 |    35 |    +0.3% |   -0.287 |      -32.8 |     -177.2 |   1473 | frontend/fq._T_2_3_data\[23\]$_DFFE_PP_/D
    1345+ |       2 |     106 |       59 |      0 |    35 |    +0.3% |   -0.287 |      -32.8 |     -177.2 |   1473 | frontend/fq._T_2_3_data\[23\]$_DFFE_PP_/D
    1346+ |       2 |     106 |       59 |      0 |    35 |    +0.3% |   -0.287 |      -32.8 |     -177.2 |   1473 | frontend/fq._T_2_3_data\[23\]$_DFFE_PP_/D
    1347+ |       2 |     106 |       59 |      0 |    35 |    +0.3% |   -0.287 |      -32.8 |     -177.2 |   1473 | frontend/fq._T_2_3_data\[23\]$_DFFE_PP_/D
    1348+ |       2 |     106 |       59 |      0 |    35 |    +0.3% |   -0.287 |      -32.8 |     -177.2 |   1473 | frontend/fq._T_2_3_data\[23\]$_DFFE_PP_/D
    1349+ |       2 |     106 |       59 |      0 |    35 |    +0.3% |   -0.287 |      -32.8 |     -177.2 |   1473 | frontend/fq._T_2_3_data\[23\]$_DFFE_PP_/D
    1350+ |       2 |     106 |       59 |      0 |    35 |    +0.3% |   -0.287 |      -32.8 |     -177.2 |   1473 | frontend/fq._T_2_3_data\[23\]$_DFFE_PP_/D
    1350+ |       2 |     106 |       59 |      0 |    35 |    +0.3% |   -0.287 |      -32.8 |     -177.2 |   1473 | frontend/fq._T_2_3_data\[23\]$_DFFE_PP_/D
    1351+ |       2 |     106 |       59 |      0 |    35 |    +0.3% |   -0.287 |      -32.8 |     -177.2 |   1473 | frontend/fq._T_2_3_data\[23\]$_DFFE_PP_/D
    1352+ |       2 |     106 |       59 |      0 |    35 |    +0.3% |   -0.287 |      -32.8 |     -177.2 |   1473 | frontend/fq._T_2_3_data\[23\]$_DFFE_PP_/D
    1353+ |       2 |     106 |       59 |      0 |    35 |    +0.3% |   -0.287 |      -32.8 |     -177.2 |   1473 | frontend/fq._T_2_3_data\[23\]$_DFFE_PP_/D
    1354+ |       2 |     106 |       59 |      0 |    35 |    +0.3% |   -0.287 |      -32.8 |     -177.2 |   1473 | frontend/fq._T_2_3_data\[23\]$_DFFE_PP_/D
    1355+ |       2 |     106 |       59 |      0 |    35 |    +0.3% |   -0.287 |      -32.8 |     -177.2 |   1473 | frontend/fq._T_2_3_data\[23\]$_DFFE_PP_/D
    1356+ |       2 |     106 |       59 |      0 |    35 |    +0.3% |   -0.287 |      -32.8 |     -177.2 |   1473 | frontend/fq._T_2_3_data\[23\]$_DFFE_PP_/D
    1357+ |       2 |     106 |       59 |      0 |    35 |    +0.3% |   -0.287 |      -32.8 |     -177.2 |   1473 | frontend/fq._T_2_3_data\[23\]$_DFFE_PP_/D
    1358+ |       2 |     106 |       59 |      0 |    35 |    +0.3% |   -0.287 |      -32.8 |     -177.2 |   1473 | frontend/fq._T_2_3_data\[23\]$_DFFE_PP_/D
    1359+ |       2 |     106 |       59 |      0 |    35 |    +0.3% |   -0.287 |      -32.8 |     -177.2 |   1473 | frontend/fq._T_2_3_data\[23\]$_DFFE_PP_/D
    1360+ |       2 |     106 |       59 |      0 |    35 |    +0.3% |   -0.287 |      -32.8 |     -177.2 |   1473 | frontend/fq._T_2_3_data\[23\]$_DFFE_PP_/D
    1363+ |       2 |     107 |       59 |      0 |    37 |    +0.3% |   -0.287 |      -32.7 |     -177.0 |   1473 | frontend/fq._T_2_3_data\[23\]$_DFFE_PP_/D
    1364+ |       2 |     107 |       59 |      0 |    37 |    +0.3% |   -0.287 |      -32.7 |     -177.0 |   1473 | frontend/fq._T_2_3_data\[23\]$_DFFE_PP_/D
    1365+ |       2 |     107 |       59 |      0 |    37 |    +0.3% |   -0.287 |      -32.7 |     -177.0 |   1473 | frontend/fq._T_2_3_data\[23\]$_DFFE_PP_/D
    1366+ |       2 |     107 |       59 |      0 |    37 |    +0.3% |   -0.287 |      -32.7 |     -177.0 |   1473 | frontend/fq._T_2_3_data\[23\]$_DFFE_PP_/D
    1367+ |       2 |     107 |       59 |      0 |    37 |    +0.3% |   -0.287 |      -32.7 |     -177.0 |   1473 | frontend/fq._T_2_3_data\[23\]$_DFFE_PP_/D
    1368+ |       2 |     107 |       59 |      0 |    37 |    +0.3% |   -0.287 |      -32.7 |     -177.0 |   1473 | frontend/fq._T_2_3_data\[23\]$_DFFE_PP_/D
    1369+ |       2 |     107 |       59 |      0 |    37 |    +0.3% |   -0.287 |      -32.7 |     -177.0 |   1473 | frontend/fq._T_2_3_data\[23\]$_DFFE_PP_/D
    1370+ |       2 |     107 |       59 |      0 |    37 |    +0.3% |   -0.287 |      -32.7 |     -177.0 |   1473 | frontend/fq._T_2_3_data\[23\]$_DFFE_PP_/D
    1370+ |       2 |     107 |       59 |      0 |    37 |    +0.3% |   -0.287 |      -32.7 |     -177.0 |   1473 | frontend/fq._T_2_3_data\[23\]$_DFFE_PP_/D
    1371+ |       2 |     107 |       59 |      0 |    37 |    +0.3% |   -0.287 |      -32.7 |     -177.0 |   1473 | frontend/fq._T_2_3_data\[23\]$_DFFE_PP_/D
    1372+ |       2 |     107 |       59 |      0 |    37 |    +0.3% |   -0.287 |      -32.7 |     -177.0 |   1473 | frontend/fq._T_2_3_data\[23\]$_DFFE_PP_/D
    1373+ |       2 |     107 |       59 |      0 |    37 |    +0.3% |   -0.287 |      -32.7 |     -177.0 |   1473 | frontend/fq._T_2_3_data\[23\]$_DFFE_PP_/D
    1374+ |       2 |     107 |       59 |      0 |    37 |    +0.3% |   -0.287 |      -32.7 |     -177.0 |   1473 | frontend/fq._T_2_3_data\[23\]$_DFFE_PP_/D
    1375+ |       2 |     107 |       59 |      0 |    37 |    +0.3% |   -0.287 |      -32.7 |     -177.0 |   1473 | frontend/fq._T_2_3_data\[23\]$_DFFE_PP_/D
    1376+ |       2 |     107 |       59 |      0 |    37 |    +0.3% |   -0.287 |      -32.7 |     -177.0 |   1473 | frontend/fq._T_2_3_data\[23\]$_DFFE_PP_/D
    1380+ |       2 |     110 |       59 |      0 |    37 |    +0.3% |   -0.287 |      -32.2 |     -174.8 |   1473 | frontend/fq._T_2_3_data\[23\]$_DFFE_PP_/D
    1381+ |       2 |     111 |       59 |      0 |    37 |    +0.3% |   -0.287 |      -32.2 |     -174.7 |   1473 | frontend/fq._T_2_3_data\[23\]$_DFFE_PP_/D
    1385+ |       2 |     114 |       59 |      0 |    37 |    +0.3% |   -0.287 |      -32.2 |     -174.3 |   1473 | frontend/fq._T_2_3_data\[23\]$_DFFE_PP_/D
    1386+ |       2 |     114 |       59 |      0 |    37 |    +0.3% |   -0.287 |      -32.2 |     -174.3 |   1473 | frontend/fq._T_2_3_data\[23\]$_DFFE_PP_/D
    1388+ |       2 |     115 |       59 |      0 |    37 |    +0.3% |   -0.287 |      -32.2 |     -174.3 |   1473 | frontend/fq._T_2_3_data\[23\]$_DFFE_PP_/D
    1389+ |       2 |     115 |       59 |      0 |    37 |    +0.3% |   -0.287 |      -32.2 |     -174.3 |   1473 | frontend/fq._T_2_3_data\[23\]$_DFFE_PP_/D
    1390+ |       2 |     115 |       59 |      0 |    37 |    +0.3% |   -0.287 |      -32.2 |     -174.3 |   1473 | frontend/fq._T_2_3_data\[23\]$_DFFE_PP_/D
    1399+ |       2 |     124 |       59 |      0 |    38 |    +0.3% |   -0.287 |      -30.3 |     -155.4 |   1473 | frontend/fq._T_2_3_data\[23\]$_DFFE_PP_/D
    1400+ |       2 |     124 |       59 |      0 |    38 |    +0.3% |   -0.287 |      -30.3 |     -155.4 |   1473 | frontend/fq._T_2_3_data\[23\]$_DFFE_PP_/D
    1406+ |       2 |     128 |       59 |      0 |    39 |    +0.3% |   -0.285 |      -30.2 |     -155.2 |   1473 | frontend/fq._T_2_3_data\[23\]$_DFFE_PP_/D
    1407+ |       2 |     128 |       59 |      0 |    39 |    +0.3% |   -0.285 |      -30.2 |     -155.2 |   1473 | frontend/fq._T_2_3_data\[23\]$_DFFE_PP_/D
    1408+ |       2 |     128 |       59 |      0 |    39 |    +0.3% |   -0.285 |      -30.2 |     -155.2 |   1473 | frontend/fq._T_2_3_data\[23\]$_DFFE_PP_/D
    1409+ |       2 |     128 |       59 |      0 |    39 |    +0.3% |   -0.285 |      -30.2 |     -155.2 |   1473 | frontend/fq._T_2_3_data\[23\]$_DFFE_PP_/D
    1410+ |       2 |     128 |       59 |      0 |    39 |    +0.3% |   -0.285 |      -30.2 |     -155.2 |   1473 | frontend/fq._T_2_3_data\[23\]$_DFFE_PP_/D
    1410+ |       2 |     128 |       59 |      0 |    39 |    +0.3% |   -0.285 |      -30.2 |     -155.2 |   1473 | frontend/fq._T_2_3_data\[23\]$_DFFE_PP_/D
    1411+ |       2 |     128 |       59 |      0 |    39 |    +0.3% |   -0.285 |      -30.2 |     -155.2 |   1473 | frontend/fq._T_2_3_data\[23\]$_DFFE_PP_/D
    1412+ |       2 |     128 |       59 |      0 |    39 |    +0.3% |   -0.285 |      -30.2 |     -155.2 |   1473 | frontend/fq._T_2_3_data\[23\]$_DFFE_PP_/D
    1413+ |       2 |     128 |       59 |      0 |    39 |    +0.3% |   -0.285 |      -30.2 |     -155.2 |   1473 | frontend/fq._T_2_3_data\[23\]$_DFFE_PP_/D
    1414+ |       2 |     128 |       59 |      0 |    39 |    +0.3% |   -0.285 |      -30.2 |     -155.2 |   1473 | frontend/fq._T_2_3_data\[23\]$_DFFE_PP_/D
    1415+ |       2 |     128 |       59 |      0 |    39 |    +0.3% |   -0.285 |      -30.2 |     -155.2 |   1473 | frontend/fq._T_2_3_data\[23\]$_DFFE_PP_/D
    1416+ |       2 |     128 |       59 |      0 |    39 |    +0.3% |   -0.285 |      -30.2 |     -155.2 |   1473 | frontend/fq._T_2_3_data\[23\]$_DFFE_PP_/D
    1417+ |       2 |     128 |       59 |      0 |    39 |    +0.3% |   -0.285 |      -30.2 |     -155.2 |   1473 | frontend/fq._T_2_3_data\[23\]$_DFFE_PP_/D
    1418+ |       2 |     128 |       59 |      0 |    39 |    +0.3% |   -0.285 |      -30.2 |     -155.2 |   1473 | frontend/fq._T_2_3_data\[23\]$_DFFE_PP_/D
    1419+ |       2 |     128 |       59 |      0 |    39 |    +0.3% |   -0.285 |      -30.2 |     -155.2 |   1473 | frontend/fq._T_2_3_data\[23\]$_DFFE_PP_/D
    1420+ |       2 |     128 |       59 |      0 |    39 |    +0.3% |   -0.285 |      -30.2 |     -155.2 |   1473 | frontend/fq._T_2_3_data\[23\]$_DFFE_PP_/D
    1420+ |       2 |     128 |       59 |      0 |    39 |    +0.3% |   -0.285 |      -30.2 |     -155.2 |   1473 | frontend/fq._T_2_3_data\[23\]$_DFFE_PP_/D
    1421+ |       2 |     128 |       59 |      0 |    39 |    +0.3% |   -0.285 |      -30.2 |     -155.2 |   1473 | frontend/fq._T_2_3_data\[23\]$_DFFE_PP_/D
    1422+ |       2 |     128 |       59 |      0 |    39 |    +0.3% |   -0.285 |      -30.2 |     -155.2 |   1473 | frontend/fq._T_2_3_data\[23\]$_DFFE_PP_/D
    1423+ |       2 |     128 |       59 |      0 |    39 |    +0.3% |   -0.285 |      -30.2 |     -155.2 |   1473 | frontend/fq._T_2_3_data\[23\]$_DFFE_PP_/D
    1424+ |       2 |     128 |       59 |      0 |    39 |    +0.3% |   -0.285 |      -30.2 |     -155.2 |   1473 | frontend/fq._T_2_3_data\[23\]$_DFFE_PP_/D
    1425+ |       2 |     128 |       59 |      0 |    39 |    +0.3% |   -0.285 |      -30.2 |     -155.2 |   1473 | frontend/fq._T_2_3_data\[23\]$_DFFE_PP_/D
    1426+ |       2 |     128 |       59 |      0 |    39 |    +0.3% |   -0.285 |      -30.2 |     -155.2 |   1473 | frontend/fq._T_2_3_data\[23\]$_DFFE_PP_/D
    1427+ |       2 |     128 |       59 |      0 |    39 |    +0.3% |   -0.285 |      -30.2 |     -155.2 |   1473 | frontend/fq._T_2_3_data\[23\]$_DFFE_PP_/D
    1428+ |       2 |     128 |       59 |      0 |    39 |    +0.3% |   -0.285 |      -30.2 |     -155.2 |   1473 | frontend/fq._T_2_3_data\[23\]$_DFFE_PP_/D
    1429+ |       2 |     128 |       59 |      0 |    39 |    +0.3% |   -0.285 |      -30.2 |     -155.2 |   1473 | frontend/fq._T_2_3_data\[23\]$_DFFE_PP_/D
    1430+ |       2 |     128 |       59 |      0 |    39 |    +0.3% |   -0.285 |      -30.2 |     -155.2 |   1473 | frontend/fq._T_2_3_data\[23\]$_DFFE_PP_/D
    1430+ |       2 |     128 |       59 |      0 |    39 |    +0.3% |   -0.285 |      -30.2 |     -155.2 |   1473 | frontend/fq._T_2_3_data\[23\]$_DFFE_PP_/D
    1431+ |       2 |     128 |       59 |      0 |    39 |    +0.3% |   -0.285 |      -30.2 |     -155.2 |   1473 | frontend/fq._T_2_3_data\[23\]$_DFFE_PP_/D
    1432+ |       2 |     128 |       59 |      0 |    39 |    +0.3% |   -0.285 |      -30.2 |     -155.2 |   1473 | frontend/fq._T_2_3_data\[23\]$_DFFE_PP_/D
    1433+ |       2 |     128 |       59 |      0 |    39 |    +0.3% |   -0.285 |      -30.2 |     -155.2 |   1473 | frontend/fq._T_2_3_data\[23\]$_DFFE_PP_/D
    1434+ |       2 |     128 |       59 |      0 |    39 |    +0.3% |   -0.285 |      -30.2 |     -155.2 |   1473 | frontend/fq._T_2_3_data\[23\]$_DFFE_PP_/D
    1435+ |       2 |     128 |       59 |      0 |    39 |    +0.3% |   -0.285 |      -30.2 |     -155.2 |   1473 | frontend/fq._T_2_3_data\[23\]$_DFFE_PP_/D
    1436+ |       2 |     128 |       59 |      0 |    39 |    +0.3% |   -0.285 |      -30.2 |     -155.2 |   1473 | frontend/fq._T_2_3_data\[23\]$_DFFE_PP_/D
    1437+ |       2 |     128 |       59 |      0 |    39 |    +0.3% |   -0.285 |      -30.2 |     -155.2 |   1473 | frontend/fq._T_2_3_data\[23\]$_DFFE_PP_/D
    1438+ |       2 |     128 |       59 |      0 |    39 |    +0.3% |   -0.285 |      -30.2 |     -155.2 |   1473 | frontend/fq._T_2_3_data\[23\]$_DFFE_PP_/D
    1439+ |       2 |     128 |       59 |      0 |    39 |    +0.3% |   -0.285 |      -30.2 |     -155.2 |   1473 | frontend/fq._T_2_3_data\[23\]$_DFFE_PP_/D
    1440+ |       2 |     128 |       59 |      0 |    39 |    +0.3% |   -0.285 |      -30.2 |     -155.2 |   1473 | frontend/fq._T_2_3_data\[23\]$_DFFE_PP_/D
    1440+ |       2 |     128 |       59 |      0 |    39 |    +0.3% |   -0.285 |      -30.2 |     -155.2 |   1473 | frontend/fq._T_2_3_data\[23\]$_DFFE_PP_/D
    1441+ |       2 |     128 |       59 |      0 |    39 |    +0.3% |   -0.285 |      -30.2 |     -155.2 |   1473 | frontend/fq._T_2_3_data\[23\]$_DFFE_PP_/D
    1442+ |       2 |     128 |       59 |      0 |    39 |    +0.3% |   -0.285 |      -30.2 |     -155.2 |   1473 | frontend/fq._T_2_3_data\[23\]$_DFFE_PP_/D
    1443+ |       2 |     128 |       59 |      0 |    39 |    +0.3% |   -0.285 |      -30.2 |     -155.2 |   1473 | frontend/fq._T_2_3_data\[23\]$_DFFE_PP_/D
    1444+ |       2 |     128 |       59 |      0 |    39 |    +0.3% |   -0.285 |      -30.2 |     -155.2 |   1473 | frontend/fq._T_2_3_data\[23\]$_DFFE_PP_/D
    1445+ |       2 |     128 |       59 |      0 |    39 |    +0.3% |   -0.285 |      -30.2 |     -155.2 |   1473 | frontend/fq._T_2_3_data\[23\]$_DFFE_PP_/D
    1446+ |       2 |     128 |       59 |      0 |    39 |    +0.3% |   -0.285 |      -30.2 |     -155.2 |   1473 | frontend/fq._T_2_3_data\[23\]$_DFFE_PP_/D
    1447+ |       2 |     128 |       59 |      0 |    39 |    +0.3% |   -0.285 |      -30.2 |     -155.2 |   1473 | frontend/fq._T_2_3_data\[23\]$_DFFE_PP_/D
    1448+ |       2 |     128 |       59 |      0 |    39 |    +0.3% |   -0.285 |      -30.2 |     -155.2 |   1473 | frontend/fq._T_2_3_data\[23\]$_DFFE_PP_/D
    1449+ |       2 |     128 |       59 |      0 |    39 |    +0.3% |   -0.285 |      -30.2 |     -155.2 |   1473 | frontend/fq._T_2_3_data\[23\]$_DFFE_PP_/D
    1450+ |       2 |     128 |       59 |      0 |    39 |    +0.3% |   -0.285 |      -30.2 |     -155.2 |   1473 | frontend/fq._T_2_3_data\[23\]$_DFFE_PP_/D
    1450+ |       2 |     128 |       59 |      0 |    39 |    +0.3% |   -0.285 |      -30.2 |     -155.2 |   1473 | frontend/fq._T_2_3_data\[23\]$_DFFE_PP_/D
    1451+ |       2 |     128 |       59 |      0 |    39 |    +0.3% |   -0.285 |      -30.2 |     -155.2 |   1473 | frontend/fq._T_2_3_data\[23\]$_DFFE_PP_/D
    1452+ |       2 |     128 |       59 |      0 |    39 |    +0.3% |   -0.285 |      -30.2 |     -155.2 |   1473 | frontend/fq._T_2_3_data\[23\]$_DFFE_PP_/D
    1453+ |       2 |     128 |       59 |      0 |    39 |    +0.3% |   -0.285 |      -30.2 |     -155.2 |   1473 | frontend/fq._T_2_3_data\[23\]$_DFFE_PP_/D
    1454+ |       2 |     128 |       59 |      0 |    39 |    +0.3% |   -0.285 |      -30.2 |     -155.2 |   1473 | frontend/fq._T_2_3_data\[23\]$_DFFE_PP_/D
    1455+ |       2 |     128 |       59 |      0 |    39 |    +0.3% |   -0.285 |      -30.2 |     -155.2 |   1473 | frontend/fq._T_2_3_data\[23\]$_DFFE_PP_/D
    1456+ |       2 |     128 |       59 |      0 |    39 |    +0.3% |   -0.285 |      -30.2 |     -155.2 |   1473 | frontend/fq._T_2_3_data\[23\]$_DFFE_PP_/D
    1457+ |       2 |     128 |       59 |      0 |    39 |    +0.3% |   -0.285 |      -30.2 |     -155.2 |   1473 | frontend/fq._T_2_3_data\[23\]$_DFFE_PP_/D
    1458+ |       2 |     128 |       59 |      0 |    39 |    +0.3% |   -0.285 |      -30.2 |     -155.2 |   1473 | frontend/fq._T_2_3_data\[23\]$_DFFE_PP_/D
    1459+ |       2 |     128 |       59 |      0 |    39 |    +0.3% |   -0.285 |      -30.2 |     -155.2 |   1473 | frontend/fq._T_2_3_data\[23\]$_DFFE_PP_/D
    1460+ |       2 |     128 |       59 |      0 |    39 |    +0.3% |   -0.285 |      -30.2 |     -155.2 |   1473 | frontend/fq._T_2_3_data\[23\]$_DFFE_PP_/D
    1460+ |       2 |     128 |       59 |      0 |    39 |    +0.3% |   -0.285 |      -30.2 |     -155.2 |   1473 | frontend/fq._T_2_3_data\[23\]$_DFFE_PP_/D
    1461+ |       2 |     128 |       59 |      0 |    39 |    +0.3% |   -0.285 |      -30.2 |     -155.2 |   1473 | frontend/fq._T_2_3_data\[23\]$_DFFE_PP_/D
    1462+ |       2 |     128 |       59 |      0 |    39 |    +0.3% |   -0.285 |      -30.2 |     -155.2 |   1473 | frontend/fq._T_2_3_data\[23\]$_DFFE_PP_/D
    1463+ |       2 |     128 |       59 |      0 |    39 |    +0.3% |   -0.285 |      -30.2 |     -155.2 |   1473 | frontend/fq._T_2_3_data\[23\]$_DFFE_PP_/D
    1464+ |       2 |     128 |       59 |      0 |    39 |    +0.3% |   -0.285 |      -30.2 |     -155.2 |   1473 | frontend/fq._T_2_3_data\[23\]$_DFFE_PP_/D
    1465+ |       2 |     128 |       59 |      0 |    39 |    +0.3% |   -0.285 |      -30.2 |     -155.2 |   1473 | frontend/fq._T_2_3_data\[23\]$_DFFE_PP_/D
    1466+ |       2 |     128 |       59 |      0 |    39 |    +0.3% |   -0.285 |      -30.2 |     -155.2 |   1473 | frontend/fq._T_2_3_data\[23\]$_DFFE_PP_/D
    1467+ |       2 |     128 |       59 |      0 |    39 |    +0.3% |   -0.285 |      -30.2 |     -155.2 |   1473 | frontend/fq._T_2_3_data\[23\]$_DFFE_PP_/D
    1468+ |       2 |     128 |       59 |      0 |    39 |    +0.3% |   -0.285 |      -30.2 |     -155.2 |   1473 | frontend/fq._T_2_3_data\[23\]$_DFFE_PP_/D
    1469+ |       2 |     128 |       59 |      0 |    39 |    +0.3% |   -0.285 |      -30.2 |     -155.2 |   1473 | frontend/fq._T_2_3_data\[23\]$_DFFE_PP_/D
    1470+ |       2 |     128 |       59 |      0 |    39 |    +0.3% |   -0.285 |      -30.2 |     -155.2 |   1473 | frontend/fq._T_2_3_data\[23\]$_DFFE_PP_/D
    1470+ |       2 |     128 |       59 |      0 |    39 |    +0.3% |   -0.285 |      -30.2 |     -155.2 |   1473 | frontend/fq._T_2_3_data\[23\]$_DFFE_PP_/D
    1471+ |       2 |     128 |       59 |      0 |    39 |    +0.3% |   -0.285 |      -30.2 |     -155.2 |   1473 | frontend/fq._T_2_3_data\[23\]$_DFFE_PP_/D
    1472+ |       2 |     128 |       59 |      0 |    39 |    +0.3% |   -0.285 |      -30.2 |     -155.2 |   1473 | frontend/fq._T_2_3_data\[23\]$_DFFE_PP_/D
    1473+ |       2 |     128 |       59 |      0 |    39 |    +0.3% |   -0.285 |      -30.2 |     -155.2 |   1473 | frontend/fq._T_2_3_data\[23\]$_DFFE_PP_/D
    1474+ |       2 |     128 |       59 |      0 |    39 |    +0.3% |   -0.285 |      -30.2 |     -155.2 |   1473 | frontend/fq._T_2_3_data\[23\]$_DFFE_PP_/D
    1475+ |       2 |     128 |       59 |      0 |    39 |    +0.3% |   -0.285 |      -30.2 |     -155.2 |   1473 | frontend/fq._T_2_3_data\[23\]$_DFFE_PP_/D
    1476+ |       2 |     128 |       59 |      0 |    39 |    +0.3% |   -0.285 |      -30.2 |     -155.2 |   1473 | frontend/fq._T_2_3_data\[23\]$_DFFE_PP_/D
    1477+ |       2 |     128 |       59 |      0 |    39 |    +0.3% |   -0.285 |      -30.2 |     -155.2 |   1473 | frontend/fq._T_2_3_data\[23\]$_DFFE_PP_/D
    1478+ |       2 |     128 |       59 |      0 |    39 |    +0.3% |   -0.285 |      -30.2 |     -155.2 |   1473 | frontend/fq._T_2_3_data\[23\]$_DFFE_PP_/D
    1479+ |       2 |     128 |       59 |      0 |    39 |    +0.3% |   -0.285 |      -30.2 |     -155.2 |   1473 | frontend/fq._T_2_3_data\[23\]$_DFFE_PP_/D
    1480+ |       2 |     128 |       59 |      0 |    39 |    +0.3% |   -0.285 |      -30.2 |     -155.2 |   1473 | frontend/fq._T_2_3_data\[23\]$_DFFE_PP_/D
    1480+ |       2 |     128 |       59 |      0 |    39 |    +0.3% |   -0.285 |      -30.2 |     -155.2 |   1473 | frontend/fq._T_2_3_data\[23\]$_DFFE_PP_/D
    1481+ |       2 |     128 |       59 |      0 |    39 |    +0.3% |   -0.285 |      -30.2 |     -155.2 |   1473 | frontend/fq._T_2_3_data\[23\]$_DFFE_PP_/D
    1482+ |       2 |     128 |       59 |      0 |    39 |    +0.3% |   -0.285 |      -30.2 |     -155.2 |   1473 | frontend/fq._T_2_3_data\[23\]$_DFFE_PP_/D
    1483+ |       2 |     128 |       59 |      0 |    39 |    +0.3% |   -0.285 |      -30.2 |     -155.2 |   1473 | frontend/fq._T_2_3_data\[23\]$_DFFE_PP_/D
    1484+ |       2 |     128 |       59 |      0 |    39 |    +0.3% |   -0.285 |      -30.2 |     -155.2 |   1473 | frontend/fq._T_2_3_data\[23\]$_DFFE_PP_/D
    1485+ |       2 |     128 |       59 |      0 |    39 |    +0.3% |   -0.285 |      -30.2 |     -155.2 |   1473 | frontend/fq._T_2_3_data\[23\]$_DFFE_PP_/D
    1486+ |       2 |     128 |       59 |      0 |    39 |    +0.3% |   -0.285 |      -30.2 |     -155.2 |   1473 | frontend/fq._T_2_3_data\[23\]$_DFFE_PP_/D
    1487+ |       2 |     128 |       59 |      0 |    39 |    +0.3% |   -0.285 |      -30.2 |     -155.2 |   1473 | frontend/fq._T_2_3_data\[23\]$_DFFE_PP_/D
    1488+ |       2 |     128 |       59 |      0 |    39 |    +0.3% |   -0.285 |      -30.2 |     -155.2 |   1473 | frontend/fq._T_2_3_data\[23\]$_DFFE_PP_/D
    1489+ |       2 |     128 |       59 |      0 |    39 |    +0.3% |   -0.285 |      -30.2 |     -155.2 |   1473 | frontend/fq._T_2_3_data\[23\]$_DFFE_PP_/D
    1490+ |       2 |     128 |       59 |      0 |    39 |    +0.3% |   -0.285 |      -30.2 |     -155.2 |   1473 | frontend/fq._T_2_3_data\[23\]$_DFFE_PP_/D
    1490+ |       2 |     128 |       59 |      0 |    39 |    +0.3% |   -0.285 |      -30.2 |     -155.2 |   1473 | frontend/fq._T_2_3_data\[23\]$_DFFE_PP_/D
    1491+ |       2 |     128 |       59 |      0 |    39 |    +0.3% |   -0.285 |      -30.2 |     -155.2 |   1473 | frontend/fq._T_2_3_data\[23\]$_DFFE_PP_/D
    1492+ |       2 |     128 |       59 |      0 |    39 |    +0.3% |   -0.285 |      -30.2 |     -155.2 |   1473 | frontend/fq._T_2_3_data\[23\]$_DFFE_PP_/D
    1493+ |       2 |     128 |       59 |      0 |    39 |    +0.3% |   -0.285 |      -30.2 |     -155.2 |   1473 | frontend/fq._T_2_3_data\[23\]$_DFFE_PP_/D
    1494+ |       2 |     128 |       59 |      0 |    39 |    +0.3% |   -0.285 |      -30.2 |     -155.2 |   1473 | frontend/fq._T_2_3_data\[23\]$_DFFE_PP_/D
    1495+ |       2 |     128 |       59 |      0 |    39 |    +0.3% |   -0.285 |      -30.2 |     -155.2 |   1473 | frontend/fq._T_2_3_data\[23\]$_DFFE_PP_/D
    1496+ |       2 |     128 |       59 |      0 |    39 |    +0.3% |   -0.285 |      -30.2 |     -155.2 |   1473 | frontend/fq._T_2_3_data\[23\]$_DFFE_PP_/D
    1497+ |       2 |     128 |       59 |      0 |    39 |    +0.3% |   -0.285 |      -30.2 |     -155.2 |   1473 | frontend/fq._T_2_3_data\[23\]$_DFFE_PP_/D
    1498+ |       2 |     128 |       59 |      0 |    39 |    +0.3% |   -0.285 |      -30.2 |     -155.2 |   1473 | frontend/fq._T_2_3_data\[23\]$_DFFE_PP_/D
    1499+ |       2 |     128 |       59 |      0 |    39 |    +0.3% |   -0.285 |      -30.2 |     -155.2 |   1473 | frontend/fq._T_2_3_data\[23\]$_DFFE_PP_/D
    1500+ |       2 |     128 |       59 |      0 |    39 |    +0.3% |   -0.285 |      -30.2 |     -155.2 |   1473 | frontend/fq._T_2_3_data\[23\]$_DFFE_PP_/D
    final |       2 |     128 |       59 |      0 |    39 |    +0.3% |   -0.285 |      -30.2 |     -155.2 |   1371 | frontend/fq._T_2_3_data\[23\]$_DFFE_PP_/D
------------------------------------------------------------------------------------------------------------------------------
[INFO RSZ-0059] Removed 2 buffers.
[INFO RSZ-0040] Inserted 59 buffers.
[INFO RSZ-0051] Resized 128 instances: 128 up, 0 up match, 0 down, 0 VT
[INFO RSZ-0043] Swapped pins on 39 instances.
[WARNING RSZ-0062] Unable to repair all setup violations.
[INFO RSZ-0505] Runtime: 72.92s
[INFO RSZ-0033] No hold violations found.
[INFO RSZ-0506] Runtime: 0.11s
Took 73 seconds: repair_timing -setup_margin 0 -hold_margin 0 -repair_tns 100 -verbose
global_route -start_incremental
detailed_placement
[INFO DPL-0006] Core area: 88535.44 um^2
[INFO DPL-0007] Movable instances area: 52082.53 um^2
[INFO DPL-0008] Fixed instances area within core: 2693.78 um^2
[INFO DPL-0009] Utilization: 61.9%
[INFO DPL-0005] Diamond search max displacement: +/- 500 sites horizontally, +/- 100 rows vertically.
[INFO DPL-1102] Legalizing using negotiation legalizer.
[INFO DPL-1103] Negotiation base search window: +/-20 sites horizontally, +/-5 rows vertically 
	Automatic search window extension enabled.
	Search window extendable up to the max displacement cap of +/-500 sites, +/-100 rows near walls.
[INFO DPL-1104] NegotiationLegalizer DRC penalty: 5.
[INFO DPL-0392] Negotiation cell height distribution (2 unique row-count(s)):
[INFO DPL-0393]   height 1 row(s): 28242 cells
[INFO DPL-0393]   height 44 row(s): 2 cells
          |      Total |  Illegal |  Illegal
Iteration | Violations |    Cells |    Sites
---------------------------------------------
        0 |        821 |       193 |       625
        1 |        528 |       108 |       420
        2 |        406 |        72 |       334
        3 |        313 |        55 |       258
        4 |        318 |        58 |       251
        5 |        294 |        54 |       231
        6 |        254 |        48 |       203
        7 |        275 |        49 |       226
        8 |        281 |        51 |       200
        9 |        218 |        44 |       174
       10 |        237 |        43 |       191
       20 |         68 |        12 |        56
       30 |          0 |         0 |         0
Negotiation phase 1 converged at iteration 30.
[INFO DPL-0500] Runtime: 0.67s
Placement Analysis
---------------------------------
total displacement        971.4 u
average displacement        0.0 u
max displacement           11.4 u
original HPWL          404357.9 u
legalized HPWL         405324.6 u
delta HPWL                    0 %

check_placement -verbose
global_route -end_incremental -congestion_report_file /work/tinyRocket/da29399a677d6344/orfs/reports/nangate45/tinyRocket/base/congestion_post_repair_timing.rpt
estimate_parasitics -global_routing
global_route -start_incremental
global_route -end_incremental -congestion_report_file /work/tinyRocket/da29399a677d6344/orfs/reports/nangate45/tinyRocket/base/congestion_post_recover_power.rpt
Repair antennas...
[WARNING GRT-0246] No diode with LEF class CORE ANTENNACELL found.
[INFO ANT-0002] Found 0 net violations.
[INFO ANT-0001] Found 0 pin violations.
Estimate parasitics...
estimate_parasitics -global_routing
Report metrics stage 5, global route...

==========================================================================
global route report_design_area
--------------------------------------------------------------------------
Design area 54776 um^2 62% utilization.
[INFO FLW-0007] clock core_clock period 1.200000
[INFO FLW-0008] Clock core_clock period 1.417
[INFO FLW-0009] Clock core_clock slack -0.291
write_sdc -no_timestamp /work/tinyRocket/da29399a677d6344/orfs/results/nangate45/tinyRocket/base/updated_clks.sdc
[INFO FLW-0011] Path endpoint path count 9124
write_db /work/tinyRocket/da29399a677d6344/orfs/results/nangate45/tinyRocket/base/5_1_grt.odb
write_sdc -no_timestamp /work/tinyRocket/da29399a677d6344/orfs/results/nangate45/tinyRocket/base/5_1_grt.sdc
Elapsed time: 2:14.90[h:]min:sec. CPU time: user 736.83 sys 29.37 (567%). Peak memory: 669704KB.
Log                       Ext     Elapsed/s Peak Memory/MB sha1sum result [0:20)
5_1_grt                   .odb          134            654 2c7785490c0abb555d8c
5_1_grt                   .sdc                             7e89828fd407c9695363
