mkdir -p /work/results/nangate45/tinyRocket/base/
echo 1.2 > /work/results/nangate45/tinyRocket/base/clock_period.txt
/OpenROAD-flow-scripts/flow/scripts/synth.sh /OpenROAD-flow-scripts/flow/scripts/synth_canonicalize.tcl /work/logs/nangate45/tinyRocket/base/1_1_yosys_canonicalize.log
Using ABC speed script.
Extracting clock period from SDC file: /work/results/nangate45/tinyRocket/base/clock_period.txt
Setting clock period to 1.2
1. Executing Liberty frontend: /OpenROAD-flow-scripts/flow/platforms/nangate45/lib/NangateOpenCellLibrary_typical.lib
2. Executing Liberty frontend: /OpenROAD-flow-scripts/flow/designs/nangate45/tinyRocket/fakeram45_1024x32.lib
3. Executing Liberty frontend: /OpenROAD-flow-scripts/flow/designs/nangate45/tinyRocket/fakeram45_64x32.lib
4. Executing Liberty frontend: /OpenROAD-flow-scripts/flow/platforms/nangate45/lib/NangateOpenCellLibrary_typical.lib
5. Executing Liberty frontend: /OpenROAD-flow-scripts/flow/designs/nangate45/tinyRocket/fakeram45_1024x32.lib
6. Executing Liberty frontend: /OpenROAD-flow-scripts/flow/designs/nangate45/tinyRocket/fakeram45_64x32.lib
7. Executing Verilog-2005 frontend: /OpenROAD-flow-scripts/flow/designs/src/tinyRocket/AsyncResetReg.v
8. Executing Verilog-2005 frontend: /OpenROAD-flow-scripts/flow/designs/src/tinyRocket/ClockDivider2.v
9. Executing Verilog-2005 frontend: /OpenROAD-flow-scripts/flow/designs/src/tinyRocket/ClockDivider3.v
10. Executing Verilog-2005 frontend: /OpenROAD-flow-scripts/flow/designs/src/tinyRocket/plusarg_reader.v
11. Executing Verilog-2005 frontend: /OpenROAD-flow-scripts/flow/designs/src/tinyRocket/freechips.rocketchip.system.TinyConfig.v
12. Executing Verilog-2005 frontend: /OpenROAD-flow-scripts/flow/designs/nangate45/tinyRocket/freechips.rocketchip.system.TinyConfig.v
13. Executing Verilog-2005 frontend: /OpenROAD-flow-scripts/flow/platforms/nangate45/cells_clkgate.v
14. Executing HIERARCHY pass (managing design hierarchy).
15. Executing AST frontend in derive mode using pre-parsed AST for module `\RocketTile'.
15.1. Analyzing design hierarchy..
15.2. Executing AST frontend in derive mode using pre-parsed AST for module `\Rocket'.
15.3. Executing AST frontend in derive mode using pre-parsed AST for module `\PTW'.
15.4. Executing AST frontend in derive mode using pre-parsed AST for module `\HellaCacheArbiter'.
15.5. Executing AST frontend in derive mode using pre-parsed AST for module `\IntSyncCrossingSink_2'.
15.6. Executing AST frontend in derive mode using pre-parsed AST for module `\IntSyncCrossingSink_1'.
15.7. Executing AST frontend in derive mode using pre-parsed AST for module `\IntSyncCrossingSink'.
15.8. Executing AST frontend in derive mode using pre-parsed AST for module `\TLBuffer_11'.
15.9. Executing AST frontend in derive mode using pre-parsed AST for module `\TLBuffer_10'.
15.10. Executing AST frontend in derive mode using pre-parsed AST for module `\TLFragmenter_5'.
15.11. Executing AST frontend in derive mode using pre-parsed AST for module `\ScratchpadSlavePort'.
15.12. Executing AST frontend in derive mode using pre-parsed AST for module `\Frontend'.
15.13. Executing AST frontend in derive mode using pre-parsed AST for module `\DCache'.
15.14. Executing AST frontend in derive mode using pre-parsed AST for module `\IntXbar_4'.
15.15. Executing AST frontend in derive mode using pre-parsed AST for module `\TLXbar_9'.
15.16. Executing AST frontend in derive mode using pre-parsed AST for module `\TLXbar_8'.
15.17. Analyzing design hierarchy..
15.18. Executing AST frontend in derive mode using pre-parsed AST for module `\TLMonitor_36'.
15.19. Executing AST frontend in derive mode using pre-parsed AST for module `\TLMonitor_35'.
15.20. Executing AST frontend in derive mode using pre-parsed AST for module `\AMOALU'.
15.21. Executing AST frontend in derive mode using pre-parsed AST for module `\TLB'.
15.22. Executing AST frontend in derive mode using pre-parsed AST for module `\DCacheModuleanon3'.
15.23. Executing AST frontend in derive mode using pre-parsed AST for module `\DCacheDataArray'.
15.24. Executing AST frontend in derive mode using pre-parsed AST for module `\DCacheModuleanon2'.
15.25. Executing AST frontend in derive mode using pre-parsed AST for module `\TLB_1'.
15.26. Executing AST frontend in derive mode using pre-parsed AST for module `\ShiftQueue'.
15.27. Executing AST frontend in derive mode using pre-parsed AST for module `\ICache'.
15.28. Executing AST frontend in derive mode using pre-parsed AST for module `\Repeater_5'.
15.29. Executing AST frontend in derive mode using pre-parsed AST for module `\Queue_39'.
15.30. Executing AST frontend in derive mode using pre-parsed AST for module `\Queue_38'.
15.31. Executing AST frontend in derive mode using pre-parsed AST for module `\TLMonitor_37'.
15.32. Executing AST frontend in derive mode using pre-parsed AST for module `\Queue_41'.
15.33. Executing AST frontend in derive mode using pre-parsed AST for module `\Queue_40'.
15.34. Executing AST frontend in derive mode using pre-parsed AST for module `\SynchronizerShiftReg_w1_d3'.
15.35. Executing AST frontend in derive mode using pre-parsed AST for module `\PlusArgTimeout'.
15.36. Executing AST frontend in derive mode using pre-parsed AST for module `\MulDiv'.
15.37. Executing AST frontend in derive mode using pre-parsed AST for module `\ALU'.
15.38. Executing AST frontend in derive mode using pre-parsed AST for module `\BreakpointUnit'.
15.39. Executing AST frontend in derive mode using pre-parsed AST for module `\CSRFile'.
15.40. Executing AST frontend in derive mode using pre-parsed AST for module `\IBuf'.
15.41. Analyzing design hierarchy..
15.42. Executing AST frontend in derive mode using pre-parsed AST for module `\RVCExpander'.
15.43. Executing AST frontend in derive mode using pre-parsed AST for module `\plusarg_reader'.
15.44. Executing AST frontend in derive mode using pre-parsed AST for module `\plusarg_reader'.
15.45. Executing AST frontend in derive mode using pre-parsed AST for module `\data_arrays_0_0'.
15.46. Executing AST frontend in derive mode using pre-parsed AST for module `\tag_array'.
15.47. Executing AST frontend in derive mode using pre-parsed AST for module `\PMPChecker'.
15.48. Executing AST frontend in derive mode using pre-parsed AST for module `\data_arrays_0'.
15.49. Analyzing design hierarchy..
15.50. Executing AST frontend in derive mode using pre-parsed AST for module `\data_arrays_0_ext'.
15.51. Executing AST frontend in derive mode using pre-parsed AST for module `\tag_array_ext'.
15.52. Executing AST frontend in derive mode using pre-parsed AST for module `\data_arrays_0_0_ext'.
/OpenROAD-flow-scripts/flow/designs/nangate45/tinyRocket/freechips.rocketchip.system.TinyConfig.v:101: Warning: Range select out of bounds on signal `\RW0_wmask': Setting result bit to undef.
15.53. Analyzing design hierarchy..
15.54. Analyzing design hierarchy..
16. Executing OPT_CLEAN pass (remove unused cells and wires).
Warning: Ignoring module TLMonitor_37 because it contains processes (run 'proc' command first).
Warning: Ignoring module Queue_38 because it contains processes (run 'proc' command first).
Warning: Ignoring module Queue_39 because it contains processes (run 'proc' command first).
Warning: Ignoring module Repeater_5 because it contains processes (run 'proc' command first).
Warning: Ignoring module ICache because it contains processes (run 'proc' command first).
Warning: Ignoring module ShiftQueue because it contains processes (run 'proc' command first).
Warning: Ignoring module TLMonitor_35 because it contains processes (run 'proc' command first).
Warning: Ignoring module TLMonitor_36 because it contains processes (run 'proc' command first).
Warning: Ignoring module TLXbar_8 because it contains processes (run 'proc' command first).
Warning: Ignoring module DCache because it contains processes (run 'proc' command first).
Warning: Ignoring module Frontend because it contains processes (run 'proc' command first).
Warning: Ignoring module ScratchpadSlavePort because it contains processes (run 'proc' command first).
Warning: Ignoring module TLFragmenter_5 because it contains processes (run 'proc' command first).
Warning: Ignoring module HellaCacheArbiter because it contains processes (run 'proc' command first).
Warning: Ignoring module Rocket because it contains processes (run 'proc' command first).
Warning: Ignoring module tag_array_ext because it contains processes (run 'proc' command first).
Warning: Ignoring module IBuf because it contains processes (run 'proc' command first).
Warning: Ignoring module CSRFile because it contains processes (run 'proc' command first).
Warning: Ignoring module MulDiv because it contains processes (run 'proc' command first).
Warning: Ignoring module PlusArgTimeout because it contains processes (run 'proc' command first).
Warning: Ignoring module SynchronizerShiftReg_w1_d3 because it contains processes (run 'proc' command first).
Warning: Ignoring module Queue_40 because it contains processes (run 'proc' command first).
Warning: Ignoring module Queue_41 because it contains processes (run 'proc' command first).
17. Executing RTLIL backend.
Warnings: 24 unique messages, 26 total
End of script. Logfile hash: 6285a78a71, time: 1.07s, user: 0.95s, system: 0.10s, MEM: 209.66 MB peak
Yosys 0.68+post (git sha1 UNKNOWN, Release, GNU /usr/local/bin/wrapped-cc/g++ 11.4.0)
Time spent: 66% 14x read_verilog (0 sec), 19% 1x hierarchy (0 sec), ...
Elapsed time: 0:01.11[h:]min:sec. CPU time: user 0.97 sys 0.13 (99%). Peak memory: 214688KB.
Log                       Ext     Elapsed/s Peak Memory/MB sha1sum result [0:20)
1_1_yosys_canonicalize    .rtlil          1            209 ad4afc4105509c55f767
/OpenROAD-flow-scripts/flow/scripts/synth.sh /OpenROAD-flow-scripts/flow/scripts/synth.tcl /work/logs/nangate45/tinyRocket/base/1_2_yosys.log
Using ABC speed script.
Extracting clock period from SDC file: /work/results/nangate45/tinyRocket/base/clock_period.txt
Setting clock period to 1.2
1. Executing RTLIL frontend.
2. Executing HIERARCHY pass (managing design hierarchy).
2.1. Analyzing design hierarchy..
2.2. Analyzing design hierarchy..
3. Executing SYNTH pass.
3.1. Executing HIERARCHY pass (managing design hierarchy).
3.1.1. Analyzing design hierarchy..
3.1.2. Analyzing design hierarchy..
3.2. Executing PROC pass (convert processes to netlists).
3.2.1. Executing PROC_CLEAN pass (remove empty switches from decision trees).
3.2.2. Executing PROC_RMDEAD pass (remove dead branches from decision trees).
3.2.3. Executing PROC_PRUNE pass (remove redundant assignments in processes).
3.2.4. Executing PROC_INIT pass (extract init attributes).
3.2.5. Executing PROC_ARST pass (detect async resets in processes).
3.2.6. Executing PROC_ROM pass (convert switches to ROMs).
3.2.7. Executing PROC_MUX pass (convert decision trees to multiplexers).
3.2.8. Executing PROC_DLATCH pass (convert process syncs to latches).
3.2.9. Executing PROC_DFF pass (convert process syncs to FFs).
3.2.10. Executing PROC_MEMWR pass (convert process memory writes to cells).
3.2.11. Executing PROC_CLEAN pass (remove empty switches from decision trees).
3.2.12. Executing OPT_EXPR pass (perform const folding).
3.3. Executing OPT_EXPR pass (perform const folding).
3.4. Executing OPT_CLEAN pass (remove unused cells and wires).
3.5. Executing CHECK pass (checking for obvious problems).
3.6. Executing OPT pass (performing simple optimizations).
3.6.1. Executing OPT_EXPR pass (perform const folding).
3.6.2. Executing OPT_MERGE pass (detect identical cells).
3.6.3. Executing OPT_MUXTREE pass (detect dead branches in mux trees).
3.6.4. Executing OPT_REDUCE pass (consolidate $*mux and $reduce_* inputs).
3.6.5. Executing OPT_MERGE pass (detect identical cells).
3.6.6. Executing OPT_DFF pass (perform DFF optimizations).
3.6.7. Executing OPT_CLEAN pass (remove unused cells and wires).
3.6.8. Executing OPT_EXPR pass (perform const folding).
3.6.9. Rerunning OPT passes. (Maybe there is more to do..)
3.6.10. Executing OPT_MUXTREE pass (detect dead branches in mux trees).
3.6.11. Executing OPT_REDUCE pass (consolidate $*mux and $reduce_* inputs).
3.6.12. Executing OPT_MERGE pass (detect identical cells).
3.6.13. Executing OPT_DFF pass (perform DFF optimizations).
3.6.14. Executing OPT_CLEAN pass (remove unused cells and wires).
3.6.15. Executing OPT_EXPR pass (perform const folding).
3.6.16. Finished fast OPT passes. (There is nothing left to do.)
3.7. Executing FSM pass (extract and optimize FSM).
3.7.1. Executing FSM_DETECT pass (finding FSMs in design).
3.7.2. Executing FSM_EXTRACT pass (extracting FSM from design).
3.7.3. Executing FSM_OPT pass (simple optimizations of FSMs).
3.7.4. Executing OPT_CLEAN pass (remove unused cells and wires).
3.7.5. Executing FSM_OPT pass (simple optimizations of FSMs).
3.7.6. Executing FSM_RECODE pass (re-assigning FSM state encoding).
3.7.7. Executing FSM_INFO pass (dumping all available information on FSM cells).
3.7.8. Executing FSM_MAP pass (mapping FSMs to basic logic).
3.8. Executing OPT pass (performing simple optimizations).
3.8.1. Executing OPT_EXPR pass (perform const folding).
3.8.2. Executing OPT_MERGE pass (detect identical cells).
3.8.3. Executing OPT_MUXTREE pass (detect dead branches in mux trees).
3.8.4. Executing OPT_REDUCE pass (consolidate $*mux and $reduce_* inputs).
3.8.5. Executing OPT_MERGE pass (detect identical cells).
3.8.6. Executing OPT_DFF pass (perform DFF optimizations).
3.8.7. Executing OPT_CLEAN pass (remove unused cells and wires).
3.8.8. Executing OPT_EXPR pass (perform const folding).
3.8.9. Rerunning OPT passes. (Maybe there is more to do..)
3.8.10. Executing OPT_MUXTREE pass (detect dead branches in mux trees).
3.8.11. Executing OPT_REDUCE pass (consolidate $*mux and $reduce_* inputs).
3.8.12. Executing OPT_MERGE pass (detect identical cells).
3.8.13. Executing OPT_DFF pass (perform DFF optimizations).
3.8.14. Executing OPT_CLEAN pass (remove unused cells and wires).
3.8.15. Executing OPT_EXPR pass (perform const folding).
3.8.16. Rerunning OPT passes. (Maybe there is more to do..)
3.8.17. Executing OPT_MUXTREE pass (detect dead branches in mux trees).
3.8.18. Executing OPT_REDUCE pass (consolidate $*mux and $reduce_* inputs).
3.8.19. Executing OPT_MERGE pass (detect identical cells).
3.8.20. Executing OPT_DFF pass (perform DFF optimizations).
3.8.21. Executing OPT_CLEAN pass (remove unused cells and wires).
3.8.22. Executing OPT_EXPR pass (perform const folding).
3.8.23. Finished fast OPT passes. (There is nothing left to do.)
3.9. Executing WREDUCE pass (reducing word size of cells).
3.10. Executing PEEPOPT pass (run peephole optimizers).
3.11. Executing OPT_CLEAN pass (remove unused cells and wires).
3.12. Executing ALUMACC pass (create $alu and $macc cells).
3.13. Executing SHARE pass (SAT-based resource sharing).
3.14. Executing OPT pass (performing simple optimizations).
3.14.1. Executing OPT_EXPR pass (perform const folding).
3.14.2. Executing OPT_MERGE pass (detect identical cells).
3.14.3. Executing OPT_MUXTREE pass (detect dead branches in mux trees).
3.14.4. Executing OPT_REDUCE pass (consolidate $*mux and $reduce_* inputs).
3.14.5. Executing OPT_MERGE pass (detect identical cells).
3.14.6. Executing OPT_DFF pass (perform DFF optimizations).
3.14.7. Executing OPT_CLEAN pass (remove unused cells and wires).
3.14.8. Executing OPT_EXPR pass (perform const folding).
3.14.9. Rerunning OPT passes. (Maybe there is more to do..)
3.14.10. Executing OPT_MUXTREE pass (detect dead branches in mux trees).
3.14.11. Executing OPT_REDUCE pass (consolidate $*mux and $reduce_* inputs).
3.14.12. Executing OPT_MERGE pass (detect identical cells).
3.14.13. Executing OPT_DFF pass (perform DFF optimizations).
3.14.14. Executing OPT_CLEAN pass (remove unused cells and wires).
3.14.15. Executing OPT_EXPR pass (perform const folding).
3.14.16. Finished fast OPT passes. (There is nothing left to do.)
3.15. Executing MEMORY pass.
3.15.1. Executing OPT_MEM pass (optimize memories).
3.15.2. Executing OPT_MEM_PRIORITY pass (removing unnecessary memory write priority relations).
3.15.3. Executing OPT_MEM_FEEDBACK pass (finding memory read-to-write feedback paths).
3.15.4. Executing MEMORY_BMUX2ROM pass (converting muxes to ROMs).
3.15.5. Executing MEMORY_DFF pass (merging $dff cells to $memrd).
3.15.6. Executing OPT_CLEAN pass (remove unused cells and wires).
3.15.7. Executing MEMORY_SHARE pass (consolidating $memrd/$memwr cells).
3.15.8. Executing OPT_MEM_WIDEN pass (optimize memories where all ports are wide).
3.15.9. Executing OPT_CLEAN pass (remove unused cells and wires).
3.15.10. Executing MEMORY_COLLECT pass (generating $mem cells).
3.16. Executing OPT_CLEAN pass (remove unused cells and wires).
Keep modules above estimated size of
      5000 gate equivalents
4. Executing CELLMATCH pass. (match cells)
Warning: Ignoring blackbox module fakeram45_1024x32.
Warning: Ignoring blackbox module CLKGATE_X8.
Warning: Ignoring blackbox module CLKGATE_X4.
Warning: Ignoring blackbox module CLKGATE_X2.
Warning: Ignoring blackbox module CLKGATE_X1.
Warning: Ignoring blackbox module CLKGATETST_X8.
Warning: Ignoring blackbox module CLKGATETST_X4.
Warning: Ignoring blackbox module CLKGATETST_X2.
Warning: Ignoring blackbox module CLKGATETST_X1.
Warning: Ignoring blackbox module fakeram45_64x32.
5. Executing KEEP_HIERARCHY pass.
6. Executing SYNTH pass.
6.1. Executing PROC pass (convert processes to netlists).
6.1.1. Executing PROC_CLEAN pass (remove empty switches from decision trees).
6.1.2. Executing PROC_RMDEAD pass (remove dead branches from decision trees).
6.1.3. Executing PROC_PRUNE pass (remove redundant assignments in processes).
6.1.4. Executing PROC_INIT pass (extract init attributes).
6.1.5. Executing PROC_ARST pass (detect async resets in processes).
6.1.6. Executing PROC_ROM pass (convert switches to ROMs).
6.1.7. Executing PROC_MUX pass (convert decision trees to multiplexers).
6.1.8. Executing PROC_DLATCH pass (convert process syncs to latches).
6.1.9. Executing PROC_DFF pass (convert process syncs to FFs).
6.1.10. Executing PROC_MEMWR pass (convert process memory writes to cells).
6.1.11. Executing PROC_CLEAN pass (remove empty switches from decision trees).
6.1.12. Executing OPT_EXPR pass (perform const folding).
6.2. Executing CHECK pass (checking for obvious problems).
6.3. Executing FLATTEN pass (flatten design).
6.4. Executing OPT_EXPR pass (perform const folding).
6.5. Executing OPT_CLEAN pass (remove unused cells and wires).
6.6. Executing CHECK pass (checking for obvious problems).
6.7. Executing OPT pass (performing simple optimizations).
6.7.1. Executing OPT_EXPR pass (perform const folding).
6.7.2. Executing OPT_MERGE pass (detect identical cells).
6.7.3. Executing OPT_MUXTREE pass (detect dead branches in mux trees).
6.7.4. Executing OPT_REDUCE pass (consolidate $*mux and $reduce_* inputs).
6.7.5. Executing OPT_MERGE pass (detect identical cells).
6.7.6. Executing OPT_DFF pass (perform DFF optimizations).
6.7.7. Executing OPT_CLEAN pass (remove unused cells and wires).
6.7.8. Executing OPT_EXPR pass (perform const folding).
6.7.9. Rerunning OPT passes. (Maybe there is more to do..)
6.7.10. Executing OPT_MUXTREE pass (detect dead branches in mux trees).
6.7.11. Executing OPT_REDUCE pass (consolidate $*mux and $reduce_* inputs).
6.7.12. Executing OPT_MERGE pass (detect identical cells).
6.7.13. Executing OPT_DFF pass (perform DFF optimizations).
6.7.14. Executing OPT_CLEAN pass (remove unused cells and wires).
6.7.15. Executing OPT_EXPR pass (perform const folding).
6.7.16. Finished fast OPT passes. (There is nothing left to do.)
6.8. Executing FSM pass (extract and optimize FSM).
6.8.1. Executing FSM_DETECT pass (finding FSMs in design).
6.8.2. Executing FSM_EXTRACT pass (extracting FSM from design).
6.8.3. Executing FSM_OPT pass (simple optimizations of FSMs).
6.8.4. Executing OPT_CLEAN pass (remove unused cells and wires).
6.8.5. Executing FSM_OPT pass (simple optimizations of FSMs).
6.8.6. Executing FSM_RECODE pass (re-assigning FSM state encoding).
6.8.7. Executing FSM_INFO pass (dumping all available information on FSM cells).
6.8.8. Executing FSM_MAP pass (mapping FSMs to basic logic).
6.9. Executing OPT pass (performing simple optimizations).
6.9.1. Executing OPT_EXPR pass (perform const folding).
6.9.2. Executing OPT_MERGE pass (detect identical cells).
6.9.3. Executing OPT_MUXTREE pass (detect dead branches in mux trees).
6.9.4. Executing OPT_REDUCE pass (consolidate $*mux and $reduce_* inputs).
6.9.5. Executing OPT_MERGE pass (detect identical cells).
6.9.6. Executing OPT_DFF pass (perform DFF optimizations).
6.9.7. Executing OPT_CLEAN pass (remove unused cells and wires).
6.9.8. Executing OPT_EXPR pass (perform const folding).
6.9.9. Rerunning OPT passes. (Maybe there is more to do..)
6.9.10. Executing OPT_MUXTREE pass (detect dead branches in mux trees).
6.9.11. Executing OPT_REDUCE pass (consolidate $*mux and $reduce_* inputs).
6.9.12. Executing OPT_MERGE pass (detect identical cells).
6.9.13. Executing OPT_DFF pass (perform DFF optimizations).
6.9.14. Executing OPT_CLEAN pass (remove unused cells and wires).
6.9.15. Executing OPT_EXPR pass (perform const folding).
6.9.16. Finished fast OPT passes. (There is nothing left to do.)
6.10. Executing WREDUCE pass (reducing word size of cells).
6.11. Executing PEEPOPT pass (run peephole optimizers).
6.12. Executing OPT_CLEAN pass (remove unused cells and wires).
6.13. Executing ALUMACC pass (create $alu and $macc cells).
6.14. Executing SHARE pass (SAT-based resource sharing).
6.15. Executing OPT pass (performing simple optimizations).
6.15.1. Executing OPT_EXPR pass (perform const folding).
6.15.2. Executing OPT_MERGE pass (detect identical cells).
6.15.3. Executing OPT_MUXTREE pass (detect dead branches in mux trees).
6.15.4. Executing OPT_REDUCE pass (consolidate $*mux and $reduce_* inputs).
6.15.5. Executing OPT_MERGE pass (detect identical cells).
6.15.6. Executing OPT_DFF pass (perform DFF optimizations).
6.15.7. Executing OPT_CLEAN pass (remove unused cells and wires).
6.15.8. Executing OPT_EXPR pass (perform const folding).
6.15.9. Finished fast OPT passes. (There is nothing left to do.)
6.16. Executing MEMORY pass.
6.16.1. Executing OPT_MEM pass (optimize memories).
6.16.2. Executing OPT_MEM_PRIORITY pass (removing unnecessary memory write priority relations).
6.16.3. Executing OPT_MEM_FEEDBACK pass (finding memory read-to-write feedback paths).
6.16.4. Executing MEMORY_BMUX2ROM pass (converting muxes to ROMs).
6.16.5. Executing MEMORY_DFF pass (merging $dff cells to $memrd).
6.16.6. Executing OPT_CLEAN pass (remove unused cells and wires).
6.16.7. Executing MEMORY_SHARE pass (consolidating $memrd/$memwr cells).
6.16.8. Executing OPT_MEM_WIDEN pass (optimize memories where all ports are wide).
6.16.9. Executing OPT_CLEAN pass (remove unused cells and wires).
6.16.10. Executing MEMORY_COLLECT pass (generating $mem cells).
6.17. Executing OPT_CLEAN pass (remove unused cells and wires).
7. Executing SYNTH pass.
7.1. Executing OPT pass (performing simple optimizations).
7.1.1. Executing OPT_EXPR pass (perform const folding).
7.1.2. Executing OPT_MERGE pass (detect identical cells).
7.1.3. Executing OPT_DFF pass (perform DFF optimizations).
7.1.4. Executing OPT_CLEAN pass (remove unused cells and wires).
7.1.5. Rerunning OPT passes. (Removed registers in this run.)
7.1.6. Executing OPT_EXPR pass (perform const folding).
7.1.7. Executing OPT_MERGE pass (detect identical cells).
7.1.8. Executing OPT_DFF pass (perform DFF optimizations).
7.1.9. Executing OPT_CLEAN pass (remove unused cells and wires).
7.1.10. Rerunning OPT passes. (Removed registers in this run.)
7.1.11. Executing OPT_EXPR pass (perform const folding).
7.1.12. Executing OPT_MERGE pass (detect identical cells).
7.1.13. Executing OPT_DFF pass (perform DFF optimizations).
7.1.14. Executing OPT_CLEAN pass (remove unused cells and wires).
7.1.15. Rerunning OPT passes. (Removed registers in this run.)
7.1.16. Executing OPT_EXPR pass (perform const folding).
7.1.17. Executing OPT_MERGE pass (detect identical cells).
7.1.18. Executing OPT_DFF pass (perform DFF optimizations).
7.1.19. Executing OPT_CLEAN pass (remove unused cells and wires).
7.1.20. Rerunning OPT passes. (Removed registers in this run.)
7.1.21. Executing OPT_EXPR pass (perform const folding).
7.1.22. Executing OPT_MERGE pass (detect identical cells).
7.1.23. Executing OPT_DFF pass (perform DFF optimizations).
7.1.24. Executing OPT_CLEAN pass (remove unused cells and wires).
7.1.25. Rerunning OPT passes. (Removed registers in this run.)
7.1.26. Executing OPT_EXPR pass (perform const folding).
7.1.27. Executing OPT_MERGE pass (detect identical cells).
7.1.28. Executing OPT_DFF pass (perform DFF optimizations).
7.1.29. Executing OPT_CLEAN pass (remove unused cells and wires).
7.1.30. Rerunning OPT passes. (Removed registers in this run.)
7.1.31. Executing OPT_EXPR pass (perform const folding).
7.1.32. Executing OPT_MERGE pass (detect identical cells).
7.1.33. Executing OPT_DFF pass (perform DFF optimizations).
7.1.34. Executing OPT_CLEAN pass (remove unused cells and wires).
7.1.35. Rerunning OPT passes. (Removed registers in this run.)
7.1.36. Executing OPT_EXPR pass (perform const folding).
7.1.37. Executing OPT_MERGE pass (detect identical cells).
7.1.38. Executing OPT_DFF pass (perform DFF optimizations).
7.1.39. Executing OPT_CLEAN pass (remove unused cells and wires).
7.1.40. Rerunning OPT passes. (Removed registers in this run.)
7.1.41. Executing OPT_EXPR pass (perform const folding).
7.1.42. Executing OPT_MERGE pass (detect identical cells).
7.1.43. Executing OPT_DFF pass (perform DFF optimizations).
7.1.44. Executing OPT_CLEAN pass (remove unused cells and wires).
7.1.45. Finished fast OPT passes.
7.2. Executing MEMORY_MAP pass (converting memories to logic and flip-flops).
7.3. Executing OPT pass (performing simple optimizations).
7.3.1. Executing OPT_EXPR pass (perform const folding).
7.3.2. Executing OPT_MERGE pass (detect identical cells).
7.3.3. Executing OPT_MUXTREE pass (detect dead branches in mux trees).
7.3.4. Executing OPT_REDUCE pass (consolidate $*mux and $reduce_* inputs).
7.3.5. Executing OPT_MERGE pass (detect identical cells).
7.3.6. Executing OPT_SHARE pass.
7.3.7. Executing OPT_DFF pass (perform DFF optimizations).
7.3.8. Executing OPT_CLEAN pass (remove unused cells and wires).
7.3.9. Executing OPT_EXPR pass (perform const folding).
7.3.10. Rerunning OPT passes. (Maybe there is more to do..)
7.3.11. Executing OPT_MUXTREE pass (detect dead branches in mux trees).
7.3.12. Executing OPT_REDUCE pass (consolidate $*mux and $reduce_* inputs).
7.3.13. Executing OPT_MERGE pass (detect identical cells).
7.3.14. Executing OPT_SHARE pass.
7.3.15. Executing OPT_DFF pass (perform DFF optimizations).
7.3.16. Executing OPT_CLEAN pass (remove unused cells and wires).
7.3.17. Executing OPT_EXPR pass (perform const folding).
7.3.18. Rerunning OPT passes. (Maybe there is more to do..)
7.3.19. Executing OPT_MUXTREE pass (detect dead branches in mux trees).
7.3.20. Executing OPT_REDUCE pass (consolidate $*mux and $reduce_* inputs).
7.3.21. Executing OPT_MERGE pass (detect identical cells).
7.3.22. Executing OPT_SHARE pass.
7.3.23. Executing OPT_DFF pass (perform DFF optimizations).
7.3.24. Executing OPT_CLEAN pass (remove unused cells and wires).
7.3.25. Executing OPT_EXPR pass (perform const folding).
7.3.26. Rerunning OPT passes. (Maybe there is more to do..)
7.3.27. Executing OPT_MUXTREE pass (detect dead branches in mux trees).
7.3.28. Executing OPT_REDUCE pass (consolidate $*mux and $reduce_* inputs).
7.3.29. Executing OPT_MERGE pass (detect identical cells).
7.3.30. Executing OPT_SHARE pass.
7.3.31. Executing OPT_DFF pass (perform DFF optimizations).
7.3.32. Executing OPT_CLEAN pass (remove unused cells and wires).
7.3.33. Executing OPT_EXPR pass (perform const folding).
7.3.34. Finished fast OPT passes. (There is nothing left to do.)
7.4. Executing TECHMAP pass (map to technology primitives).
7.4.1. Executing Verilog-2005 frontend: /OpenROAD-flow-scripts/tools/install/yosys/bin/../share/yosys/techmap.v
7.4.2. Executing Verilog-2005 frontend: /OpenROAD-flow-scripts/flow/platforms/common/lcu_kogge_stone.v
7.4.3. Continuing TECHMAP pass.
7.5. Executing OPT pass (performing simple optimizations).
7.5.1. Executing OPT_EXPR pass (perform const folding).
7.5.2. Executing OPT_MERGE pass (detect identical cells).
7.5.3. Executing OPT_DFF pass (perform DFF optimizations).
7.5.4. Executing OPT_CLEAN pass (remove unused cells and wires).
7.5.5. Finished fast OPT passes.
7.6. Executing HIERARCHY pass (managing design hierarchy).
7.6.1. Analyzing design hierarchy..
7.6.2. Analyzing design hierarchy..
7.7. Printing statistics.
7.8. Executing CHECK pass (checking for obvious problems).
8. Executing OPT pass (performing simple optimizations).
8.1. Executing OPT_EXPR pass (perform const folding).
8.2. Executing OPT_MERGE pass (detect identical cells).
8.3. Executing OPT_MUXTREE pass (detect dead branches in mux trees).
8.4. Executing OPT_REDUCE pass (consolidate $*mux and $reduce_* inputs).
8.5. Executing OPT_MERGE pass (detect identical cells).
8.6. Executing OPT_DFF pass (perform DFF optimizations).
8.7. Executing OPT_CLEAN pass (remove unused cells and wires).
8.8. Executing OPT_EXPR pass (perform const folding).
8.9. Rerunning OPT passes. (Maybe there is more to do..)
8.10. Executing OPT_MUXTREE pass (detect dead branches in mux trees).
8.11. Executing OPT_REDUCE pass (consolidate $*mux and $reduce_* inputs).
8.12. Executing OPT_MERGE pass (detect identical cells).
8.13. Executing OPT_DFF pass (perform DFF optimizations).
8.14. Executing OPT_CLEAN pass (remove unused cells and wires).
8.15. Executing OPT_EXPR pass (perform const folding).
8.16. Rerunning OPT passes. (Maybe there is more to do..)
8.17. Executing OPT_MUXTREE pass (detect dead branches in mux trees).
8.18. Executing OPT_REDUCE pass (consolidate $*mux and $reduce_* inputs).
8.19. Executing OPT_MERGE pass (detect identical cells).
8.20. Executing OPT_DFF pass (perform DFF optimizations).
8.21. Executing OPT_CLEAN pass (remove unused cells and wires).
8.22. Executing OPT_EXPR pass (perform const folding).
8.23. Finished fast OPT passes. (There is nothing left to do.)
9. Executing EXTRACT_FA pass (find and extract full/half adders).
10. Executing TECHMAP pass (map to technology primitives).
10.1. Executing Verilog-2005 frontend: /OpenROAD-flow-scripts/flow/platforms/nangate45/cells_adders.v
10.2. Continuing TECHMAP pass.
11. Executing TECHMAP pass (map to technology primitives).
11.1. Executing Verilog-2005 frontend: /OpenROAD-flow-scripts/tools/install/yosys/bin/../share/yosys/techmap.v
11.2. Continuing TECHMAP pass.
12. Executing OPT pass (performing simple optimizations).
12.1. Executing OPT_EXPR pass (perform const folding).
12.2. Executing OPT_MERGE pass (detect identical cells).
12.3. Executing OPT_DFF pass (perform DFF optimizations).
12.4. Executing OPT_CLEAN pass (remove unused cells and wires).
12.5. Finished fast OPT passes.
13. Executing DFFLEGALIZE pass (convert FFs to types supported by the target).
14. Executing TECHMAP pass (map to technology primitives).
14.1. Executing Verilog-2005 frontend: /OpenROAD-flow-scripts/flow/platforms/nangate45/cells_latch.v
14.2. Continuing TECHMAP pass.
15. Executing DFFLIBMAP pass (mapping DFF cells to sequential cells from liberty file).
15.1. Executing DFFLEGALIZE pass (convert FFs to types supported by the target).
16. Executing OPT pass (performing simple optimizations).
16.1. Executing OPT_EXPR pass (perform const folding).
16.2. Executing OPT_MERGE pass (detect identical cells).
16.3. Executing OPT_MUXTREE pass (detect dead branches in mux trees).
16.4. Executing OPT_REDUCE pass (consolidate $*mux and $reduce_* inputs).
16.5. Executing OPT_MERGE pass (detect identical cells).
16.6. Executing OPT_DFF pass (perform DFF optimizations).
16.7. Executing OPT_CLEAN pass (remove unused cells and wires).
16.8. Executing OPT_EXPR pass (perform const folding).
16.9. Rerunning OPT passes. (Maybe there is more to do..)
16.10. Executing OPT_MUXTREE pass (detect dead branches in mux trees).
16.11. Executing OPT_REDUCE pass (consolidate $*mux and $reduce_* inputs).
16.12. Executing OPT_MERGE pass (detect identical cells).
16.13. Executing OPT_DFF pass (perform DFF optimizations).
16.14. Executing OPT_CLEAN pass (remove unused cells and wires).
16.15. Executing OPT_EXPR pass (perform const folding).
16.16. Finished fast OPT passes. (There is nothing left to do.)
17. Executing SETUNDEF pass (replace undef values with defined constants).
abc -script /OpenROAD-flow-scripts/flow/scripts/abc_speed.script -liberty /OpenROAD-flow-scripts/flow/platforms/nangate45/lib/NangateOpenCellLibrary_typical.lib -liberty /OpenROAD-flow-scripts/flow/designs/nangate45/tinyRocket/fakeram45_1024x32.lib -liberty /OpenROAD-flow-scripts/flow/designs/nangate45/tinyRocket/fakeram45_64x32.lib -dont_use TAPCELL_X1 -dont_use FILLCELL_X1 -dont_use AOI211_X1 -dont_use OAI211_X1 -constr /work/objects/nangate45/tinyRocket/base/abc.constr -D 1.2
18. Executing ABC pass (technology mapping using ABC).
18.1. Extracting gate netlist of module `\CSRFile' to `<abc-temp-dir>/input.blif'..
18.1.1. Executed ABC.
18.1.2. Re-integrating ABC results.
18.2. Extracting gate netlist of module `\DCache' to `<abc-temp-dir>/input.blif'..
18.2.1. Executed ABC.
18.2.2. Re-integrating ABC results.
18.3. Extracting gate netlist of module `\Frontend' to `<abc-temp-dir>/input.blif'..
18.3.1. Executed ABC.
18.3.2. Re-integrating ABC results.
18.4. Extracting gate netlist of module `\MulDiv' to `<abc-temp-dir>/input.blif'..
18.4.1. Executed ABC.
18.4.2. Re-integrating ABC results.
18.5. Extracting gate netlist of module `\Rocket' to `<abc-temp-dir>/input.blif'..
18.5.1. Executed ABC.
18.5.2. Re-integrating ABC results.
18.6. Extracting gate netlist of module `\RocketTile' to `<abc-temp-dir>/input.blif'..
18.6.1. Executed ABC.
18.6.2. Re-integrating ABC results.
Took 36 seconds: abc -script /OpenROAD-flow-scripts/flow/scripts/abc_speed.script -liberty /OpenROAD-flow-scripts/flow/platforms/nangate45/lib/NangateOpenCellLibrary_typical.lib -liberty /OpenROAD-flow-scripts/flow/designs/nangate45/tinyRocket/fakeram45_1024x32.lib -liberty /OpenROAD-flow-scripts/flow/designs/nangate45/tinyRocket/fakeram45_64x32.lib -dont_use TAPCELL_X1 -dont_use FILLCELL_X1 -dont_use AOI211_X1 -dont_use OAI211_X1 -constr /work/objects/nangate45/tinyRocket/base/abc.constr -D 1.2
19. Executing SPLITNETS pass (splitting up multi-bit signals).
20. Executing OPT_CLEAN pass (remove unused cells and wires).
21. Executing HILOMAP pass (mapping to constant drivers).
22. Executing INSBUF pass (insert buffer cells for connected wires).
23. Executing CHECK pass (checking for obvious problems).
24. Printing statistics.
25. Executing CHECK pass (checking for obvious problems).
26. Executing Verilog backend.
26.1. Executing BMUXMAP pass.
26.2. Executing DEMUXMAP pass.
Warnings: 10 unique messages, 10 total
End of script. Logfile hash: 5a7facf136, time: 50.71s, user: 15.38s, system: 0.54s, MEM: 147.93 MB peak
Yosys 0.68+post (git sha1 UNKNOWN, Release, GNU /usr/local/bin/wrapped-cc/g++ 11.4.0)
Time spent: 69% 1x abc (35 sec), 9% 1x extract_fa (4 sec), ...
Elapsed time: 0:50.78[h:]min:sec. CPU time: user 43.08 sys 8.33 (101%). Peak memory: 152760KB.
Log                       Ext     Elapsed/s Peak Memory/MB sha1sum result [0:20)
1_2_yosys                 .v             50            149 65aa0c577f5da06aed8a
cp /OpenROAD-flow-scripts/flow/designs/nangate45/tinyRocket/constraint.sdc /work/results/nangate45/tinyRocket/base/1_2_yosys.sdc
touch -r /OpenROAD-flow-scripts/flow/designs/nangate45/tinyRocket/constraint.sdc /work/results/nangate45/tinyRocket/base/1_2_yosys.sdc
OpenROAD unknown 
Features included (+) or not (-): -GPU +GUI -Python
This program is licensed under the BSD-3 license. See the LICENSE file for details.
Components of this program may be licensed under more restrictive licenses which must be honored.
[INFO ORD-0030] Using 16 thread(s).
mkdir -p /work/objects/nangate45/tinyRocket/base
/OpenROAD-flow-scripts/flow/scripts/flow.sh 1_synth synth_odb
Running synth_odb.tcl, stage 1_synth
read_liberty /OpenROAD-flow-scripts/flow/platforms/nangate45/lib/NangateOpenCellLibrary_typical.lib
read_liberty /OpenROAD-flow-scripts/flow/designs/nangate45/tinyRocket/fakeram45_1024x32.lib
read_liberty /OpenROAD-flow-scripts/flow/designs/nangate45/tinyRocket/fakeram45_64x32.lib
[INFO ODB-0227] LEF file: /OpenROAD-flow-scripts/flow/platforms/nangate45/lef/NangateOpenCellLibrary.tech.lef, created 22 layers, 27 vias
[INFO ODB-0227] LEF file: /OpenROAD-flow-scripts/flow/platforms/nangate45/lef/NangateOpenCellLibrary.macro.mod.lef, created 135 library cells
[INFO ODB-0227] LEF file: /OpenROAD-flow-scripts/flow/designs/nangate45/tinyRocket/fakeram45_1024x32.lef, created 1 library cells
[INFO ODB-0227] LEF file: /OpenROAD-flow-scripts/flow/designs/nangate45/tinyRocket/fakeram45_64x32.lef, created 1 library cells
link_design RocketTile
read_sdc /work/results/nangate45/tinyRocket/base/1_2_yosys.sdc
source /OpenROAD-flow-scripts/flow/platforms/nangate45/setRC.tcl
eliminate_dead_logic
Removed 738 unused instances and 860 unused nets.
Design area 53426 um^2 100% utilization.
write_db /work/results/nangate45/tinyRocket/base/1_synth.odb
write_sdc -no_timestamp /work/results/nangate45/tinyRocket/base/1_synth.sdc
Elapsed time: 0:00.73[h:]min:sec. CPU time: user 0.63 sys 0.09 (99%). Peak memory: 169240KB.
Log                       Ext     Elapsed/s Peak Memory/MB sha1sum result [0:20)
1_synth                   .odb            0            165 08daaac67c6e9719b122
1_synth                   .sdc                             934708da7bde60b348d4
/OpenROAD-flow-scripts/flow/scripts/flow.sh 2_1_floorplan floorplan
Running floorplan.tcl, stage 2_1_floorplan
read_liberty /OpenROAD-flow-scripts/flow/platforms/nangate45/lib/NangateOpenCellLibrary_typical.lib
read_liberty /OpenROAD-flow-scripts/flow/designs/nangate45/tinyRocket/fakeram45_1024x32.lib
read_liberty /OpenROAD-flow-scripts/flow/designs/nangate45/tinyRocket/fakeram45_64x32.lib
read_db /work/results/nangate45/tinyRocket/base/1_synth.odb
read_sdc /work/results/nangate45/tinyRocket/base/1_synth.sdc
source /OpenROAD-flow-scripts/flow/platforms/nangate45/setRC.tcl
Master fakeram45_1024x32 is loaded but not used in the design

==========================================================================
Floorplan check_setup
--------------------------------------------------------------------------
Warning: There are 136 input ports missing set_input_delay.
Warning: There are 124 output ports missing set_output_delay.
Warning: There are 125 unconstrained endpoints.
number instances in verilog is 27624
initialize_floorplan -utilization 60 -aspect_ratio 1 -core_space 2 -site FreePDK45_38x28_10R_NP_162NW_34O
[INFO IFP-0107] Defining die area using utilization: 60.00% and aspect ratio: 1.
[WARNING IFP-0028] Core area lower left (2.000, 2.000) snapped to (2.090, 2.800).
[INFO IFP-0001] Added 212 rows of 1570 site FreePDK45_38x28_10R_NP_162NW_34O.
[INFO IFP-0100] Die BBox:  (  0.000  0.000 ) ( 302.400 302.400 ) um
[INFO IFP-0101] Core BBox: (  2.090  2.800 ) ( 300.390 299.600 ) um
[INFO IFP-0102] Core area:                        88535.440 um^2
[INFO IFP-0103] Total instances area:             53426.100 um^2
[INFO IFP-0104] Effective utilization:                0.603
[INFO IFP-0105] Number of instances:                  27624
source /OpenROAD-flow-scripts/flow/platforms/nangate45/make_tracks.tcl
source /OpenROAD-flow-scripts/flow/platforms/nangate45/fastroute.tcl
set_dont_use "TAPCELL_X1 FILLCELL_X1 AOI211_X1 OAI211_X1"
repair_tie_fanout -separation 0 NangateOpenCellLibrary/LOGIC0_X1/Z
[INFO RSZ-0042] Inserted 72 tie LOGIC0_X1 instances.
repair_tie_fanout -separation 0 NangateOpenCellLibrary/LOGIC1_X1/Z
[INFO RSZ-0042] Inserted 25 tie LOGIC1_X1 instances.
repair_timing -setup_margin 0 -hold_margin 0 -repair_tns 100 -setup -skip_last_gasp -sequence unbuffer,sizeup,swap,vt_swap -verbose
[WARNING EST-0027] no estimated parasitics. Using wire load models.
[INFO RSZ-0100] Repair move sequence: UnbufferMove SizeUpMove SwapPinsMove 
[INFO RSZ-0094] Found 670 endpoints with setup violations.
[INFO RSZ-0099] Repairing 670 out of 670 (100.00%) violating endpoints...
   Iter   | Removed | Resized | Inserted | Cloned |  Pin  |   Area   |    WNS   |   StTNS    |   EnTNS    |  Viol  |  Worst  
          | Buffers |  Gates  | Buffers  |  Gates | Swaps |          |          |            |            | Endpts | St/EnPt 
------------------------------------------------------------------------------------------------------------------------------
       0* |       0 |       0 |        0 |      0 |     0 |    +0.0% |   -0.301 |      -20.7 |     -105.9 |    670 | frontend/fq._T_2_4_data\[0\]$_DFFE_PP_/D
      10* |       0 |       8 |        0 |      0 |     1 |    +0.0% |   -0.269 |      -18.6 |      -99.0 |    670 | frontend/fq._T_2_1_data\[10\]$_DFFE_PP_/D
      20* |       0 |      18 |        0 |      0 |     1 |    +0.0% |   -0.260 |      -18.0 |      -97.6 |    670 | frontend/fq._T_2_3_data\[10\]$_DFFE_PP_/D
      30* |       0 |      28 |        0 |      0 |     1 |    +0.0% |   -0.228 |      -16.2 |      -78.8 |    670 | dcache/s1_req_addr\[30\]$_DFFE_PP_/D
      40* |       0 |      38 |        0 |      0 |     1 |    +0.0% |   -0.205 |      -14.5 |      -70.2 |    670 | core/div/remainder\[64\]$_SDFFE_PP0P_/D
      50* |       0 |      47 |        0 |      0 |     2 |    +0.0% |   -0.189 |      -13.6 |      -69.7 |    670 | core/div/remainder\[57\]$_SDFFE_PP0P_/D
      60* |       0 |      57 |        0 |      0 |     2 |    +0.0% |   -0.185 |      -13.2 |      -68.2 |    670 | core/div/remainder\[64\]$_SDFFE_PP0P_/D
      70* |       0 |      67 |        0 |      0 |     2 |    +0.0% |   -0.179 |      -12.5 |      -67.0 |    670 | frontend/fq._T_2_4_data\[21\]$_DFFE_PP_/D
      80* |       0 |      74 |        0 |      0 |     5 |    +0.1% |   -0.173 |      -12.2 |      -64.2 |    670 | frontend/fq._T_2_0_data\[0\]$_DFFE_PP_/D
      90* |       0 |      83 |        0 |      0 |     6 |    +0.1% |   -0.167 |      -11.7 |      -60.2 |    670 | core/div/remainder\[64\]$_SDFFE_PP0P_/D
     100* |       0 |      91 |        0 |      0 |     8 |    +0.1% |   -0.167 |      -11.4 |      -61.0 |    670 | frontend/fq._T_2_1_data\[0\]$_DFFE_PP_/D
     110* |       0 |      98 |        0 |      0 |    11 |    +0.1% |   -0.172 |      -11.7 |      -60.0 |    670 | core/div/remainder\[62\]$_SDFFE_PP0P_/D
     120* |       0 |     106 |        0 |      0 |    13 |    +0.1% |   -0.162 |      -11.5 |      -59.9 |    670 | core/div/remainder\[62\]$_SDFFE_PP0P_/D
     130* |       0 |     115 |        0 |      0 |    14 |    +0.1% |   -0.161 |      -11.4 |      -59.2 |    670 | core/div/remainder\[62\]$_SDFFE_PP0P_/D
     140* |       0 |     123 |        0 |      0 |    16 |    +0.1% |   -0.156 |      -10.8 |      -55.6 |    670 | core/div/remainder\[61\]$_SDFFE_PP0P_/D
     150* |       0 |     131 |        0 |      0 |    18 |    +0.1% |   -0.148 |       -9.7 |      -55.3 |    670 | dcache/s1_req_addr\[30\]$_DFFE_PP_/D
     160* |       0 |     140 |        0 |      0 |    19 |    +0.1% |   -0.142 |       -9.1 |      -54.2 |    670 | frontend/fq._T_2_1_data\[0\]$_DFFE_PP_/D
     170* |       0 |     148 |        0 |      0 |    21 |    +0.1% |   -0.139 |       -9.0 |      -50.4 |    670 | core/div/remainder\[64\]$_SDFFE_PP0P_/D
     180* |       0 |     150 |        0 |      0 |    29 |    +0.2% |   -0.136 |       -8.9 |      -50.3 |    670 | core/div/remainder\[64\]$_SDFFE_PP0P_/D
     190* |       0 |     158 |        0 |      0 |    31 |    +0.2% |   -0.136 |       -8.2 |      -49.9 |    670 | frontend/fq._T_2_1_data\[0\]$_DFFE_PP_/D
     200* |       0 |     166 |        0 |      0 |    33 |    +0.2% |   -0.132 |       -8.1 |      -44.0 |    670 | core/div/remainder\[64\]$_SDFFE_PP0P_/D
     210* |       0 |     172 |        0 |      0 |    37 |    +0.2% |   -0.128 |       -8.0 |      -44.0 |    670 | core/div/remainder\[64\]$_SDFFE_PP0P_/D
     220* |       0 |     178 |        0 |      0 |    41 |    +0.2% |   -0.129 |       -8.0 |      -44.0 |    670 | core/div/remainder\[57\]$_SDFFE_PP0P_/D
     230* |       0 |     182 |        0 |      0 |    47 |    +0.2% |   -0.141 |       -8.1 |      -44.0 |    670 | core/div/remainder\[61\]$_SDFFE_PP0P_/D
     240* |       0 |     187 |        0 |      0 |    52 |    +0.2% |   -0.130 |       -7.9 |      -44.0 |    670 | core/div/remainder\[64\]$_SDFFE_PP0P_/D
     250* |       0 |     191 |        0 |      0 |    58 |    +0.2% |   -0.127 |       -7.8 |      -44.8 |    670 | frontend/fq._T_2_4_data\[10\]$_DFFE_PP_/D
     260* |       0 |     197 |        0 |      0 |    62 |    +0.2% |   -0.124 |       -7.7 |      -42.6 |    670 | core/div/remainder\[57\]$_SDFFE_PP0P_/D
     270* |       0 |     204 |        0 |      0 |    65 |    +0.2% |   -0.126 |       -7.8 |      -42.9 |    670 | core/div/remainder\[64\]$_SDFFE_PP0P_/D
     276* |       0 |     209 |        0 |      0 |    66 |    +0.2% |   -0.121 |       -7.2 |      -41.8 |    670 | core/div/remainder\[57\]$_SDFFE_PP0P_/D
     280* |       0 |     211 |        0 |      0 |    67 |    +0.2% |   -0.121 |       -7.2 |      -41.5 |    670 | core/div/remainder\[57\]$_SDFFE_PP0P_/D
     290* |       0 |     217 |        0 |      0 |    71 |    +0.3% |   -0.121 |       -7.3 |      -40.4 |    670 | core/div/remainder\[57\]$_SDFFE_PP0P_/D
     295* |       0 |     217 |        0 |      0 |    71 |    +0.3% |   -0.121 |       -7.3 |      -40.4 |    670 | core/div/remainder\[57\]$_SDFFE_PP0P_/D
     300* |       0 |     220 |        0 |      0 |    72 |    +0.3% |   -0.127 |       -7.3 |      -42.4 |    670 | frontend/fq._T_2_4_data\[21\]$_DFFE_PP_/D
     307* |       0 |     222 |        0 |      0 |    72 |    +0.3% |   -0.121 |       -7.3 |      -42.1 |    670 | core/div/remainder\[57\]$_SDFFE_PP0P_/D
     310* |       0 |     224 |        0 |      0 |    72 |    +0.3% |   -0.126 |       -7.3 |      -43.2 |    670 | frontend/fq._T_2_0_data\[0\]$_DFFE_PP_/D
     313* |       0 |     222 |        0 |      0 |    72 |    +0.3% |   -0.121 |       -7.3 |      -42.1 |    670 | core/div/remainder\[57\]$_SDFFE_PP0P_/D
     319* |       0 |     222 |        0 |      0 |    72 |    +0.3% |   -0.121 |       -7.3 |      -42.1 |    670 | core/div/remainder\[57\]$_SDFFE_PP0P_/D
     320* |       0 |     222 |        0 |      0 |    72 |    +0.3% |   -0.121 |       -7.3 |      -42.1 |    670 | core/div/remainder\[57\]$_SDFFE_PP0P_/D
     325* |       0 |     222 |        0 |      0 |    72 |    +0.3% |   -0.121 |       -7.3 |      -42.1 |    670 | core/div/remainder\[57\]$_SDFFE_PP0P_/D
     330* |       0 |     226 |        0 |      0 |    72 |    +0.3% |   -0.126 |       -7.3 |      -42.5 |    670 | frontend/fq._T_2_0_data\[0\]$_DFFE_PP_/D
     331* |       0 |     222 |        0 |      0 |    72 |    +0.3% |   -0.121 |       -7.3 |      -42.1 |    670 | core/div/remainder\[57\]$_SDFFE_PP0P_/D
     337* |       0 |     222 |        0 |      0 |    72 |    +0.3% |   -0.121 |       -7.3 |      -42.1 |    670 | core/div/remainder\[57\]$_SDFFE_PP0P_/D
     340* |       0 |     224 |        0 |      0 |    72 |    +0.3% |   -0.126 |       -7.3 |      -43.2 |    670 | frontend/fq._T_2_0_data\[0\]$_DFFE_PP_/D
     343* |       0 |     222 |        0 |      0 |    72 |    +0.3% |   -0.121 |       -7.3 |      -42.1 |    670 | core/div/remainder\[57\]$_SDFFE_PP0P_/D
     349* |       0 |     222 |        0 |      0 |    72 |    +0.3% |   -0.121 |       -7.3 |      -42.1 |    670 | core/div/remainder\[57\]$_SDFFE_PP0P_/D
     350* |       0 |     222 |        0 |      0 |    72 |    +0.3% |   -0.121 |       -7.3 |      -42.1 |    670 | core/div/remainder\[57\]$_SDFFE_PP0P_/D
     355* |       0 |     222 |        0 |      0 |    72 |    +0.3% |   -0.121 |       -7.3 |      -42.1 |    670 | core/div/remainder\[57\]$_SDFFE_PP0P_/D
     360* |       0 |     226 |        0 |      0 |    72 |    +0.3% |   -0.126 |       -7.3 |      -42.5 |    670 | frontend/fq._T_2_0_data\[0\]$_DFFE_PP_/D
     361* |       0 |     222 |        0 |      0 |    72 |    +0.3% |   -0.121 |       -7.3 |      -42.1 |    670 | core/div/remainder\[57\]$_SDFFE_PP0P_/D
     367* |       0 |     222 |        0 |      0 |    72 |    +0.3% |   -0.121 |       -7.3 |      -42.1 |    670 | core/div/remainder\[57\]$_SDFFE_PP0P_/D
     370* |       0 |     224 |        0 |      0 |    72 |    +0.3% |   -0.121 |       -7.3 |      -42.2 |    670 | core/div/remainder\[57\]$_SDFFE_PP0P_/D
     377* |       0 |     226 |        0 |      0 |    72 |    +0.3% |   -0.121 |       -7.2 |      -42.0 |    670 | core/div/remainder\[57\]$_SDFFE_PP0P_/D
     380* |       0 |     228 |        0 |      0 |    72 |    +0.3% |   -0.126 |       -7.3 |      -43.0 |    670 | frontend/fq._T_2_0_data\[0\]$_DFFE_PP_/D
     383* |       0 |     226 |        0 |      0 |    72 |    +0.3% |   -0.121 |       -7.2 |      -42.0 |    670 | core/div/remainder\[57\]$_SDFFE_PP0P_/D
     389* |       0 |     226 |        0 |      0 |    72 |    +0.3% |   -0.121 |       -7.2 |      -42.0 |    670 | core/div/remainder\[57\]$_SDFFE_PP0P_/D
     390* |       0 |     226 |        0 |      0 |    72 |    +0.3% |   -0.121 |       -7.2 |      -42.0 |    670 | core/div/remainder\[57\]$_SDFFE_PP0P_/D
     395* |       0 |     226 |        0 |      0 |    72 |    +0.3% |   -0.121 |       -7.2 |      -42.0 |    670 | core/div/remainder\[57\]$_SDFFE_PP0P_/D
     400* |       0 |     230 |        0 |      0 |    72 |    +0.3% |   -0.126 |       -7.3 |      -42.3 |    670 | frontend/fq._T_2_0_data\[0\]$_DFFE_PP_/D
     401* |       0 |     226 |        0 |      0 |    72 |    +0.3% |   -0.121 |       -7.2 |      -42.0 |    670 | core/div/remainder\[57\]$_SDFFE_PP0P_/D
     407* |       0 |     226 |        0 |      0 |    72 |    +0.3% |   -0.121 |       -7.2 |      -42.0 |    670 | core/div/remainder\[57\]$_SDFFE_PP0P_/D
     410* |       0 |     228 |        0 |      0 |    72 |    +0.3% |   -0.126 |       -7.3 |      -43.0 |    670 | frontend/fq._T_2_0_data\[0\]$_DFFE_PP_/D
     413* |       0 |     226 |        0 |      0 |    72 |    +0.3% |   -0.121 |       -7.2 |      -42.0 |    670 | core/div/remainder\[57\]$_SDFFE_PP0P_/D
     419* |       0 |     226 |        0 |      0 |    72 |    +0.3% |   -0.121 |       -7.2 |      -42.0 |    670 | core/div/remainder\[57\]$_SDFFE_PP0P_/D
     420* |       0 |     226 |        0 |      0 |    72 |    +0.3% |   -0.121 |       -7.2 |      -42.0 |    670 | core/div/remainder\[57\]$_SDFFE_PP0P_/D
     425* |       0 |     226 |        0 |      0 |    72 |    +0.3% |   -0.121 |       -7.2 |      -42.0 |    670 | core/div/remainder\[57\]$_SDFFE_PP0P_/D
     430* |       0 |     230 |        0 |      0 |    72 |    +0.3% |   -0.126 |       -7.3 |      -42.3 |    670 | frontend/fq._T_2_0_data\[0\]$_DFFE_PP_/D
     431* |       0 |     226 |        0 |      0 |    72 |    +0.3% |   -0.121 |       -7.2 |      -42.0 |    670 | core/div/remainder\[57\]$_SDFFE_PP0P_/D
     437* |       0 |     226 |        0 |      0 |    72 |    +0.3% |   -0.121 |       -7.2 |      -42.0 |    670 | core/div/remainder\[57\]$_SDFFE_PP0P_/D
     440* |       0 |     228 |        0 |      0 |    72 |    +0.3% |   -0.126 |       -7.3 |      -43.0 |    670 | frontend/fq._T_2_0_data\[0\]$_DFFE_PP_/D
     443* |       0 |     226 |        0 |      0 |    72 |    +0.3% |   -0.121 |       -7.2 |      -42.0 |    670 | core/div/remainder\[57\]$_SDFFE_PP0P_/D
     449* |       0 |     226 |        0 |      0 |    72 |    +0.3% |   -0.121 |       -7.2 |      -42.0 |    670 | core/div/remainder\[57\]$_SDFFE_PP0P_/D
     450* |       0 |     226 |        0 |      0 |    72 |    +0.3% |   -0.121 |       -7.2 |      -42.0 |    670 | core/div/remainder\[57\]$_SDFFE_PP0P_/D
     455* |       0 |     226 |        0 |      0 |    72 |    +0.3% |   -0.121 |       -7.2 |      -42.0 |    670 | core/div/remainder\[57\]$_SDFFE_PP0P_/D
     460* |       0 |     230 |        0 |      0 |    72 |    +0.3% |   -0.126 |       -7.3 |      -42.3 |    670 | frontend/fq._T_2_0_data\[0\]$_DFFE_PP_/D
     461* |       0 |     226 |        0 |      0 |    72 |    +0.3% |   -0.121 |       -7.2 |      -42.0 |    670 | core/div/remainder\[57\]$_SDFFE_PP0P_/D
     467* |       0 |     226 |        0 |      0 |    72 |    +0.3% |   -0.121 |       -7.2 |      -42.0 |    670 | core/div/remainder\[57\]$_SDFFE_PP0P_/D
     470* |       0 |     228 |        0 |      0 |    72 |    +0.3% |   -0.126 |       -7.3 |      -43.0 |    670 | frontend/fq._T_2_0_data\[0\]$_DFFE_PP_/D
     473* |       0 |     226 |        0 |      0 |    72 |    +0.3% |   -0.121 |       -7.2 |      -42.0 |    670 | core/div/remainder\[57\]$_SDFFE_PP0P_/D
     479* |       0 |     226 |        0 |      0 |    72 |    +0.3% |   -0.121 |       -7.2 |      -42.0 |    670 | core/div/remainder\[57\]$_SDFFE_PP0P_/D
     480* |       0 |     226 |        0 |      0 |    72 |    +0.3% |   -0.121 |       -7.2 |      -42.0 |    670 | core/div/remainder\[57\]$_SDFFE_PP0P_/D
     487* |       0 |     228 |        0 |      0 |    72 |    +0.3% |   -0.121 |       -7.2 |      -42.0 |    670 | core/div/remainder\[57\]$_SDFFE_PP0P_/D
     490* |       0 |     230 |        0 |      0 |    72 |    +0.3% |   -0.126 |       -7.3 |      -43.0 |    670 | frontend/fq._T_2_0_data\[0\]$_DFFE_PP_/D
     493* |       0 |     228 |        0 |      0 |    72 |    +0.3% |   -0.121 |       -7.2 |      -42.0 |    670 | core/div/remainder\[57\]$_SDFFE_PP0P_/D
     499* |       0 |     228 |        0 |      0 |    72 |    +0.3% |   -0.121 |       -7.2 |      -42.0 |    670 | core/div/remainder\[57\]$_SDFFE_PP0P_/D
     500* |       0 |     228 |        0 |      0 |    72 |    +0.3% |   -0.121 |       -7.2 |      -42.0 |    670 | core/div/remainder\[57\]$_SDFFE_PP0P_/D
     505* |       0 |     228 |        0 |      0 |    72 |    +0.3% |   -0.121 |       -7.2 |      -42.0 |    670 | core/div/remainder\[57\]$_SDFFE_PP0P_/D
     510* |       0 |     232 |        0 |      0 |    72 |    +0.3% |   -0.126 |       -7.3 |      -42.3 |    670 | frontend/fq._T_2_0_data\[0\]$_DFFE_PP_/D
     511* |       0 |     228 |        0 |      0 |    72 |    +0.3% |   -0.121 |       -7.2 |      -42.0 |    670 | core/div/remainder\[57\]$_SDFFE_PP0P_/D
     517* |       0 |     228 |        0 |      0 |    72 |    +0.3% |   -0.121 |       -7.2 |      -42.0 |    670 | core/div/remainder\[57\]$_SDFFE_PP0P_/D
     520* |       0 |     230 |        0 |      0 |    72 |    +0.3% |   -0.126 |       -7.3 |      -43.0 |    670 | frontend/fq._T_2_0_data\[0\]$_DFFE_PP_/D
     523* |       0 |     228 |        0 |      0 |    72 |    +0.3% |   -0.121 |       -7.2 |      -42.0 |    670 | core/div/remainder\[57\]$_SDFFE_PP0P_/D
     529* |       0 |     228 |        0 |      0 |    72 |    +0.3% |   -0.121 |       -7.2 |      -42.0 |    670 | core/div/remainder\[57\]$_SDFFE_PP0P_/D
     530* |       0 |     228 |        0 |      0 |    72 |    +0.3% |   -0.121 |       -7.2 |      -42.0 |    670 | core/div/remainder\[57\]$_SDFFE_PP0P_/D
     535* |       0 |     228 |        0 |      0 |    72 |    +0.3% |   -0.121 |       -7.2 |      -42.0 |    670 | core/div/remainder\[57\]$_SDFFE_PP0P_/D
     540* |       0 |     232 |        0 |      0 |    72 |    +0.3% |   -0.126 |       -7.3 |      -42.3 |    670 | frontend/fq._T_2_0_data\[0\]$_DFFE_PP_/D
     541* |       0 |     228 |        0 |      0 |    72 |    +0.3% |   -0.121 |       -7.2 |      -42.0 |    670 | core/div/remainder\[57\]$_SDFFE_PP0P_/D
     548* |       0 |     229 |        0 |      0 |    72 |    +0.3% |   -0.121 |       -7.2 |      -42.0 |    670 | core/div/remainder\[57\]$_SDFFE_PP0P_/D
     550* |       0 |     230 |        0 |      0 |    72 |    +0.3% |   -0.126 |       -7.3 |      -43.6 |    670 | frontend/fq._T_2_0_data\[0\]$_DFFE_PP_/D
     554* |       0 |     229 |        0 |      0 |    72 |    +0.3% |   -0.121 |       -7.2 |      -42.0 |    670 | core/div/remainder\[57\]$_SDFFE_PP0P_/D
     560* |       0 |     234 |        0 |      0 |    72 |    +0.3% |   -0.126 |       -7.3 |      -42.3 |    670 | frontend/fq._T_2_0_data\[0\]$_DFFE_PP_/D
     560* |       0 |     229 |        0 |      0 |    72 |    +0.3% |   -0.121 |       -7.2 |      -42.0 |    670 | core/div/remainder\[57\]$_SDFFE_PP0P_/D
     566* |       0 |     229 |        0 |      0 |    72 |    +0.3% |   -0.121 |       -7.2 |      -42.0 |    670 | core/div/remainder\[57\]$_SDFFE_PP0P_/D
     570* |       0 |     232 |        0 |      0 |    72 |    +0.3% |   -0.126 |       -7.3 |      -42.4 |    670 | frontend/fq._T_2_0_data\[0\]$_DFFE_PP_/D
     572* |       0 |     229 |        0 |      0 |    72 |    +0.3% |   -0.121 |       -7.2 |      -42.0 |    670 | core/div/remainder\[57\]$_SDFFE_PP0P_/D
     578* |       0 |     229 |        0 |      0 |    72 |    +0.3% |   -0.121 |       -7.2 |      -42.0 |    670 | core/div/remainder\[57\]$_SDFFE_PP0P_/D
     580* |       0 |     230 |        0 |      0 |    72 |    +0.3% |   -0.126 |       -7.3 |      -43.6 |    670 | frontend/fq._T_2_0_data\[0\]$_DFFE_PP_/D
     584* |       0 |     229 |        0 |      0 |    72 |    +0.3% |   -0.121 |       -7.2 |      -42.0 |    670 | core/div/remainder\[57\]$_SDFFE_PP0P_/D
     590* |       0 |     234 |        0 |      0 |    72 |    +0.3% |   -0.126 |       -7.3 |      -42.3 |    670 | frontend/fq._T_2_0_data\[0\]$_DFFE_PP_/D
     590* |       0 |     229 |        0 |      0 |    72 |    +0.3% |   -0.121 |       -7.2 |      -42.0 |    670 | core/div/remainder\[57\]$_SDFFE_PP0P_/D
     596* |       0 |     229 |        0 |      0 |    72 |    +0.3% |   -0.121 |       -7.2 |      -42.0 |    670 | core/div/remainder\[57\]$_SDFFE_PP0P_/D
     600* |       0 |     232 |        0 |      0 |    72 |    +0.3% |   -0.121 |       -7.2 |      -41.9 |    670 | core/div/remainder\[57\]$_SDFFE_PP0P_/D
     610* |       0 |     241 |        0 |      0 |    73 |    +0.3% |   -0.121 |       -6.8 |      -41.8 |    670 | core/div/remainder\[57\]$_SDFFE_PP0P_/D
     620* |       0 |     248 |        0 |      0 |    76 |    +0.3% |   -0.121 |       -6.2 |      -41.7 |    670 | core/div/remainder\[57\]$_SDFFE_PP0P_/D
     630* |       0 |     257 |        0 |      0 |    77 |    +0.4% |   -0.121 |       -6.1 |      -41.6 |    670 | core/div/remainder\[57\]$_SDFFE_PP0P_/D
     640* |       0 |     264 |        0 |      0 |    80 |    +0.4% |   -0.121 |       -6.0 |      -41.6 |    670 | core/div/remainder\[57\]$_SDFFE_PP0P_/D
     650* |       0 |     270 |        0 |      0 |    84 |    +0.4% |   -0.121 |       -6.2 |      -41.6 |    670 | core/div/remainder\[57\]$_SDFFE_PP0P_/D
     659* |       0 |     264 |        0 |      0 |    80 |    +0.4% |   -0.121 |       -6.0 |      -41.6 |    670 | core/div/remainder\[57\]$_SDFFE_PP0P_/D
     660* |       0 |     264 |        0 |      0 |    80 |    +0.4% |   -0.121 |       -6.0 |      -41.6 |    670 | core/div/remainder\[57\]$_SDFFE_PP0P_/D
     670* |       0 |     273 |        0 |      0 |    81 |    +0.4% |   -0.129 |       -6.0 |      -44.4 |    670 | frontend/fq._T_2_0_data\[0\]$_DFFE_PP_/D
     674* |       0 |     267 |        0 |      0 |    80 |    +0.4% |   -0.121 |       -6.0 |      -41.6 |    670 | core/div/remainder\[57\]$_SDFFE_PP0P_/D
     680* |       0 |     272 |        0 |      0 |    80 |    +0.4% |   -0.125 |       -6.0 |      -43.6 |    670 | frontend/fq._T_2_0_data\[0\]$_DFFE_PP_/D
     686* |       0 |     267 |        0 |      0 |    80 |    +0.4% |   -0.121 |       -6.0 |      -41.6 |    670 | core/div/remainder\[57\]$_SDFFE_PP0P_/D
     690* |       0 |     270 |        0 |      0 |    80 |    +0.4% |   -0.123 |       -6.0 |      -42.6 |    670 | frontend/fq._T_2_0_data\[0\]$_DFFE_PP_/D
     699* |       0 |     268 |        0 |      0 |    80 |    +0.4% |   -0.121 |       -6.0 |      -41.6 |    670 | core/div/remainder\[57\]$_SDFFE_PP0P_/D
     700* |       0 |     268 |        0 |      0 |    80 |    +0.4% |   -0.121 |       -6.0 |      -41.6 |    670 | core/div/remainder\[57\]$_SDFFE_PP0P_/D
     710* |       0 |     278 |        0 |      0 |    80 |    +0.4% |   -0.129 |       -6.0 |      -43.9 |    670 | frontend/fq._T_2_0_data\[0\]$_DFFE_PP_/D
     711* |       0 |     268 |        0 |      0 |    80 |    +0.4% |   -0.121 |       -6.0 |      -41.6 |    670 | core/div/remainder\[57\]$_SDFFE_PP0P_/D
     720* |       0 |     276 |        0 |      0 |    80 |    +0.4% |   -0.129 |       -6.0 |      -44.0 |    670 | frontend/fq._T_2_0_data\[0\]$_DFFE_PP_/D
     723* |       0 |     268 |        0 |      0 |    80 |    +0.4% |   -0.121 |       -6.0 |      -41.6 |    670 | core/div/remainder\[57\]$_SDFFE_PP0P_/D
     730* |       0 |     274 |        0 |      0 |    80 |    +0.4% |   -0.129 |       -6.0 |      -45.2 |    670 | frontend/fq._T_2_0_data\[0\]$_DFFE_PP_/D
     735* |       0 |     268 |        0 |      0 |    80 |    +0.4% |   -0.121 |       -6.0 |      -41.6 |    670 | core/div/remainder\[57\]$_SDFFE_PP0P_/D
     740* |       0 |     272 |        0 |      0 |    80 |    +0.4% |   -0.123 |       -6.0 |      -42.9 |    670 | frontend/fq._T_2_0_data\[0\]$_DFFE_PP_/D
     747* |       0 |     268 |        0 |      0 |    80 |    +0.4% |   -0.121 |       -6.0 |      -41.6 |    670 | core/div/remainder\[57\]$_SDFFE_PP0P_/D
     750* |       0 |     270 |        0 |      0 |    80 |    +0.4% |   -0.123 |       -6.0 |      -42.6 |    670 | frontend/fq._T_2_0_data\[0\]$_DFFE_PP_/D
     759* |       0 |     268 |        0 |      0 |    80 |    +0.4% |   -0.121 |       -6.0 |      -41.6 |    670 | core/div/remainder\[57\]$_SDFFE_PP0P_/D
     760* |       0 |     268 |        0 |      0 |    80 |    +0.4% |   -0.121 |       -6.0 |      -41.6 |    670 | core/div/remainder\[57\]$_SDFFE_PP0P_/D
     770* |       0 |     278 |        0 |      0 |    80 |    +0.4% |   -0.129 |       -6.0 |      -43.9 |    670 | frontend/fq._T_2_0_data\[0\]$_DFFE_PP_/D
     771* |       0 |     268 |        0 |      0 |    80 |    +0.4% |   -0.121 |       -6.0 |      -41.6 |    670 | core/div/remainder\[57\]$_SDFFE_PP0P_/D
     780* |       0 |     276 |        0 |      0 |    80 |    +0.4% |   -0.129 |       -6.0 |      -44.0 |    670 | frontend/fq._T_2_0_data\[0\]$_DFFE_PP_/D
     783* |       0 |     268 |        0 |      0 |    80 |    +0.4% |   -0.121 |       -6.0 |      -41.6 |    670 | core/div/remainder\[57\]$_SDFFE_PP0P_/D
     790* |       0 |     274 |        0 |      0 |    80 |    +0.4% |   -0.129 |       -6.0 |      -45.2 |    670 | frontend/fq._T_2_0_data\[0\]$_DFFE_PP_/D
     795* |       0 |     268 |        0 |      0 |    80 |    +0.4% |   -0.121 |       -6.0 |      -41.6 |    670 | core/div/remainder\[57\]$_SDFFE_PP0P_/D
     800* |       0 |     272 |        0 |      0 |    80 |    +0.4% |   -0.123 |       -6.0 |      -42.9 |    670 | frontend/fq._T_2_0_data\[0\]$_DFFE_PP_/D
     807* |       0 |     268 |        0 |      0 |    80 |    +0.4% |   -0.121 |       -6.0 |      -41.6 |    670 | core/div/remainder\[57\]$_SDFFE_PP0P_/D
     810* |       0 |     270 |        0 |      0 |    80 |    +0.4% |   -0.123 |       -6.0 |      -42.6 |    670 | frontend/fq._T_2_0_data\[0\]$_DFFE_PP_/D
     819* |       0 |     268 |        0 |      0 |    80 |    +0.4% |   -0.121 |       -6.0 |      -41.6 |    670 | core/div/remainder\[57\]$_SDFFE_PP0P_/D
     820* |       0 |     268 |        0 |      0 |    80 |    +0.4% |   -0.121 |       -6.0 |      -41.6 |    670 | core/div/remainder\[57\]$_SDFFE_PP0P_/D
     830* |       0 |     278 |        0 |      0 |    80 |    +0.4% |   -0.129 |       -6.0 |      -43.9 |    670 | frontend/fq._T_2_0_data\[0\]$_DFFE_PP_/D
     832* |       0 |     269 |        0 |      0 |    80 |    +0.4% |   -0.121 |       -6.0 |      -41.6 |    670 | core/div/remainder\[57\]$_SDFFE_PP0P_/D
     840* |       0 |     276 |        0 |      0 |    80 |    +0.4% |   -0.129 |       -6.0 |      -44.6 |    670 | frontend/fq._T_2_0_data\[0\]$_DFFE_PP_/D
     844* |       0 |     269 |        0 |      0 |    80 |    +0.4% |   -0.121 |       -6.0 |      -41.6 |    670 | core/div/remainder\[57\]$_SDFFE_PP0P_/D
     850* |       0 |     274 |        0 |      0 |    80 |    +0.4% |   -0.125 |       -6.0 |      -43.6 |    670 | frontend/fq._T_2_0_data\[0\]$_DFFE_PP_/D
     856* |       0 |     269 |        0 |      0 |    80 |    +0.4% |   -0.121 |       -6.0 |      -41.6 |    670 | core/div/remainder\[57\]$_SDFFE_PP0P_/D
     860* |       0 |     272 |        0 |      0 |    80 |    +0.4% |   -0.123 |       -6.0 |      -42.7 |    670 | frontend/fq._T_2_0_data\[0\]$_DFFE_PP_/D
     868* |       0 |     269 |        0 |      0 |    80 |    +0.4% |   -0.121 |       -6.0 |      -41.6 |    670 | core/div/remainder\[57\]$_SDFFE_PP0P_/D
     870* |       0 |     270 |        0 |      0 |    80 |    +0.4% |   -0.122 |       -6.0 |      -41.8 |    670 | frontend/fq._T_2_0_data\[0\]$_DFFE_PP_/D
     880* |       0 |     280 |        0 |      0 |    80 |    +0.4% |   -0.129 |       -6.0 |      -43.8 |    670 | frontend/fq._T_2_0_data\[0\]$_DFFE_PP_/D
     880* |       0 |     269 |        0 |      0 |    80 |    +0.4% |   -0.121 |       -6.0 |      -41.6 |    670 | core/div/remainder\[57\]$_SDFFE_PP0P_/D
     890* |       0 |     278 |        0 |      0 |    80 |    +0.4% |   -0.129 |       -6.0 |      -43.9 |    670 | frontend/fq._T_2_0_data\[0\]$_DFFE_PP_/D
     892* |       0 |     269 |        0 |      0 |    80 |    +0.4% |   -0.121 |       -6.0 |      -41.6 |    670 | core/div/remainder\[57\]$_SDFFE_PP0P_/D
     900* |       0 |     276 |        0 |      0 |    80 |    +0.4% |   -0.129 |       -6.0 |      -44.6 |    670 | frontend/fq._T_2_0_data\[0\]$_DFFE_PP_/D
     904* |       0 |     269 |        0 |      0 |    80 |    +0.4% |   -0.121 |       -6.0 |      -41.6 |    670 | core/div/remainder\[57\]$_SDFFE_PP0P_/D
     910* |       0 |     274 |        0 |      0 |    80 |    +0.4% |   -0.125 |       -6.0 |      -43.6 |    670 | frontend/fq._T_2_0_data\[0\]$_DFFE_PP_/D
     916* |       0 |     269 |        0 |      0 |    80 |    +0.4% |   -0.121 |       -6.0 |      -41.6 |    670 | core/div/remainder\[57\]$_SDFFE_PP0P_/D
     920* |       0 |     272 |        0 |      0 |    80 |    +0.4% |   -0.123 |       -6.0 |      -42.7 |    670 | frontend/fq._T_2_0_data\[0\]$_DFFE_PP_/D
     928* |       0 |     269 |        0 |      0 |    80 |    +0.4% |   -0.121 |       -6.0 |      -41.6 |    670 | core/div/remainder\[57\]$_SDFFE_PP0P_/D
     930* |       0 |     270 |        0 |      0 |    80 |    +0.4% |   -0.122 |       -6.0 |      -41.8 |    670 | frontend/fq._T_2_0_data\[0\]$_DFFE_PP_/D
     940* |       0 |     280 |        0 |      0 |    80 |    +0.4% |   -0.129 |       -6.0 |      -43.8 |    670 | frontend/fq._T_2_0_data\[0\]$_DFFE_PP_/D
     940* |       0 |     269 |        0 |      0 |    80 |    +0.4% |   -0.121 |       -6.0 |      -41.6 |    670 | core/div/remainder\[57\]$_SDFFE_PP0P_/D
     950* |       0 |     278 |        0 |      0 |    80 |    +0.4% |   -0.129 |       -6.0 |      -43.9 |    670 | frontend/fq._T_2_0_data\[0\]$_DFFE_PP_/D
     952* |       0 |     269 |        0 |      0 |    80 |    +0.4% |   -0.121 |       -6.0 |      -41.6 |    670 | core/div/remainder\[57\]$_SDFFE_PP0P_/D
     960* |       0 |     276 |        0 |      0 |    80 |    +0.4% |   -0.129 |       -6.0 |      -44.6 |    670 | frontend/fq._T_2_0_data\[0\]$_DFFE_PP_/D
     964* |       0 |     269 |        0 |      0 |    80 |    +0.4% |   -0.121 |       -6.0 |      -41.6 |    670 | core/div/remainder\[57\]$_SDFFE_PP0P_/D
     970* |       0 |     274 |        0 |      0 |    80 |    +0.4% |   -0.125 |       -6.0 |      -43.6 |    670 | frontend/fq._T_2_0_data\[0\]$_DFFE_PP_/D
     976* |       0 |     269 |        0 |      0 |    80 |    +0.4% |   -0.121 |       -6.0 |      -41.6 |    670 | core/div/remainder\[57\]$_SDFFE_PP0P_/D
     980* |       0 |     272 |        0 |      0 |    80 |    +0.4% |   -0.123 |       -6.0 |      -42.7 |    670 | frontend/fq._T_2_0_data\[0\]$_DFFE_PP_/D
     988* |       0 |     269 |        0 |      0 |    80 |    +0.4% |   -0.121 |       -6.0 |      -41.6 |    670 | core/div/remainder\[57\]$_SDFFE_PP0P_/D
     990* |       0 |     270 |        0 |      0 |    80 |    +0.4% |   -0.122 |       -6.0 |      -41.8 |    670 | frontend/fq._T_2_0_data\[0\]$_DFFE_PP_/D
    1000* |       0 |     280 |        0 |      0 |    80 |    +0.4% |   -0.129 |       -6.0 |      -43.8 |    670 | frontend/fq._T_2_0_data\[0\]$_DFFE_PP_/D
    1000* |       0 |     269 |        0 |      0 |    80 |    +0.4% |   -0.121 |       -6.0 |      -41.6 |    670 | core/div/remainder\[57\]$_SDFFE_PP0P_/D
    1010* |       0 |     278 |        0 |      0 |    80 |    +0.4% |   -0.129 |       -6.0 |      -43.9 |    670 | frontend/fq._T_2_0_data\[0\]$_DFFE_PP_/D
    1012* |       0 |     269 |        0 |      0 |    80 |    +0.4% |   -0.121 |       -6.0 |      -41.6 |    670 | core/div/remainder\[57\]$_SDFFE_PP0P_/D
    1020* |       0 |     276 |        0 |      0 |    80 |    +0.4% |   -0.129 |       -6.0 |      -44.6 |    670 | frontend/fq._T_2_0_data\[0\]$_DFFE_PP_/D
    1024* |       0 |     269 |        0 |      0 |    80 |    +0.4% |   -0.121 |       -6.0 |      -41.6 |    670 | core/div/remainder\[57\]$_SDFFE_PP0P_/D
    1030* |       0 |     274 |        0 |      0 |    80 |    +0.4% |   -0.125 |       -6.0 |      -43.6 |    670 | frontend/fq._T_2_0_data\[0\]$_DFFE_PP_/D
    1036* |       0 |     269 |        0 |      0 |    80 |    +0.4% |   -0.121 |       -6.0 |      -41.6 |    670 | core/div/remainder\[57\]$_SDFFE_PP0P_/D
    1040* |       0 |     272 |        0 |      0 |    80 |    +0.4% |   -0.123 |       -6.0 |      -42.6 |    670 | frontend/fq._T_2_0_data\[0\]$_DFFE_PP_/D
    1049* |       0 |     270 |        0 |      0 |    80 |    +0.4% |   -0.121 |       -6.0 |      -41.6 |    670 | core/div/remainder\[57\]$_SDFFE_PP0P_/D
    1050* |       0 |     270 |        0 |      0 |    80 |    +0.4% |   -0.121 |       -6.0 |      -41.6 |    670 | core/div/remainder\[57\]$_SDFFE_PP0P_/D
    1060* |       0 |     280 |        0 |      0 |    80 |    +0.4% |   -0.129 |       -6.0 |      -43.9 |    670 | frontend/fq._T_2_0_data\[0\]$_DFFE_PP_/D
    1061* |       0 |     270 |        0 |      0 |    80 |    +0.4% |   -0.121 |       -6.0 |      -41.6 |    670 | core/div/remainder\[57\]$_SDFFE_PP0P_/D
    1070* |       0 |     278 |        0 |      0 |    80 |    +0.4% |   -0.129 |       -6.0 |      -44.0 |    670 | frontend/fq._T_2_0_data\[0\]$_DFFE_PP_/D
    1073* |       0 |     270 |        0 |      0 |    80 |    +0.4% |   -0.121 |       -6.0 |      -41.6 |    670 | core/div/remainder\[57\]$_SDFFE_PP0P_/D
    1080* |       0 |     276 |        0 |      0 |    80 |    +0.4% |   -0.129 |       -6.0 |      -45.2 |    670 | frontend/fq._T_2_0_data\[0\]$_DFFE_PP_/D
    1085* |       0 |     270 |        0 |      0 |    80 |    +0.4% |   -0.121 |       -6.0 |      -41.6 |    670 | core/div/remainder\[57\]$_SDFFE_PP0P_/D
    1090* |       0 |     274 |        0 |      0 |    80 |    +0.4% |   -0.123 |       -6.0 |      -42.9 |    670 | frontend/fq._T_2_0_data\[0\]$_DFFE_PP_/D
    1097* |       0 |     270 |        0 |      0 |    80 |    +0.4% |   -0.121 |       -6.0 |      -41.6 |    670 | core/div/remainder\[57\]$_SDFFE_PP0P_/D
    1100* |       0 |     272 |        0 |      0 |    80 |    +0.4% |   -0.123 |       -6.0 |      -42.6 |    670 | frontend/fq._T_2_0_data\[0\]$_DFFE_PP_/D
    1109* |       0 |     270 |        0 |      0 |    80 |    +0.4% |   -0.121 |       -6.0 |      -41.6 |    670 | core/div/remainder\[57\]$_SDFFE_PP0P_/D
    1110* |       0 |     270 |        0 |      0 |    80 |    +0.4% |   -0.121 |       -6.0 |      -41.6 |    670 | core/div/remainder\[57\]$_SDFFE_PP0P_/D
    1120* |       0 |     280 |        0 |      0 |    80 |    +0.4% |   -0.129 |       -6.0 |      -43.9 |    670 | frontend/fq._T_2_0_data\[0\]$_DFFE_PP_/D
    1121* |       0 |     270 |        0 |      0 |    80 |    +0.4% |   -0.121 |       -6.0 |      -41.6 |    670 | core/div/remainder\[57\]$_SDFFE_PP0P_/D
    1130* |       0 |     278 |        0 |      0 |    80 |    +0.4% |   -0.129 |       -6.0 |      -44.0 |    670 | frontend/fq._T_2_0_data\[0\]$_DFFE_PP_/D
    1133* |       0 |     270 |        0 |      0 |    80 |    +0.4% |   -0.121 |       -6.0 |      -41.6 |    670 | core/div/remainder\[57\]$_SDFFE_PP0P_/D
    1140* |       0 |     276 |        0 |      0 |    80 |    +0.4% |   -0.129 |       -6.0 |      -45.2 |    670 | frontend/fq._T_2_0_data\[0\]$_DFFE_PP_/D
    1145* |       0 |     270 |        0 |      0 |    80 |    +0.4% |   -0.121 |       -6.0 |      -41.6 |    670 | core/div/remainder\[57\]$_SDFFE_PP0P_/D
    1150* |       0 |     274 |        0 |      0 |    80 |    +0.4% |   -0.123 |       -6.0 |      -42.9 |    670 | frontend/fq._T_2_0_data\[0\]$_DFFE_PP_/D
    1157* |       0 |     270 |        0 |      0 |    80 |    +0.4% |   -0.121 |       -6.0 |      -41.6 |    670 | core/div/remainder\[57\]$_SDFFE_PP0P_/D
    1160* |       0 |     272 |        0 |      0 |    80 |    +0.4% |   -0.123 |       -6.0 |      -42.6 |    670 | frontend/fq._T_2_0_data\[0\]$_DFFE_PP_/D
    1168* |       0 |     270 |        0 |      0 |    80 |    +0.4% |   -0.121 |       -6.0 |      -41.6 |    670 | core/div/remainder\[57\]$_SDFFE_PP0P_/D
    1170* |       0 |     271 |        0 |      0 |    80 |    +0.4% |   -0.122 |       -6.0 |      -41.8 |    670 | frontend/fq._T_2_0_data\[0\]$_DFFE_PP_/D
    1179* |       0 |     270 |        0 |      0 |    80 |    +0.4% |   -0.121 |       -6.0 |      -41.6 |    670 | core/div/remainder\[57\]$_SDFFE_PP0P_/D
    1180* |       0 |     270 |        0 |      0 |    80 |    +0.4% |   -0.121 |       -6.0 |      -41.6 |    670 | core/div/remainder\[57\]$_SDFFE_PP0P_/D
    1190* |       0 |     280 |        0 |      0 |    80 |    +0.4% |   -0.129 |       -6.0 |      -43.7 |    670 | frontend/fq._T_2_0_data\[0\]$_DFFE_PP_/D
    1190* |       0 |     270 |        0 |      0 |    80 |    +0.4% |   -0.121 |       -6.0 |      -41.6 |    670 | core/div/remainder\[57\]$_SDFFE_PP0P_/D
    1200* |       0 |     279 |        0 |      0 |    80 |    +0.4% |   -0.129 |       -6.0 |      -43.8 |    670 | frontend/fq._T_2_0_data\[0\]$_DFFE_PP_/D
    1200* |       0 |     270 |        0 |      0 |    80 |    +0.4% |   -0.121 |       -6.0 |      -41.6 |    670 | core/div/remainder\[57\]$_SDFFE_PP0P_/D
    1210* |       0 |     279 |        0 |      0 |    80 |    +0.4% |   -0.129 |       -6.0 |      -43.8 |    670 | frontend/fq._T_2_0_data\[0\]$_DFFE_PP_/D
    1211* |       0 |     270 |        0 |      0 |    80 |    +0.4% |   -0.121 |       -6.0 |      -41.6 |    670 | core/div/remainder\[57\]$_SDFFE_PP0P_/D
    1220* |       0 |     278 |        0 |      0 |    80 |    +0.4% |   -0.129 |       -6.0 |      -43.8 |    670 | frontend/fq._T_2_0_data\[0\]$_DFFE_PP_/D
    1222* |       0 |     270 |        0 |      0 |    80 |    +0.4% |   -0.121 |       -6.0 |      -41.6 |    670 | core/div/remainder\[57\]$_SDFFE_PP0P_/D
    1230* |       0 |     277 |        0 |      0 |    80 |    +0.4% |   -0.129 |       -6.0 |      -43.9 |    670 | frontend/fq._T_2_0_data\[0\]$_DFFE_PP_/D
    1233* |       0 |     270 |        0 |      0 |    80 |    +0.4% |   -0.121 |       -6.0 |      -41.6 |    670 | core/div/remainder\[57\]$_SDFFE_PP0P_/D
    1240* |       0 |     276 |        0 |      0 |    80 |    +0.4% |   -0.129 |       -6.0 |      -44.5 |    670 | frontend/fq._T_2_0_data\[0\]$_DFFE_PP_/D
    1244* |       0 |     270 |        0 |      0 |    80 |    +0.4% |   -0.121 |       -6.0 |      -41.6 |    670 | core/div/remainder\[57\]$_SDFFE_PP0P_/D
    1250* |       0 |     275 |        0 |      0 |    80 |    +0.4% |   -0.129 |       -6.0 |      -45.1 |    670 | frontend/fq._T_2_0_data\[0\]$_DFFE_PP_/D
    1255* |       0 |     270 |        0 |      0 |    80 |    +0.4% |   -0.121 |       -6.0 |      -41.6 |    670 | core/div/remainder\[57\]$_SDFFE_PP0P_/D
    1260* |       0 |     274 |        0 |      0 |    80 |    +0.4% |   -0.121 |       -6.0 |      -39.7 |    670 | core/div/remainder\[57\]$_SDFFE_PP0P_/D
    1270* |       0 |     283 |        0 |      0 |    81 |    +0.4% |   -0.126 |       -6.0 |      -43.5 |    670 | frontend/fq._T_2_4_data\[0\]$_DFFE_PP_/D
    1274* |       0 |     287 |        0 |      0 |    81 |    +0.4% |   -0.121 |       -6.0 |      -40.9 |    670 | core/div/remainder\[57\]$_SDFFE_PP0P_/D
    1277* |       0 |     289 |        0 |      0 |    81 |    +0.4% |   -0.121 |       -6.0 |      -41.0 |    670 | core/div/remainder\[57\]$_SDFFE_PP0P_/D
    1280* |       0 |     291 |        0 |      0 |    81 |    +0.5% |   -0.121 |       -6.0 |      -41.1 |    670 | core/div/remainder\[57\]$_SDFFE_PP0P_/D
    1281* |       0 |     292 |        0 |      0 |    81 |    +0.5% |   -0.121 |       -6.0 |      -41.1 |    670 | core/div/remainder\[57\]$_SDFFE_PP0P_/D
    1282* |       0 |     292 |        0 |      0 |    81 |    +0.5% |   -0.121 |       -6.0 |      -41.1 |    670 | core/div/remainder\[57\]$_SDFFE_PP0P_/D
    1283* |       0 |     292 |        0 |      0 |    81 |    +0.5% |   -0.121 |       -6.0 |      -41.1 |    670 | core/div/remainder\[57\]$_SDFFE_PP0P_/D
    1284* |       0 |     292 |        0 |      0 |    81 |    +0.5% |   -0.121 |       -6.0 |      -41.1 |    670 | core/div/remainder\[57\]$_SDFFE_PP0P_/D
    1285* |       0 |     292 |        0 |      0 |    81 |    +0.5% |   -0.121 |       -6.0 |      -41.1 |    670 | core/div/remainder\[57\]$_SDFFE_PP0P_/D
    1286* |       0 |     292 |        0 |      0 |    81 |    +0.5% |   -0.121 |       -6.0 |      -41.1 |    670 | core/div/remainder\[57\]$_SDFFE_PP0P_/D
    1287* |       0 |     292 |        0 |      0 |    81 |    +0.5% |   -0.121 |       -6.0 |      -41.1 |    670 | core/div/remainder\[57\]$_SDFFE_PP0P_/D
    1288* |       0 |     292 |        0 |      0 |    81 |    +0.5% |   -0.121 |       -6.0 |      -41.1 |    670 | core/div/remainder\[57\]$_SDFFE_PP0P_/D
    1289* |       0 |     292 |        0 |      0 |    81 |    +0.5% |   -0.121 |       -6.0 |      -41.1 |    670 | core/div/remainder\[57\]$_SDFFE_PP0P_/D
    1290* |       0 |     292 |        0 |      0 |    81 |    +0.5% |   -0.121 |       -6.0 |      -41.1 |    670 | core/div/remainder\[57\]$_SDFFE_PP0P_/D
    1290* |       0 |     292 |        0 |      0 |    81 |    +0.5% |   -0.121 |       -6.0 |      -41.1 |    670 | core/div/remainder\[57\]$_SDFFE_PP0P_/D
    1291* |       0 |     292 |        0 |      0 |    81 |    +0.5% |   -0.121 |       -6.0 |      -41.1 |    670 | core/div/remainder\[57\]$_SDFFE_PP0P_/D
    1294* |       0 |     294 |        0 |      0 |    81 |    +0.5% |   -0.121 |       -6.0 |      -41.1 |    670 | core/div/remainder\[57\]$_SDFFE_PP0P_/D
    1295* |       0 |     294 |        0 |      0 |    81 |    +0.5% |   -0.121 |       -6.0 |      -41.1 |    670 | core/div/remainder\[57\]$_SDFFE_PP0P_/D
    1296* |       0 |     294 |        0 |      0 |    81 |    +0.5% |   -0.121 |       -6.0 |      -41.1 |    670 | core/div/remainder\[57\]$_SDFFE_PP0P_/D
    1297* |       0 |     294 |        0 |      0 |    81 |    +0.5% |   -0.121 |       -6.0 |      -41.1 |    670 | core/div/remainder\[57\]$_SDFFE_PP0P_/D
    1298* |       0 |     294 |        0 |      0 |    81 |    +0.5% |   -0.121 |       -6.0 |      -41.1 |    670 | core/div/remainder\[57\]$_SDFFE_PP0P_/D
    1299* |       0 |     294 |        0 |      0 |    81 |    +0.5% |   -0.121 |       -6.0 |      -41.1 |    670 | core/div/remainder\[57\]$_SDFFE_PP0P_/D
    1300* |       0 |     294 |        0 |      0 |    81 |    +0.5% |   -0.121 |       -6.0 |      -41.1 |    670 | core/div/remainder\[57\]$_SDFFE_PP0P_/D
    1300* |       0 |     294 |        0 |      0 |    81 |    +0.5% |   -0.121 |       -6.0 |      -41.1 |    670 | core/div/remainder\[57\]$_SDFFE_PP0P_/D
    1301* |       0 |     294 |        0 |      0 |    81 |    +0.5% |   -0.121 |       -6.0 |      -41.1 |    670 | core/div/remainder\[57\]$_SDFFE_PP0P_/D
    1302* |       0 |     294 |        0 |      0 |    81 |    +0.5% |   -0.121 |       -6.0 |      -41.1 |    670 | core/div/remainder\[57\]$_SDFFE_PP0P_/D
    1303* |       0 |     294 |        0 |      0 |    81 |    +0.5% |   -0.121 |       -6.0 |      -41.1 |    670 | core/div/remainder\[57\]$_SDFFE_PP0P_/D
    1304* |       0 |     294 |        0 |      0 |    81 |    +0.5% |   -0.121 |       -6.0 |      -41.1 |    670 | core/div/remainder\[57\]$_SDFFE_PP0P_/D
    1305* |       0 |     294 |        0 |      0 |    81 |    +0.5% |   -0.121 |       -6.0 |      -41.1 |    670 | core/div/remainder\[57\]$_SDFFE_PP0P_/D
    1306* |       0 |     294 |        0 |      0 |    81 |    +0.5% |   -0.121 |       -6.0 |      -41.1 |    670 | core/div/remainder\[57\]$_SDFFE_PP0P_/D
    1307* |       0 |     294 |        0 |      0 |    81 |    +0.5% |   -0.121 |       -6.0 |      -41.1 |    670 | core/div/remainder\[57\]$_SDFFE_PP0P_/D
    1308* |       0 |     294 |        0 |      0 |    81 |    +0.5% |   -0.121 |       -6.0 |      -41.1 |    670 | core/div/remainder\[57\]$_SDFFE_PP0P_/D
    1309* |       0 |     294 |        0 |      0 |    81 |    +0.5% |   -0.121 |       -6.0 |      -41.1 |    670 | core/div/remainder\[57\]$_SDFFE_PP0P_/D
    1310* |       0 |     294 |        0 |      0 |    81 |    +0.5% |   -0.121 |       -6.0 |      -41.1 |    670 | core/div/remainder\[57\]$_SDFFE_PP0P_/D
    1310* |       0 |     294 |        0 |      0 |    81 |    +0.5% |   -0.121 |       -6.0 |      -41.1 |    670 | core/div/remainder\[57\]$_SDFFE_PP0P_/D
    1311* |       0 |     294 |        0 |      0 |    81 |    +0.5% |   -0.121 |       -6.0 |      -41.1 |    670 | core/div/remainder\[57\]$_SDFFE_PP0P_/D
    1314* |       0 |     296 |        0 |      0 |    81 |    +0.5% |   -0.121 |       -6.0 |      -41.1 |    670 | core/div/remainder\[57\]$_SDFFE_PP0P_/D
    1315* |       0 |     296 |        0 |      0 |    81 |    +0.5% |   -0.121 |       -6.0 |      -41.1 |    670 | core/div/remainder\[57\]$_SDFFE_PP0P_/D
    1316* |       0 |     296 |        0 |      0 |    81 |    +0.5% |   -0.121 |       -6.0 |      -41.1 |    670 | core/div/remainder\[57\]$_SDFFE_PP0P_/D
    1317* |       0 |     296 |        0 |      0 |    81 |    +0.5% |   -0.121 |       -6.0 |      -41.1 |    670 | core/div/remainder\[57\]$_SDFFE_PP0P_/D
    1318* |       0 |     296 |        0 |      0 |    81 |    +0.5% |   -0.121 |       -6.0 |      -41.1 |    670 | core/div/remainder\[57\]$_SDFFE_PP0P_/D
    1319* |       0 |     296 |        0 |      0 |    81 |    +0.5% |   -0.121 |       -6.0 |      -41.1 |    670 | core/div/remainder\[57\]$_SDFFE_PP0P_/D
    1320* |       0 |     296 |        0 |      0 |    81 |    +0.5% |   -0.121 |       -6.0 |      -41.1 |    670 | core/div/remainder\[57\]$_SDFFE_PP0P_/D
    1320* |       0 |     296 |        0 |      0 |    81 |    +0.5% |   -0.121 |       -6.0 |      -41.1 |    670 | core/div/remainder\[57\]$_SDFFE_PP0P_/D
    1321* |       0 |     296 |        0 |      0 |    81 |    +0.5% |   -0.121 |       -6.0 |      -41.1 |    670 | core/div/remainder\[57\]$_SDFFE_PP0P_/D
    1322* |       0 |     296 |        0 |      0 |    81 |    +0.5% |   -0.121 |       -6.0 |      -41.1 |    670 | core/div/remainder\[57\]$_SDFFE_PP0P_/D
    1323* |       0 |     296 |        0 |      0 |    81 |    +0.5% |   -0.121 |       -6.0 |      -41.1 |    670 | core/div/remainder\[57\]$_SDFFE_PP0P_/D
    1324* |       0 |     296 |        0 |      0 |    81 |    +0.5% |   -0.121 |       -6.0 |      -41.1 |    670 | core/div/remainder\[57\]$_SDFFE_PP0P_/D
    1325* |       0 |     296 |        0 |      0 |    81 |    +0.5% |   -0.121 |       -6.0 |      -41.1 |    670 | core/div/remainder\[57\]$_SDFFE_PP0P_/D
    1326* |       0 |     296 |        0 |      0 |    81 |    +0.5% |   -0.121 |       -6.0 |      -41.1 |    670 | core/div/remainder\[57\]$_SDFFE_PP0P_/D
    1327* |       0 |     296 |        0 |      0 |    81 |    +0.5% |   -0.121 |       -6.0 |      -41.1 |    670 | core/div/remainder\[57\]$_SDFFE_PP0P_/D
    1328* |       0 |     296 |        0 |      0 |    81 |    +0.5% |   -0.121 |       -6.0 |      -41.1 |    670 | core/div/remainder\[57\]$_SDFFE_PP0P_/D
    1329* |       0 |     296 |        0 |      0 |    81 |    +0.5% |   -0.121 |       -6.0 |      -41.1 |    670 | core/div/remainder\[57\]$_SDFFE_PP0P_/D
    1330* |       0 |     296 |        0 |      0 |    81 |    +0.5% |   -0.121 |       -6.0 |      -41.1 |    670 | core/div/remainder\[57\]$_SDFFE_PP0P_/D
    1330* |       0 |     296 |        0 |      0 |    81 |    +0.5% |   -0.121 |       -6.0 |      -41.1 |    670 | core/div/remainder\[57\]$_SDFFE_PP0P_/D
    1331* |       0 |     296 |        0 |      0 |    81 |    +0.5% |   -0.121 |       -6.0 |      -41.1 |    670 | core/div/remainder\[57\]$_SDFFE_PP0P_/D
    1332* |       0 |     296 |        0 |      0 |    81 |    +0.5% |   -0.121 |       -6.0 |      -41.1 |    670 | core/div/remainder\[57\]$_SDFFE_PP0P_/D
    1340* |       0 |     303 |        0 |      0 |    81 |    +0.5% |   -0.121 |       -6.0 |      -41.2 |    670 | core/div/remainder\[57\]$_SDFFE_PP0P_/D
    1348* |       0 |     309 |        0 |      0 |    83 |    +0.5% |   -0.121 |       -6.0 |      -40.6 |    670 | core/div/remainder\[57\]$_SDFFE_PP0P_/D
    1350* |       0 |     310 |        0 |      0 |    83 |    +0.5% |   -0.121 |       -6.0 |      -40.6 |    670 | core/div/remainder\[57\]$_SDFFE_PP0P_/D
    1351* |       0 |     311 |        0 |      0 |    83 |    +0.5% |   -0.121 |       -6.0 |      -40.7 |    670 | core/div/remainder\[57\]$_SDFFE_PP0P_/D
    1355* |       0 |     314 |        0 |      0 |    83 |    +0.5% |   -0.121 |       -6.0 |      -40.8 |    670 | core/div/remainder\[57\]$_SDFFE_PP0P_/D
    1356* |       0 |     314 |        0 |      0 |    83 |    +0.5% |   -0.121 |       -6.0 |      -40.8 |    670 | core/div/remainder\[57\]$_SDFFE_PP0P_/D
    1357* |       0 |     314 |        0 |      0 |    83 |    +0.5% |   -0.121 |       -6.0 |      -40.8 |    670 | core/div/remainder\[57\]$_SDFFE_PP0P_/D
    1358* |       0 |     314 |        0 |      0 |    83 |    +0.5% |   -0.121 |       -6.0 |      -40.8 |    670 | core/div/remainder\[57\]$_SDFFE_PP0P_/D
    1359* |       0 |     314 |        0 |      0 |    83 |    +0.5% |   -0.121 |       -6.0 |      -40.8 |    670 | core/div/remainder\[57\]$_SDFFE_PP0P_/D
    1360* |       0 |     314 |        0 |      0 |    83 |    +0.5% |   -0.121 |       -6.0 |      -40.8 |    670 | core/div/remainder\[57\]$_SDFFE_PP0P_/D
    1360* |       0 |     314 |        0 |      0 |    83 |    +0.5% |   -0.121 |       -6.0 |      -40.8 |    670 | core/div/remainder\[57\]$_SDFFE_PP0P_/D
    1361* |       0 |     314 |        0 |      0 |    83 |    +0.5% |   -0.121 |       -6.0 |      -40.8 |    670 | core/div/remainder\[57\]$_SDFFE_PP0P_/D
    1362* |       0 |     314 |        0 |      0 |    83 |    +0.5% |   -0.121 |       -6.0 |      -40.8 |    670 | core/div/remainder\[57\]$_SDFFE_PP0P_/D
    1363* |       0 |     314 |        0 |      0 |    83 |    +0.5% |   -0.121 |       -6.0 |      -40.8 |    670 | core/div/remainder\[57\]$_SDFFE_PP0P_/D
    1364* |       0 |     314 |        0 |      0 |    83 |    +0.5% |   -0.121 |       -6.0 |      -40.8 |    670 | core/div/remainder\[57\]$_SDFFE_PP0P_/D
    1365* |       0 |     314 |        0 |      0 |    83 |    +0.5% |   -0.121 |       -6.0 |      -40.8 |    670 | core/div/remainder\[57\]$_SDFFE_PP0P_/D
    1368* |       0 |     316 |        0 |      0 |    83 |    +0.5% |   -0.121 |       -6.0 |      -40.8 |    670 | core/div/remainder\[57\]$_SDFFE_PP0P_/D
    1369* |       0 |     316 |        0 |      0 |    83 |    +0.5% |   -0.121 |       -6.0 |      -40.8 |    670 | core/div/remainder\[57\]$_SDFFE_PP0P_/D
    1370* |       0 |     316 |        0 |      0 |    83 |    +0.5% |   -0.121 |       -6.0 |      -40.8 |    670 | core/div/remainder\[57\]$_SDFFE_PP0P_/D
    1370* |       0 |     316 |        0 |      0 |    83 |    +0.5% |   -0.121 |       -6.0 |      -40.8 |    670 | core/div/remainder\[57\]$_SDFFE_PP0P_/D
    1371* |       0 |     316 |        0 |      0 |    83 |    +0.5% |   -0.121 |       -6.0 |      -40.8 |    670 | core/div/remainder\[57\]$_SDFFE_PP0P_/D
    1372* |       0 |     316 |        0 |      0 |    83 |    +0.5% |   -0.121 |       -6.0 |      -40.8 |    670 | core/div/remainder\[57\]$_SDFFE_PP0P_/D
    1373* |       0 |     316 |        0 |      0 |    83 |    +0.5% |   -0.121 |       -6.0 |      -40.8 |    670 | core/div/remainder\[57\]$_SDFFE_PP0P_/D
    1374* |       0 |     316 |        0 |      0 |    83 |    +0.5% |   -0.121 |       -6.0 |      -40.8 |    670 | core/div/remainder\[57\]$_SDFFE_PP0P_/D
    1375* |       0 |     316 |        0 |      0 |    83 |    +0.5% |   -0.121 |       -6.0 |      -40.8 |    670 | core/div/remainder\[57\]$_SDFFE_PP0P_/D
    1376* |       0 |     316 |        0 |      0 |    83 |    +0.5% |   -0.121 |       -6.0 |      -40.8 |    670 | core/div/remainder\[57\]$_SDFFE_PP0P_/D
    1377* |       0 |     316 |        0 |      0 |    83 |    +0.5% |   -0.121 |       -6.0 |      -40.8 |    670 | core/div/remainder\[57\]$_SDFFE_PP0P_/D
    1378* |       0 |     316 |        0 |      0 |    83 |    +0.5% |   -0.121 |       -6.0 |      -40.8 |    670 | core/div/remainder\[57\]$_SDFFE_PP0P_/D
    1379* |       0 |     316 |        0 |      0 |    83 |    +0.5% |   -0.121 |       -6.0 |      -40.8 |    670 | core/div/remainder\[57\]$_SDFFE_PP0P_/D
    1380* |       0 |     316 |        0 |      0 |    83 |    +0.5% |   -0.121 |       -6.0 |      -40.8 |    670 | core/div/remainder\[57\]$_SDFFE_PP0P_/D
    1380* |       0 |     316 |        0 |      0 |    83 |    +0.5% |   -0.121 |       -6.0 |      -40.8 |    670 | core/div/remainder\[57\]$_SDFFE_PP0P_/D
    1381* |       0 |     316 |        0 |      0 |    83 |    +0.5% |   -0.121 |       -6.0 |      -40.8 |    670 | core/div/remainder\[57\]$_SDFFE_PP0P_/D
    1382* |       0 |     316 |        0 |      0 |    83 |    +0.5% |   -0.121 |       -6.0 |      -40.8 |    670 | core/div/remainder\[57\]$_SDFFE_PP0P_/D
    1383* |       0 |     316 |        0 |      0 |    83 |    +0.5% |   -0.121 |       -6.0 |      -40.8 |    670 | core/div/remainder\[57\]$_SDFFE_PP0P_/D
    1384* |       0 |     316 |        0 |      0 |    83 |    +0.5% |   -0.121 |       -6.0 |      -40.8 |    670 | core/div/remainder\[57\]$_SDFFE_PP0P_/D
    1385* |       0 |     316 |        0 |      0 |    83 |    +0.5% |   -0.121 |       -6.0 |      -40.8 |    670 | core/div/remainder\[57\]$_SDFFE_PP0P_/D
    1388* |       0 |     318 |        0 |      0 |    83 |    +0.5% |   -0.121 |       -6.0 |      -40.8 |    670 | core/div/remainder\[57\]$_SDFFE_PP0P_/D
    1389* |       0 |     318 |        0 |      0 |    83 |    +0.5% |   -0.121 |       -6.0 |      -40.8 |    670 | core/div/remainder\[57\]$_SDFFE_PP0P_/D
    1390* |       0 |     318 |        0 |      0 |    83 |    +0.5% |   -0.121 |       -6.0 |      -40.8 |    670 | core/div/remainder\[57\]$_SDFFE_PP0P_/D
    1390* |       0 |     318 |        0 |      0 |    83 |    +0.5% |   -0.121 |       -6.0 |      -40.8 |    670 | core/div/remainder\[57\]$_SDFFE_PP0P_/D
    1391* |       0 |     318 |        0 |      0 |    83 |    +0.5% |   -0.121 |       -6.0 |      -40.8 |    670 | core/div/remainder\[57\]$_SDFFE_PP0P_/D
    1392* |       0 |     318 |        0 |      0 |    83 |    +0.5% |   -0.121 |       -6.0 |      -40.8 |    670 | core/div/remainder\[57\]$_SDFFE_PP0P_/D
    1393* |       0 |     318 |        0 |      0 |    83 |    +0.5% |   -0.121 |       -6.0 |      -40.8 |    670 | core/div/remainder\[57\]$_SDFFE_PP0P_/D
    1394* |       0 |     318 |        0 |      0 |    83 |    +0.5% |   -0.121 |       -6.0 |      -40.8 |    670 | core/div/remainder\[57\]$_SDFFE_PP0P_/D
    1395* |       0 |     318 |        0 |      0 |    83 |    +0.5% |   -0.121 |       -6.0 |      -40.8 |    670 | core/div/remainder\[57\]$_SDFFE_PP0P_/D
    1396* |       0 |     318 |        0 |      0 |    83 |    +0.5% |   -0.121 |       -6.0 |      -40.8 |    670 | core/div/remainder\[57\]$_SDFFE_PP0P_/D
    1397* |       0 |     318 |        0 |      0 |    83 |    +0.5% |   -0.121 |       -6.0 |      -40.8 |    670 | core/div/remainder\[57\]$_SDFFE_PP0P_/D
    1398* |       0 |     318 |        0 |      0 |    83 |    +0.5% |   -0.121 |       -6.0 |      -40.8 |    670 | core/div/remainder\[57\]$_SDFFE_PP0P_/D
    1399* |       0 |     318 |        0 |      0 |    83 |    +0.5% |   -0.121 |       -6.0 |      -40.8 |    670 | core/div/remainder\[57\]$_SDFFE_PP0P_/D
    1400* |       0 |     318 |        0 |      0 |    83 |    +0.5% |   -0.121 |       -6.0 |      -40.8 |    670 | core/div/remainder\[57\]$_SDFFE_PP0P_/D
    1400* |       0 |     318 |        0 |      0 |    83 |    +0.5% |   -0.121 |       -6.0 |      -40.8 |    670 | core/div/remainder\[57\]$_SDFFE_PP0P_/D
    1401* |       0 |     318 |        0 |      0 |    83 |    +0.5% |   -0.121 |       -6.0 |      -40.8 |    670 | core/div/remainder\[57\]$_SDFFE_PP0P_/D
    1402* |       0 |     318 |        0 |      0 |    83 |    +0.5% |   -0.121 |       -6.0 |      -40.8 |    670 | core/div/remainder\[57\]$_SDFFE_PP0P_/D
    1403* |       0 |     318 |        0 |      0 |    83 |    +0.5% |   -0.121 |       -6.0 |      -40.8 |    670 | core/div/remainder\[57\]$_SDFFE_PP0P_/D
    1404* |       0 |     318 |        0 |      0 |    83 |    +0.5% |   -0.121 |       -6.0 |      -40.8 |    670 | core/div/remainder\[57\]$_SDFFE_PP0P_/D
    1405* |       0 |     318 |        0 |      0 |    83 |    +0.5% |   -0.121 |       -6.0 |      -40.8 |    670 | core/div/remainder\[57\]$_SDFFE_PP0P_/D
    1406* |       0 |     318 |        0 |      0 |    83 |    +0.5% |   -0.121 |       -6.0 |      -40.8 |    670 | core/div/remainder\[57\]$_SDFFE_PP0P_/D
    1409* |       0 |     319 |        0 |      0 |    83 |    +0.5% |   -0.121 |       -6.0 |      -40.8 |    670 | core/div/remainder\[57\]$_SDFFE_PP0P_/D
    1410* |       0 |     319 |        0 |      0 |    83 |    +0.5% |   -0.121 |       -6.0 |      -40.8 |    670 | core/div/remainder\[57\]$_SDFFE_PP0P_/D
    1411* |       0 |     319 |        0 |      0 |    83 |    +0.5% |   -0.121 |       -6.0 |      -40.8 |    670 | core/div/remainder\[57\]$_SDFFE_PP0P_/D
    1413* |       0 |     319 |        0 |      0 |    83 |    +0.5% |   -0.121 |       -6.0 |      -40.8 |    670 | core/div/remainder\[57\]$_SDFFE_PP0P_/D
    1415* |       0 |     319 |        0 |      0 |    83 |    +0.5% |   -0.121 |       -6.0 |      -40.8 |    670 | core/div/remainder\[57\]$_SDFFE_PP0P_/D
    1417* |       0 |     319 |        0 |      0 |    83 |    +0.5% |   -0.121 |       -6.0 |      -40.8 |    670 | core/div/remainder\[57\]$_SDFFE_PP0P_/D
    1419* |       0 |     319 |        0 |      0 |    83 |    +0.5% |   -0.121 |       -6.0 |      -40.8 |    670 | core/div/remainder\[57\]$_SDFFE_PP0P_/D
    1420* |       0 |     319 |        0 |      0 |    83 |    +0.5% |   -0.121 |       -6.0 |      -40.8 |    670 | core/div/remainder\[57\]$_SDFFE_PP0P_/D
    1421* |       0 |     319 |        0 |      0 |    83 |    +0.5% |   -0.121 |       -6.0 |      -40.8 |    670 | core/div/remainder\[57\]$_SDFFE_PP0P_/D
    1423* |       0 |     319 |        0 |      0 |    83 |    +0.5% |   -0.121 |       -6.0 |      -40.8 |    670 | core/div/remainder\[57\]$_SDFFE_PP0P_/D
    1425* |       0 |     319 |        0 |      0 |    83 |    +0.5% |   -0.121 |       -6.0 |      -40.8 |    670 | core/div/remainder\[57\]$_SDFFE_PP0P_/D
    1427* |       0 |     319 |        0 |      0 |    83 |    +0.5% |   -0.121 |       -6.0 |      -40.8 |    670 | core/div/remainder\[57\]$_SDFFE_PP0P_/D
    1428* |       0 |     319 |        0 |      0 |    83 |    +0.5% |   -0.121 |       -6.0 |      -40.8 |    670 | core/div/remainder\[57\]$_SDFFE_PP0P_/D
    1429* |       0 |     319 |        0 |      0 |    83 |    +0.5% |   -0.121 |       -6.0 |      -40.8 |    670 | core/div/remainder\[57\]$_SDFFE_PP0P_/D
    1430* |       0 |     319 |        0 |      0 |    83 |    +0.5% |   -0.121 |       -6.0 |      -40.8 |    670 | core/div/remainder\[57\]$_SDFFE_PP0P_/D
    1440* |       0 |     328 |        0 |      0 |    84 |    +0.6% |   -0.130 |       -6.1 |      -42.2 |    670 | frontend/fq._T_2_1_data\[10\]$_DFFE_PP_/D
    1441* |       0 |     319 |        0 |      0 |    83 |    +0.5% |   -0.121 |       -6.0 |      -40.8 |    670 | core/div/remainder\[57\]$_SDFFE_PP0P_/D
    1450* |       0 |     327 |        0 |      0 |    83 |    +0.6% |   -0.131 |       -6.1 |      -42.7 |    670 | frontend/fq._T_2_1_data\[10\]$_DFFE_PP_/D
    1451* |       0 |     319 |        0 |      0 |    83 |    +0.5% |   -0.121 |       -6.0 |      -40.8 |    670 | core/div/remainder\[57\]$_SDFFE_PP0P_/D
    1460* |       0 |     327 |        0 |      0 |    83 |    +0.6% |   -0.131 |       -6.1 |      -42.7 |    670 | frontend/fq._T_2_1_data\[10\]$_DFFE_PP_/D
    1461* |       0 |     319 |        0 |      0 |    83 |    +0.5% |   -0.121 |       -6.0 |      -40.8 |    670 | core/div/remainder\[57\]$_SDFFE_PP0P_/D
    1470* |       0 |     327 |        0 |      0 |    83 |    +0.6% |   -0.131 |       -6.1 |      -42.7 |    670 | frontend/fq._T_2_1_data\[10\]$_DFFE_PP_/D
    1471* |       0 |     319 |        0 |      0 |    83 |    +0.5% |   -0.121 |       -6.0 |      -40.8 |    670 | core/div/remainder\[57\]$_SDFFE_PP0P_/D
    1480* |       0 |     327 |        0 |      0 |    83 |    +0.6% |   -0.131 |       -6.1 |      -42.7 |    670 | frontend/fq._T_2_1_data\[10\]$_DFFE_PP_/D
    1481* |       0 |     319 |        0 |      0 |    83 |    +0.5% |   -0.121 |       -6.0 |      -40.8 |    670 | core/div/remainder\[57\]$_SDFFE_PP0P_/D
    1490* |       0 |     327 |        0 |      0 |    83 |    +0.6% |   -0.131 |       -6.1 |      -42.7 |    670 | frontend/fq._T_2_1_data\[10\]$_DFFE_PP_/D
    1491* |       0 |     319 |        0 |      0 |    83 |    +0.5% |   -0.121 |       -6.0 |      -40.8 |    670 | core/div/remainder\[57\]$_SDFFE_PP0P_/D
    1500* |       0 |     327 |        0 |      0 |    83 |    +0.6% |   -0.131 |       -6.1 |      -42.7 |    670 | frontend/fq._T_2_1_data\[10\]$_DFFE_PP_/D
    1500* |       0 |     319 |        0 |      0 |    83 |    +0.5% |   -0.121 |       -6.0 |      -40.8 |    670 | core/div/remainder\[57\]$_SDFFE_PP0P_/D
    1510* |       0 |     328 |        0 |      0 |    83 |    +0.6% |   -0.131 |       -6.1 |      -42.8 |    670 | frontend/fq._T_2_1_data\[10\]$_DFFE_PP_/D
    1510* |       0 |     319 |        0 |      0 |    83 |    +0.5% |   -0.121 |       -6.0 |      -40.8 |    670 | core/div/remainder\[57\]$_SDFFE_PP0P_/D
    1520* |       0 |     328 |        0 |      0 |    83 |    +0.6% |   -0.131 |       -6.1 |      -42.8 |    670 | frontend/fq._T_2_1_data\[10\]$_DFFE_PP_/D
    1520* |       0 |     319 |        0 |      0 |    83 |    +0.5% |   -0.121 |       -6.0 |      -40.8 |    670 | core/div/remainder\[57\]$_SDFFE_PP0P_/D
    1530* |       0 |     328 |        0 |      0 |    83 |    +0.6% |   -0.131 |       -6.1 |      -42.8 |    670 | frontend/fq._T_2_1_data\[10\]$_DFFE_PP_/D
    1530* |       0 |     319 |        0 |      0 |    83 |    +0.5% |   -0.121 |       -6.0 |      -40.8 |    670 | core/div/remainder\[57\]$_SDFFE_PP0P_/D
    1540* |       0 |     328 |        0 |      0 |    83 |    +0.6% |   -0.131 |       -6.1 |      -42.8 |    670 | frontend/fq._T_2_1_data\[10\]$_DFFE_PP_/D
    1540* |       0 |     319 |        0 |      0 |    83 |    +0.5% |   -0.121 |       -6.0 |      -40.8 |    670 | core/div/remainder\[57\]$_SDFFE_PP0P_/D
    1550* |       0 |     328 |        0 |      0 |    83 |    +0.6% |   -0.131 |       -6.1 |      -42.8 |    670 | frontend/fq._T_2_1_data\[10\]$_DFFE_PP_/D
    1550* |       0 |     319 |        0 |      0 |    83 |    +0.5% |   -0.121 |       -6.0 |      -40.8 |    670 | core/div/remainder\[57\]$_SDFFE_PP0P_/D
    1560* |       0 |     328 |        0 |      0 |    83 |    +0.6% |   -0.131 |       -6.1 |      -42.8 |    670 | frontend/fq._T_2_1_data\[10\]$_DFFE_PP_/D
    1560* |       0 |     319 |        0 |      0 |    83 |    +0.5% |   -0.121 |       -6.0 |      -40.8 |    670 | core/div/remainder\[57\]$_SDFFE_PP0P_/D
    1570* |       0 |     328 |        0 |      0 |    83 |    +0.6% |   -0.131 |       -6.1 |      -42.8 |    670 | frontend/fq._T_2_1_data\[10\]$_DFFE_PP_/D
    1570* |       0 |     319 |        0 |      0 |    83 |    +0.5% |   -0.121 |       -6.0 |      -40.8 |    670 | core/div/remainder\[57\]$_SDFFE_PP0P_/D
    1580* |       0 |     328 |        0 |      0 |    83 |    +0.6% |   -0.131 |       -6.1 |      -42.8 |    670 | frontend/fq._T_2_1_data\[10\]$_DFFE_PP_/D
    1580* |       0 |     319 |        0 |      0 |    83 |    +0.5% |   -0.121 |       -6.0 |      -40.8 |    670 | core/div/remainder\[57\]$_SDFFE_PP0P_/D
    1590* |       0 |     328 |        0 |      0 |    83 |    +0.6% |   -0.131 |       -6.1 |      -42.8 |    670 | frontend/fq._T_2_1_data\[10\]$_DFFE_PP_/D
    1590* |       0 |     319 |        0 |      0 |    83 |    +0.5% |   -0.121 |       -6.0 |      -40.8 |    670 | core/div/remainder\[57\]$_SDFFE_PP0P_/D
    1600* |       0 |     328 |        0 |      0 |    83 |    +0.6% |   -0.131 |       -6.1 |      -42.8 |    670 | frontend/fq._T_2_1_data\[10\]$_DFFE_PP_/D
    1600* |       0 |     319 |        0 |      0 |    83 |    +0.5% |   -0.121 |       -6.0 |      -40.8 |    670 | core/div/remainder\[57\]$_SDFFE_PP0P_/D
    1600* |       0 |     319 |        0 |      0 |    83 |    +0.5% |   -0.121 |       -6.0 |      -40.8 |    670 | core/div/remainder\[57\]$_SDFFE_PP0P_/D
    final |       0 |     319 |        0 |      0 |    83 |    +0.5% |   -0.121 |       -6.0 |      -40.8 |    579 | core/div/remainder\[57\]$_SDFFE_PP0P_/D
------------------------------------------------------------------------------------------------------------------------------
[INFO RSZ-0051] Resized 319 instances: 319 up, 0 up match, 0 down, 0 VT
[INFO RSZ-0043] Swapped pins on 83 instances.
[WARNING RSZ-0062] Unable to repair all setup violations.
[INFO RSZ-0505] Runtime: 26.71s
Took 26 seconds: repair_timing -setup_margin 0 -hold_margin 0 -repair_tns 100 -setup -skip_last_gasp -sequence unbuffer,sizeup,swap,vt_swap -verbose
Default units for flow
 time 1ns
 capacitance 1fF
 resistance 1kohm
 voltage 1v
 current 1mA
 power 1nW
 distance 1um
   Layer   | Unit Resistance | Unit Capacitance 
           |       (kohm/um) |          (fF/um)
------------------------------------------------
    metal1 |        5.43e-03 |         7.42e-02
    metal2 |        3.57e-03 |         8.34e-02
    metal3 |        3.57e-03 |         1.04e-01
    metal4 |        1.50e-03 |         1.19e-01
    metal5 |        1.50e-03 |         1.09e-01
    metal6 |        1.50e-03 |         1.14e-01
    metal7 |        1.88e-04 |         1.17e-01
    metal8 |        1.88e-04 |         9.45e-02
    metal9 |        3.75e-05 |         1.06e-01
   metal10 |        3.75e-05 |         7.37e-01
------------------------------------------------

   Layer   | Via Resistance 
           |         (kohm) 
----------------------------
      via1 |       5.00e-03 
      via2 |       5.00e-03 
      via3 |       5.00e-03 
      via4 |       3.00e-03 
      via5 |       3.00e-03 
      via6 |       3.00e-03 
      via7 |       1.00e-03 
      via8 |       1.00e-03 
      via9 |       5.00e-04 
----------------------------
Report metrics stage 2, floorplan final...

==========================================================================
floorplan final report_design_area
--------------------------------------------------------------------------
Design area 53767 um^2 61% utilization.
write_db /work/results/nangate45/tinyRocket/base/2_1_floorplan.odb
write_sdc -no_timestamp /work/results/nangate45/tinyRocket/base/2_1_floorplan.sdc
Elapsed time: 0:31.45[h:]min:sec. CPU time: user 85.72 sys 17.61 (328%). Peak memory: 235116KB.
Log                       Ext     Elapsed/s Peak Memory/MB sha1sum result [0:20)
2_1_floorplan             .odb           31            229 34481cec2c4900ad1f64
2_1_floorplan             .sdc                             934708da7bde60b348d4
/OpenROAD-flow-scripts/flow/scripts/flow.sh 2_2_floorplan_macro macro_place
Running macro_place.tcl, stage 2_2_floorplan_macro
read_liberty /OpenROAD-flow-scripts/flow/platforms/nangate45/lib/NangateOpenCellLibrary_typical.lib
read_liberty /OpenROAD-flow-scripts/flow/designs/nangate45/tinyRocket/fakeram45_1024x32.lib
read_liberty /OpenROAD-flow-scripts/flow/designs/nangate45/tinyRocket/fakeram45_64x32.lib
read_db /work/results/nangate45/tinyRocket/base/2_1_floorplan.odb
read_sdc /work/results/nangate45/tinyRocket/base/2_1_floorplan.sdc
source /OpenROAD-flow-scripts/flow/platforms/nangate45/setRC.tcl
rtl_macro_placer -max_num_level 2 -halo_width 22.4 -halo_height 15.12 -min_ar 0.33 -area_weight 0.1 -wirelength_weight 100.0 -outline_weight 100.0 -boundary_weight 50.0 -notch_weight 50.0 -report_directory /work/objects/nangate45/tinyRocket/base/rtlmp -fence_lx 0.0 -fence_ly 0.0 -fence_ux 0.0 -fence_uy 0.0 -target_util 0.75
[WARNING MPL-0074] -halo_width/-halo_height are deprecated, use the set_macro_base_halo command instead.
Die Area: (0.00, 0.00) (302.40, 302.40),  Floorplan Area: (2.09, 2.80) (300.39, 299.60)
	Number of std cell instances: 27712
	Area of std cell instances: 51285.86
	Number of macros: 2
	Macros to be placed: 2
	Area of macros: 2481.25
	Base halo (L, B, R, T): (22.40, 15.12, 22.40, 15.12)
	Area of macros with halos: 5282.08
	Area of std cell instances + Area of macros: 53767.11
	Floorplan area: 88535.44
	Design Utilization: 0.61
	Floorplan Utilization: 0.60
	Manufacturing Grid: 10

[INFO MPL-0500] Runtime: 1.64s
Design area 53767 um^2 61% utilization.
write_db /work/results/nangate45/tinyRocket/base/2_2_floorplan_macro.odb
Elapsed time: 0:02.02[h:]min:sec. CPU time: user 13.67 sys 0.09 (681%). Peak memory: 132968KB.
Log                       Ext     Elapsed/s Peak Memory/MB sha1sum result [0:20)
2_2_floorplan_macro       .odb            2            129 45c89913401c742fa565
/OpenROAD-flow-scripts/flow/scripts/flow.sh 2_3_floorplan_tapcell tapcell
Running tapcell.tcl, stage 2_3_floorplan_tapcell
read_liberty /OpenROAD-flow-scripts/flow/platforms/nangate45/lib/NangateOpenCellLibrary_typical.lib
read_liberty /OpenROAD-flow-scripts/flow/designs/nangate45/tinyRocket/fakeram45_1024x32.lib
read_liberty /OpenROAD-flow-scripts/flow/designs/nangate45/tinyRocket/fakeram45_64x32.lib
read_db /work/results/nangate45/tinyRocket/base/2_2_floorplan_macro.odb
read_sdc /work/results/nangate45/tinyRocket/base/2_1_floorplan.sdc
source /OpenROAD-flow-scripts/flow/platforms/nangate45/setRC.tcl
[INFO ODB-0303] The initial 212 rows (332840 sites) were cut with 2 shapes for a total of 304 rows (321064 sites).
[INFO TAP-0004] Inserted 608 endcaps.
[INFO TAP-0005] Inserted 191 tapcells.
Design area 53980 um^2 61% utilization.
write_db /work/results/nangate45/tinyRocket/base/2_3_floorplan_tapcell.odb
Elapsed time: 0:00.35[h:]min:sec. CPU time: user 0.28 sys 0.07 (99%). Peak memory: 126672KB.
Log                       Ext     Elapsed/s Peak Memory/MB sha1sum result [0:20)
2_3_floorplan_tapcell     .odb            0            123 5f48c7e710b5134c5921
/OpenROAD-flow-scripts/flow/scripts/flow.sh 2_4_floorplan_pdn pdn
Running pdn.tcl, stage 2_4_floorplan_pdn
read_liberty /OpenROAD-flow-scripts/flow/platforms/nangate45/lib/NangateOpenCellLibrary_typical.lib
read_liberty /OpenROAD-flow-scripts/flow/designs/nangate45/tinyRocket/fakeram45_1024x32.lib
read_liberty /OpenROAD-flow-scripts/flow/designs/nangate45/tinyRocket/fakeram45_64x32.lib
read_db /work/results/nangate45/tinyRocket/base/2_3_floorplan_tapcell.odb
read_sdc /work/results/nangate45/tinyRocket/base/2_1_floorplan.sdc
source /OpenROAD-flow-scripts/flow/platforms/nangate45/setRC.tcl
[WARNING PDN-1051] No instances found for grid (CORE_macro_grid_2).
[INFO PDN-0001] Inserting grid: grid
[INFO PDN-0001] Inserting grid: CORE_macro_grid_1 - dcache/data.data_arrays_0.data_arrays_0_ext.mem
[INFO PDN-0001] Inserting grid: CORE_macro_grid_1 - frontend/icache.data_arrays_0.data_arrays_0_0_ext.mem
[INFO PDN-0500] Runtime: 0.02s
Design area 53980 um^2 61% utilization.
write_db /work/results/nangate45/tinyRocket/base/2_4_floorplan_pdn.odb
Elapsed time: 0:00.68[h:]min:sec. CPU time: user 0.59 sys 0.07 (98%). Peak memory: 137872KB.
Log                       Ext     Elapsed/s Peak Memory/MB sha1sum result [0:20)
2_4_floorplan_pdn         .odb            0            134 f2db22c3e4004ccf3359
cp /work/results/nangate45/tinyRocket/base/2_4_floorplan_pdn.odb /work/results/nangate45/tinyRocket/base/2_floorplan.odb
cp /work/results/nangate45/tinyRocket/base/2_1_floorplan.sdc /work/results/nangate45/tinyRocket/base/2_floorplan.sdc
/OpenROAD-flow-scripts/flow/scripts/flow.sh 3_1_place_gp_skip_io global_place_skip_io
Running global_place_skip_io.tcl, stage 3_1_place_gp_skip_io
read_liberty /OpenROAD-flow-scripts/flow/platforms/nangate45/lib/NangateOpenCellLibrary_typical.lib
read_liberty /OpenROAD-flow-scripts/flow/designs/nangate45/tinyRocket/fakeram45_1024x32.lib
read_liberty /OpenROAD-flow-scripts/flow/designs/nangate45/tinyRocket/fakeram45_64x32.lib
read_db /work/results/nangate45/tinyRocket/base/2_floorplan.odb
read_sdc /work/results/nangate45/tinyRocket/base/2_floorplan.sdc
source /OpenROAD-flow-scripts/flow/platforms/nangate45/setRC.tcl
global_placement -skip_io -density 0.75 -pad_left 0 -pad_right 0
[INFO GPL-0190] Using 8 of 16 threads for placement: one per core, SMT siblings idle.
[INFO GPL-0001] ---- Initialize GPL Main Data Structures
[INFO GPL-0002] DBU: 2000
[INFO GPL-0003] SiteSize: (  0.190  1.400 ) um
[INFO GPL-0004] CoreBBox: (  2.090  2.800 ) ( 300.390 299.600 ) um
[INFO GPL-0016] Core area:                   88535.440 um^2
[INFO GPL-0036] Movable instances area:      51285.864 um^2
[INFO GPL-0037] Total instances area:        54059.978 um^2
[INFO GPL-0035] Pin density area adjust:      3783.427 um^2
[INFO GPL-0032] ---- Initialize Region: Top-level
[INFO GPL-0006] Number of instances:             28785
[INFO GPL-0007] Movable instances:               27712
[INFO GPL-0008] Fixed instances:                   801
[INFO GPL-0009] Dummy instances:                   272
[INFO GPL-0010] Number of nets:                  33644
[INFO GPL-0011] Number of pins:                 101812
[INFO GPL-0012] Die BBox:       (  0.000  0.000 ) ( 302.400 302.400 ) um
[INFO GPL-0013] Placement BBox: (  2.090  2.800 ) ( 300.390 299.600 ) um
[INFO GPL-0014] Region name: top-level.
[INFO GPL-0015] Region area:                 88535.440 um^2
[INFO GPL-0017] Fixed instances area:         5858.650 um^2
[INFO GPL-0018] Movable instances area:      55069.291 um^2
[INFO GPL-0019] Utilization:                    66.608 %
[INFO GPL-0020] Standard cells area:         55069.291 um^2
[INFO GPL-0021] Large instances area:            0.000 um^2
[INFO GPL-0005] ---- Execute Conjugate Gradient Initial Placement.
[INFO GPL-0051] Source of initial instance position counters:
	Odb location = 27712	Core center = 0	Region center = 0
[INFO GPL-0033] ---- Initialize Nesterov Region: Top-level
[INFO GPL-0023] Placement target density:       0.7500
[INFO GPL-0024] Movable insts average area:      1.987 um^2
[INFO GPL-0025] Ideal bin area:                  2.650 um^2
[INFO GPL-0026] Ideal bin count:                 33414
[INFO GPL-0027] Total bin area:              88535.440 um^2
[INFO GPL-0028] Bin count (X, Y):         128 ,    128
[INFO GPL-0029] Bin size (W * H):       2.330 *  2.319 um
[INFO GPL-0030] Number of bins:                  16384
[INFO GPL-0084] ---- Execute Nesterov Global Placement.
[INFO GPL-0031] HPWL: Half-Perimeter Wirelength
Iteration | Overflow |     HPWL (um) |  HPWL(%) |   Penalty | Group
---------------------------------------------------------------
        0 |   0.9741 |  3.445954e+05 |   +0.00% |  1.77e-14 |      
       10 |   0.9014 |  2.847198e+05 |  -17.38% |  2.86e-14 |      
       20 |   0.8822 |  2.154919e+05 |  -24.31% |  4.66e-14 |      
       30 |   0.8860 |  1.810006e+05 |  -16.01% |  7.59e-14 |      
       40 |   0.8992 |  1.561317e+05 |  -13.74% |  1.24e-13 |      
       50 |   0.9201 |  1.377610e+05 |  -11.77% |  2.02e-13 |      
       60 |   0.9361 |  1.255195e+05 |   -8.89% |  3.28e-13 |      
       70 |   0.9430 |  1.172363e+05 |   -6.60% |  5.35e-13 |      
       80 |   0.9489 |  1.138296e+05 |   -2.91% |  8.71e-13 |      
       90 |   0.9496 |  1.132997e+05 |   -0.47% |  1.42e-12 |      
      100 |   0.9497 |  1.157522e+05 |   +2.16% |  2.31e-12 |      
      110 |   0.9470 |  1.217215e+05 |   +5.16% |  3.76e-12 |      
      120 |   0.9396 |  1.294473e+05 |   +6.35% |  6.12e-12 |      
      130 |   0.9280 |  1.397034e+05 |   +7.92% |  9.95e-12 |      
      140 |   0.9125 |  1.531305e+05 |   +9.61% |  1.62e-11 |      
      150 |   0.8916 |  1.701021e+05 |  +11.08% |  2.63e-11 |      
      160 |   0.8642 |  1.900551e+05 |  +11.73% |  4.26e-11 |      
      170 |   0.8335 |  2.126000e+05 |  +11.86% |  6.92e-11 |      
      180 |   0.7993 |  2.395899e+05 |  +12.70% |  1.12e-10 |      
      190 |   0.7656 |  2.696153e+05 |  +12.53% |  1.82e-10 |      
      200 |   0.7326 |  2.892042e+05 |   +7.27% |  2.95e-10 |      
      210 |   0.6913 |  3.036713e+05 |   +5.00% |  4.80e-10 |      
      220 |   0.6561 |  3.193148e+05 |   +5.15% |  7.79e-10 |      
      230 |   0.6160 |  3.372634e+05 |   +5.62% |  1.27e-09 |      
      240 |   0.5744 |  3.413037e+05 |   +1.20% |  2.06e-09 |      
      250 |   0.5264 |  3.555972e+05 |   +4.19% |  3.35e-09 |      
      260 |   0.4801 |  3.599978e+05 |   +1.24% |  5.45e-09 |      
      270 |   0.4364 |  3.691764e+05 |   +2.55% |  8.86e-09 |      
      280 |   0.3917 |  3.713041e+05 |   +0.58% |  1.44e-08 |      
      290 |   0.3489 |  3.751433e+05 |   +1.03% |  2.35e-08 |      
      300 |   0.3104 |  3.769776e+05 |   +0.49% |  3.49e-08 |      
      310 |   0.2767 |  3.786734e+05 |   +0.45% |  5.14e-08 |      
      320 |   0.2431 |  3.799605e+05 |   +0.34% |  7.58e-08 |      
      330 |   0.2142 |  3.812921e+05 |   +0.35% |  1.12e-07 |      
      340 |   0.1877 |  3.821720e+05 |   +0.23% |  1.64e-07 |      
      350 |   0.1627 |  3.830397e+05 |   +0.23% |  2.42e-07 |      
      360 |   0.1409 |  3.837725e+05 |   +0.19% |  3.57e-07 |      
      370 |   0.1206 |  3.845009e+05 |   +0.19% |  5.25e-07 |      
      380 |   0.1027 |  3.850295e+05 |   +0.14% |  7.74e-07 |      
      382 |   0.0992 |  3.851358e+05 |          |  8.69e-07 |      
---------------------------------------------------------------
[INFO GPL-1001] Global placement finished at iteration 382
[INFO GPL-1002] Placed Cell Area            55069.2912
[INFO GPL-1003] Available Free Area         82676.7900
[INFO GPL-1004] Minimum Feasible Density        0.6700 (cell_area / free_area)
[INFO GPL-1006]   Suggested Target Densities:
[INFO GPL-1007]     - For 90% usage of free space: 0.7401
[INFO GPL-1008]     - For 80% usage of free space: 0.8326
[INFO GPL-1014] Final placement area: 55069.29 (+0.00%)
[INFO GPL-1018] Final HPWL (um): 385504.27
Design area 53980 um^2 61% utilization.
write_db /work/results/nangate45/tinyRocket/base/3_1_place_gp_skip_io.odb
Elapsed time: 0:02.27[h:]min:sec. CPU time: user 7.47 sys 0.26 (340%). Peak memory: 179020KB.
Log                       Ext     Elapsed/s Peak Memory/MB sha1sum result [0:20)
3_1_place_gp_skip_io      .odb            2            174 74eb8b5e96a32e48f279
/OpenROAD-flow-scripts/flow/scripts/flow.sh 3_2_place_iop io_placement
Running io_placement.tcl, stage 3_2_place_iop
read_liberty /OpenROAD-flow-scripts/flow/platforms/nangate45/lib/NangateOpenCellLibrary_typical.lib
read_liberty /OpenROAD-flow-scripts/flow/designs/nangate45/tinyRocket/fakeram45_1024x32.lib
read_liberty /OpenROAD-flow-scripts/flow/designs/nangate45/tinyRocket/fakeram45_64x32.lib
read_db /work/results/nangate45/tinyRocket/base/3_1_place_gp_skip_io.odb
read_sdc /work/results/nangate45/tinyRocket/base/2_floorplan.sdc
source /OpenROAD-flow-scripts/flow/platforms/nangate45/setRC.tcl
place_pins -hor_layers metal5 -ver_layers metal6
Found 2 macro blocks.
Using 2 tracks default min distance between IO pins.
[INFO PPL-0001] Number of available slots 2144
[INFO PPL-0002] Number of I/O             269
[INFO PPL-0003] Number of I/O w/sink      263
[INFO PPL-0004] Number of I/O w/o sink    6
[INFO PPL-0005] Slots per section         200
[INFO PPL-0008] Successfully assigned pins to sections.
[INFO PPL-0012] I/O nets HPWL: 10596.38 um.
Design area 53980 um^2 61% utilization.
write_db /work/results/nangate45/tinyRocket/base/3_2_place_iop.odb
Elapsed time: 0:00.38[h:]min:sec. CPU time: user 0.30 sys 0.08 (99%). Peak memory: 132812KB.
Log                       Ext     Elapsed/s Peak Memory/MB sha1sum result [0:20)
3_2_place_iop             .odb            0            129 21521c0db8bcf8204af0
/OpenROAD-flow-scripts/flow/scripts/flow.sh 3_3_place_gp global_place
Running global_place.tcl, stage 3_3_place_gp
read_liberty /OpenROAD-flow-scripts/flow/platforms/nangate45/lib/NangateOpenCellLibrary_typical.lib
read_liberty /OpenROAD-flow-scripts/flow/designs/nangate45/tinyRocket/fakeram45_1024x32.lib
read_liberty /OpenROAD-flow-scripts/flow/designs/nangate45/tinyRocket/fakeram45_64x32.lib
read_db /work/results/nangate45/tinyRocket/base/3_2_place_iop.odb
read_sdc /work/results/nangate45/tinyRocket/base/2_floorplan.sdc
source /OpenROAD-flow-scripts/flow/platforms/nangate45/setRC.tcl
[INFO RSZ-0026] Removed 2381 buffers.
Perform port buffering...
[INFO RSZ-0027] Inserted 130 BUF_X1 input buffers.
[INFO RSZ-0028] Inserted 124 BUF_X1 output buffers.
global_placement -density 0.75 -pad_left 0 -pad_right 0 -routability_driven -timing_driven -force_center_initial_place -min_phi_coef 0.95 -max_phi_coef 1.05
[INFO GPL-0190] Using 8 of 16 threads for placement: one per core, SMT siblings idle.
[INFO GPL-0001] ---- Initialize GPL Main Data Structures
[INFO GPL-0002] DBU: 2000
[INFO GPL-0003] SiteSize: (  0.190  1.400 ) um
[INFO GPL-0004] CoreBBox: (  2.090  2.800 ) ( 300.390 299.600 ) um
[INFO GPL-0016] Core area:                   88535.440 um^2
[INFO GPL-0036] Movable instances area:      49079.926 um^2
[INFO GPL-0037] Total instances area:        51854.040 um^2
[INFO GPL-0035] Pin density area adjust:      3771.906 um^2
[INFO GPL-0032] ---- Initialize Region: Top-level
[INFO GPL-0006] Number of instances:             26658
[INFO GPL-0007] Movable instances:               25585
[INFO GPL-0008] Fixed instances:                   801
[INFO GPL-0009] Dummy instances:                   272
[INFO GPL-0010] Number of nets:                  31517
[INFO GPL-0011] Number of pins:                  97827
[INFO GPL-0012] Die BBox:       (  0.000  0.000 ) ( 302.400 302.400 ) um
[INFO GPL-0013] Placement BBox: (  2.090  2.800 ) ( 300.390 299.600 ) um
[INFO GPL-0014] Region name: top-level.
[INFO GPL-0015] Region area:                 88535.440 um^2
[INFO GPL-0017] Fixed instances area:         5858.650 um^2
[INFO GPL-0018] Movable instances area:      52851.832 um^2
[INFO GPL-0019] Utilization:                    63.926 %
[INFO GPL-0020] Standard cells area:         52851.832 um^2
[INFO GPL-0021] Large instances area:            0.000 um^2
[INFO GPL-0005] ---- Execute Conjugate Gradient Initial Placement.
[INFO GPL-0051] Source of initial instance position counters:
	Odb location = 0	Core center = 25585	Region center = 0
[InitialPlace]  Iter: 1 conjugate gradient residual: 0.05479927 HPWL: 876616482
[InitialPlace]  Iter: 2 conjugate gradient residual: 0.00062176 HPWL: 374543338
[InitialPlace]  Iter: 3 conjugate gradient residual: 0.00074085 HPWL: 350417481
[InitialPlace]  Iter: 4 conjugate gradient residual: 0.00071192 HPWL: 344594302
[InitialPlace]  Iter: 5 conjugate gradient residual: 0.00030677 HPWL: 340084926
[InitialPlace]  Iter: 6 conjugate gradient residual: 0.00011818 HPWL: 337014090
[InitialPlace]  Iter: 7 conjugate gradient residual: 0.00013928 HPWL: 333914763
[InitialPlace]  Iter: 8 conjugate gradient residual: 0.00011655 HPWL: 332648335
[InitialPlace]  Iter: 9 conjugate gradient residual: 0.00008255 HPWL: 331160729
[InitialPlace]  Iter: 10 conjugate gradient residual: 0.00007197 HPWL: 330729292
[InitialPlace]  Iter: 11 conjugate gradient residual: 0.00006234 HPWL: 329670235
[InitialPlace]  Iter: 12 conjugate gradient residual: 0.00006312 HPWL: 329469982
[InitialPlace]  Iter: 13 conjugate gradient residual: 0.00006045 HPWL: 328664262
[InitialPlace]  Iter: 14 conjugate gradient residual: 0.00004889 HPWL: 328662108
[InitialPlace]  Iter: 15 conjugate gradient residual: 0.00005276 HPWL: 327883211
[InitialPlace]  Iter: 16 conjugate gradient residual: 0.00004152 HPWL: 328017063
[InitialPlace]  Iter: 17 conjugate gradient residual: 0.00003501 HPWL: 327271436
[InitialPlace]  Iter: 18 conjugate gradient residual: 0.00074038 HPWL: 327451968
[InitialPlace]  Iter: 19 conjugate gradient residual: 0.00002881 HPWL: 326843974
[InitialPlace]  Iter: 20 conjugate gradient residual: 0.00002291 HPWL: 327060678
[INFO GPL-0033] ---- Initialize Nesterov Region: Top-level
[INFO GPL-0023] Placement target density:       0.7500
[INFO GPL-0024] Movable insts average area:      2.066 um^2
[INFO GPL-0025] Ideal bin area:                  2.754 um^2
[INFO GPL-0026] Ideal bin count:                 32144
[INFO GPL-0027] Total bin area:              88535.440 um^2
[INFO GPL-0028] Bin count (X, Y):         128 ,    128
[INFO GPL-0029] Bin size (W * H):       2.330 *  2.319 um
[INFO GPL-0030] Number of bins:                  16384
[INFO GPL-0084] ---- Execute Nesterov Global Placement.
[INFO GPL-0031] HPWL: Half-Perimeter Wirelength
Iteration | Overflow |     HPWL (um) |  HPWL(%) |   Penalty | Group
---------------------------------------------------------------
        0 |   0.9792 |  6.409274e+04 |   +0.00% |  2.75e-16 |      
       10 |   0.9667 |  7.735341e+04 |  +20.69% |  4.46e-16 |      
       20 |   0.9611 |  8.031119e+04 |   +3.82% |  7.27e-16 |      
       30 |   0.9549 |  8.307936e+04 |   +3.45% |  1.18e-15 |      
       40 |   0.9532 |  8.505434e+04 |   +2.38% |  1.93e-15 |      
       50 |   0.9527 |  8.649860e+04 |   +1.70% |  3.14e-15 |      
       60 |   0.9507 |  8.737905e+04 |   +1.02% |  5.11e-15 |      
       70 |   0.9494 |  8.763661e+04 |   +0.29% |  8.32e-15 |      
       80 |   0.9483 |  8.727115e+04 |   -0.42% |  1.35e-14 |      
       90 |   0.9479 |  8.660891e+04 |   -0.76% |  2.21e-14 |      
      100 |   0.9472 |  8.613120e+04 |   -0.55% |  3.60e-14 |      
      110 |   0.9462 |  8.609104e+04 |   -0.05% |  5.86e-14 |      
      120 |   0.9453 |  8.646590e+04 |   +0.44% |  9.54e-14 |      
      130 |   0.9435 |  8.710410e+04 |   +0.74% |  1.55e-13 |      
      140 |   0.9431 |  8.803880e+04 |   +1.07% |  2.53e-13 |      
      150 |   0.9408 |  8.945858e+04 |   +1.61% |  4.12e-13 |      
      160 |   0.9391 |  9.165125e+04 |   +2.45% |  6.71e-13 |      
      170 |   0.9367 |  9.504934e+04 |   +3.71% |  1.09e-12 |      
      180 |   0.9325 |  1.000410e+05 |   +5.25% |  1.78e-12 |      
      190 |   0.9263 |  1.068810e+05 |   +6.84% |  2.89e-12 |      
      200 |   0.9165 |  1.160280e+05 |   +8.56% |  4.70e-12 |      
      210 |   0.9049 |  1.278204e+05 |  +10.16% |  7.63e-12 |      
      220 |   0.8898 |  1.427942e+05 |  +11.71% |  1.24e-11 |      
      230 |   0.8706 |  1.609630e+05 |  +12.72% |  2.01e-11 |      
      240 |   0.8478 |  1.816065e+05 |  +12.82% |  3.26e-11 |      
      250 |   0.8214 |  2.020303e+05 |  +11.25% |  5.29e-11 |      
      260 |   0.7890 |  2.244955e+05 |  +11.12% |  8.57e-11 |      
      270 |   0.7556 |  2.448269e+05 |   +9.06% |  1.39e-10 |      
      280 |   0.7228 |  2.587831e+05 |   +5.70% |  2.26e-10 |      
      290 |   0.6842 |  2.729756e+05 |   +5.48% |  3.66e-10 |      
      300 |   0.6488 |  2.832405e+05 |   +3.76% |  5.96e-10 |      
[INFO GPL-0100] Timing-driven iteration 1/2, virtual: false.
[INFO GPL-0101]    Iter: 305, overflow: 0.633, keep resizer changes at: 1, HPWL: 575044833
Iteration |   Area    | Resized | Buffers | Nets repaired | Remaining
---------------------------------------------------------------------
        0 |     +0.0% |       0 |       0 |             0 |     31517
    final |     +1.2% |     203 |     341 |           310 |         0
---------------------------------------------------------------------
[INFO RSZ-0034] Found 180 slew violations.
[INFO RSZ-0035] Found 63 fanout violations.
[INFO RSZ-0036] Found 169 capacitance violations.
[INFO RSZ-0039] Resized 203 instances.
[INFO RSZ-0038] Inserted 341 buffers in 310 nets.
   Iter   |    Area   | Removed | Inserted |   Pins
          |           | Buffers | Buffers  | Remaining
-------------------------------------------------------
        0 |     +0.0% |       0 |        0 |     31236
     3100 |     +0.8% |      19 |      255 |     28136
     6200 |     +1.0% |      25 |      406 |     25036
     9300 |     +1.4% |      47 |      668 |     21936
    12400 |     +2.0% |     148 |     1126 |     18836
    15500 |     +2.5% |     186 |     1483 |     15736
    18600 |     +2.6% |     205 |     1592 |     12636
    21700 |     +2.8% |     233 |     1717 |      9536
    24800 |     +2.9% |     282 |     1872 |      6436
    27900 |     +3.2% |     323 |     2129 |      3336
    31000 |     +3.2% |     325 |     2131 |       236
    final |     +3.2% |     341 |     2144 |         0
-------------------------------------------------------
[INFO GPL-0106] Timing-driven: worst slack -1.910489e-10
[INFO GPL-0107] Timing-driven: repair_design delta area: 2292.405 um^2 (+4.34%)
[INFO GPL-0108] Timing-driven: repair_design, gpl delta gcells: 2144 (+8.38%)
[INFO GPL-0109] Timing-driven: repair_design, gcells created: 2485, deleted: 341
[INFO GPL-0110] Timing-driven: new target density: 0.7777273
Iteration | Overflow |     HPWL (um) |  HPWL(%) |   Penalty | Group
---------------------------------------------------------------
      310 |   0.6069 |  3.219974e+05 |  +13.68% |  9.62e-10 |      
[INFO GPL-0038] Routability snapshot saved at iter = 314
      313 |   0.5986 |  3.224566e+05 |          |           |      
      320 |   0.5841 |  3.215696e+05 |   -0.13% |  1.57e-09 |      
      330 |   0.5494 |  3.288242e+05 |   +2.26% |  2.55e-09 |      
      340 |   0.5022 |  3.422322e+05 |   +4.08% |  4.14e-09 |      
      350 |   0.4540 |  3.507194e+05 |   +2.48% |  6.73e-09 |      
      360 |   0.4074 |  3.583683e+05 |   +2.18% |  1.09e-08 |      
      370 |   0.3674 |  3.621016e+05 |   +1.04% |  1.78e-08 |      
      380 |   0.3240 |  3.627678e+05 |   +0.18% |  2.78e-08 |      
[INFO GPL-0040] Routability iteration: 1
[WARNING GRT-0281] Net clock has a large fanout of 3916 terminals.
[INFO GPL-0088] Tiles the placer can act on: 6840 of 11236 (60.88%)
[INFO GPL-0041] Total routing overflow: 62.0649
[INFO GPL-0042] Number of overflowed tiles: 282 (4.12%)
[INFO GPL-0043] Average top 0.5% routing congestion: 1.5403
[INFO GPL-0044] Average top 1.0% routing congestion: 1.4596
[INFO GPL-0045] Average top 2.0% routing congestion: 1.3572
[INFO GPL-0046] Average top 5.0% routing congestion: 1.1767
[INFO GPL-0047] Routability iteration weighted routing congestion: 1.5000
[INFO GPL-0048] Routing congestion (1.5000) lower than previous minimum (1e+30). Updating minimum.
[INFO GPL-0086] Inflated area:                2192.926 um^2 (+3.98%)
[INFO GPL-0052] Placement target density:       0.7777
[INFO GPL-0076] Removing fillers, count: Before: 4382, After: 3333 (-23.94%)
[INFO GPL-0077] Filler area (um^2)     : Before: 9155.763, After: 6963.926 (-23.94%)
[INFO GPL-0078] Removed fillers count: 1049, area removed: 2191.767 um^2. Remaining area to be compensated by modifying density: 1.160 um^2
[INFO GPL-0058] White space area:            82676.790 um^2 (+0.00%)
[INFO GPL-0059] Movable instances area:      64299.999 um^2 (+0.00%)
[INFO GPL-0060] Total filler area:            6963.926 um^2 (-23.94%)
[INFO GPL-0061] Total non-inflated area:     64301.090 um^2 (+0.00%)
[INFO GPL-0062] Total inflated area:         66494.016 um^2 (+0.00%)
[INFO GPL-0063] New Target Density:             0.7777
[INFO GPL-0087] Routability end iteration: increase inflation and revert back to snapshot.
Iteration | Overflow |     HPWL (um) |  HPWL(%) |   Penalty | Group
---------------------------------------------------------------
      390 |   0.6056 |  3.204269e+05 |   +0.00% |  1.26e-09 |      
      400 |   0.5708 |  3.327025e+05 |   +3.83% |  1.86e-09 |      
      410 |   0.5341 |  3.438228e+05 |   +3.34% |  2.73e-09 |      
      420 |   0.4999 |  3.545794e+05 |   +3.13% |  4.01e-09 |      
      430 |   0.4661 |  3.594674e+05 |   +1.38% |  5.91e-09 |      
      440 |   0.4274 |  3.644217e+05 |   +1.38% |  8.69e-09 |      
      450 |   0.3953 |  3.667495e+05 |   +0.64% |  1.28e-08 |      
      460 |   0.3590 |  3.706780e+05 |   +1.07% |  1.88e-08 |      
      470 |   0.3231 |  3.748589e+05 |   +1.13% |  2.77e-08 |      
[INFO GPL-0040] Routability iteration: 2
[INFO GPL-0088] Tiles the placer can act on: 7021 of 11236 (62.49%)
[INFO GPL-0041] Total routing overflow: 18.7958
[INFO GPL-0042] Number of overflowed tiles: 206 (2.93%)
[INFO GPL-0043] Average top 0.5% routing congestion: 1.2343
[INFO GPL-0044] Average top 1.0% routing congestion: 1.1812
[INFO GPL-0045] Average top 2.0% routing congestion: 1.1249
[INFO GPL-0046] Average top 5.0% routing congestion: 1.0374
[INFO GPL-0047] Routability iteration weighted routing congestion: 1.2077
[INFO GPL-0048] Routing congestion (1.2077) lower than previous minimum (1.5). Updating minimum.
[INFO GPL-0086] Inflated area:                 785.446 um^2 (+1.37%)
[INFO GPL-0052] Placement target density:       0.7777
[INFO GPL-0076] Removing fillers, count: Before: 3333, After: 2958 (-11.25%)
[INFO GPL-0077] Filler area (um^2)     : Before: 6963.926, After: 6180.406 (-11.25%)
[INFO GPL-0078] Removed fillers count: 375, area removed: 783.520 um^2. Remaining area to be compensated by modifying density: 1.926 um^2
[INFO GPL-0058] White space area:            82676.790 um^2 (+0.00%)
[INFO GPL-0059] Movable instances area:      64299.999 um^2 (+0.00%)
[INFO GPL-0060] Total filler area:            6180.406 um^2 (-11.25%)
[INFO GPL-0061] Total non-inflated area:     64303.016 um^2 (+0.00%)
[INFO GPL-0062] Total inflated area:         65088.462 um^2 (+0.00%)
[INFO GPL-0063] New Target Density:             0.7777
[INFO GPL-0087] Routability end iteration: increase inflation and revert back to snapshot.
Iteration | Overflow |     HPWL (um) |  HPWL(%) |   Penalty | Group
---------------------------------------------------------------
      480 |   0.6167 |  3.185848e+05 |   +0.00% |  1.17e-09 |      
      490 |   0.5788 |  3.340687e+05 |   +4.86% |  1.72e-09 |      
      500 |   0.5378 |  3.457307e+05 |   +3.49% |  2.52e-09 |      
      510 |   0.5071 |  3.574246e+05 |   +3.38% |  3.71e-09 |      
      520 |   0.4716 |  3.641940e+05 |   +1.89% |  5.46e-09 |      
      530 |   0.4354 |  3.683741e+05 |   +1.15% |  8.04e-09 |      
      540 |   0.4010 |  3.712422e+05 |   +0.78% |  1.18e-08 |      
      550 |   0.3694 |  3.752196e+05 |   +1.07% |  1.74e-08 |      
      560 |   0.3305 |  3.805952e+05 |   +1.43% |  2.56e-08 |      
      570 |   0.3030 |  3.802746e+05 |   -0.08% |  3.78e-08 |      
[INFO GPL-0040] Routability iteration: 3
[INFO GPL-0088] Tiles the placer can act on: 7118 of 11236 (63.35%)
[INFO GPL-0041] Total routing overflow: 11.5603
[INFO GPL-0042] Number of overflowed tiles: 138 (1.94%)
[INFO GPL-0043] Average top 0.5% routing congestion: 1.1763
[INFO GPL-0044] Average top 1.0% routing congestion: 1.1323
[INFO GPL-0045] Average top 2.0% routing congestion: 1.0808
[INFO GPL-0046] Average top 5.0% routing congestion: 0.9992
[INFO GPL-0047] Routability iteration weighted routing congestion: 1.1543
[INFO GPL-0048] Routing congestion (1.1543) lower than previous minimum (1.208). Updating minimum.
[INFO GPL-0086] Inflated area:                 547.101 um^2 (+0.94%)
[INFO GPL-0052] Placement target density:       0.7777
[INFO GPL-0076] Removing fillers, count: Before: 2958, After: 2697 (-8.82%)
[INFO GPL-0077] Filler area (um^2)     : Before: 6180.406, After: 5635.076 (-8.82%)
[INFO GPL-0078] Removed fillers count: 261, area removed: 545.330 um^2. Remaining area to be compensated by modifying density: 1.771 um^2
[INFO GPL-0058] White space area:            82676.790 um^2 (+0.00%)
[INFO GPL-0059] Movable instances area:      64299.999 um^2 (+0.00%)
[INFO GPL-0060] Total filler area:            5635.076 um^2 (-8.82%)
[INFO GPL-0061] Total non-inflated area:     64304.787 um^2 (+0.00%)
[INFO GPL-0062] Total inflated area:         64851.888 um^2 (+0.00%)
[INFO GPL-0063] New Target Density:             0.7777
[INFO GPL-0087] Routability end iteration: increase inflation and revert back to snapshot.
Iteration | Overflow |     HPWL (um) |  HPWL(%) |   Penalty | Group
---------------------------------------------------------------
      580 |   0.5921 |  3.317300e+05 |   +0.00% |  1.53e-09 |      
      590 |   0.5494 |  3.451480e+05 |   +4.04% |  2.25e-09 |      
      600 |   0.5168 |  3.575396e+05 |   +3.59% |  3.30e-09 |      
      610 |   0.4821 |  3.665785e+05 |   +2.53% |  4.86e-09 |      
      620 |   0.4475 |  3.702136e+05 |   +0.99% |  7.15e-09 |      
      630 |   0.4089 |  3.739323e+05 |   +1.00% |  1.05e-08 |      
      640 |   0.3783 |  3.764597e+05 |   +0.68% |  1.55e-08 |      
      650 |   0.3412 |  3.830008e+05 |   +1.74% |  2.28e-08 |      
      660 |   0.3122 |  3.836267e+05 |   +0.16% |  3.36e-08 |      
[INFO GPL-0040] Routability iteration: 4
[INFO GPL-0088] Tiles the placer can act on: 7189 of 11236 (63.98%)
[INFO GPL-0041] Total routing overflow: 7.7437
[INFO GPL-0042] Number of overflowed tiles: 123 (1.71%)
[INFO GPL-0043] Average top 0.5% routing congestion: 1.1280
[INFO GPL-0044] Average top 1.0% routing congestion: 1.0928
[INFO GPL-0045] Average top 2.0% routing congestion: 1.0528
[INFO GPL-0046] Average top 5.0% routing congestion: 0.9825
[INFO GPL-0047] Routability iteration weighted routing congestion: 1.1104
[INFO GPL-0048] Routing congestion (1.1104) lower than previous minimum (1.154). Updating minimum.
[INFO GPL-0086] Inflated area:                 452.200 um^2 (+0.77%)
[INFO GPL-0052] Placement target density:       0.7777
[INFO GPL-0076] Removing fillers, count: Before: 2697, After: 2481 (-8.01%)
[INFO GPL-0077] Filler area (um^2)     : Before: 5635.076, After: 5183.769 (-8.01%)
[INFO GPL-0078] Removed fillers count: 216, area removed: 451.308 um^2. Remaining area to be compensated by modifying density: 0.893 um^2
[INFO GPL-0058] White space area:            82676.790 um^2 (+0.00%)
[INFO GPL-0059] Movable instances area:      64299.999 um^2 (+0.00%)
[INFO GPL-0060] Total filler area:            5183.769 um^2 (-8.01%)
[INFO GPL-0061] Total non-inflated area:     64305.680 um^2 (+0.00%)
[INFO GPL-0062] Total inflated area:         64757.881 um^2 (+0.00%)
[INFO GPL-0063] New Target Density:             0.7777
[INFO GPL-0087] Routability end iteration: increase inflation and revert back to snapshot.
Iteration | Overflow |     HPWL (um) |  HPWL(%) |   Penalty | Group
---------------------------------------------------------------
      670 |   0.6026 |  3.288042e+05 |   +0.00% |  1.42e-09 |      
      680 |   0.5555 |  3.450349e+05 |   +4.94% |  2.08e-09 |      
      690 |   0.5221 |  3.576363e+05 |   +3.65% |  3.06e-09 |      
      700 |   0.4872 |  3.680308e+05 |   +2.91% |  4.50e-09 |      
      710 |   0.4551 |  3.720127e+05 |   +1.08% |  6.62e-09 |      
      720 |   0.4163 |  3.762458e+05 |   +1.14% |  9.74e-09 |      
      730 |   0.3870 |  3.782879e+05 |   +0.54% |  1.43e-08 |      
      740 |   0.3506 |  3.845469e+05 |   +1.65% |  2.11e-08 |      
      750 |   0.3175 |  3.866518e+05 |   +0.55% |  3.11e-08 |      
[INFO GPL-0040] Routability iteration: 5
[INFO GPL-0088] Tiles the placer can act on: 7256 of 11236 (64.58%)
[INFO GPL-0041] Total routing overflow: 3.6421
[INFO GPL-0042] Number of overflowed tiles: 69 (0.95%)
[INFO GPL-0043] Average top 0.5% routing congestion: 1.0842
[INFO GPL-0044] Average top 1.0% routing congestion: 1.0498
[INFO GPL-0045] Average top 2.0% routing congestion: 1.0130
[INFO GPL-0046] Average top 5.0% routing congestion: 0.9552
[INFO GPL-0047] Routability iteration weighted routing congestion: 1.0670
[INFO GPL-0048] Routing congestion (1.0670) lower than previous minimum (1.11). Updating minimum.
[INFO GPL-0086] Inflated area:                 257.024 um^2 (+0.43%)
[INFO GPL-0052] Placement target density:       0.7777
[INFO GPL-0076] Removing fillers, count: Before: 2481, After: 2358 (-4.96%)
[INFO GPL-0077] Filler area (um^2)     : Before: 5183.769, After: 4926.774 (-4.96%)
[INFO GPL-0078] Removed fillers count: 123, area removed: 256.995 um^2. Remaining area to be compensated by modifying density: 0.029 um^2
[INFO GPL-0058] White space area:            82676.790 um^2 (+0.00%)
[INFO GPL-0059] Movable instances area:      64299.999 um^2 (+0.00%)
[INFO GPL-0060] Total filler area:            4926.774 um^2 (-4.96%)
[INFO GPL-0061] Total non-inflated area:     64305.709 um^2 (+0.00%)
[INFO GPL-0062] Total inflated area:         64562.733 um^2 (+0.00%)
[INFO GPL-0063] New Target Density:             0.7777
[INFO GPL-0087] Routability end iteration: increase inflation and revert back to snapshot.
Iteration | Overflow |     HPWL (um) |  HPWL(%) |   Penalty | Group
---------------------------------------------------------------
      760 |   0.6179 |  3.190503e+05 |   +0.00% |  1.26e-09 |      
      770 |   0.5689 |  3.422544e+05 |   +7.27% |  1.85e-09 |      
      780 |   0.5293 |  3.551174e+05 |   +3.76% |  2.72e-09 |      
      790 |   0.4985 |  3.671808e+05 |   +3.40% |  4.00e-09 |      
      800 |   0.4649 |  3.728606e+05 |   +1.55% |  5.89e-09 |      
      810 |   0.4284 |  3.767667e+05 |   +1.05% |  8.67e-09 |      
      820 |   0.3961 |  3.789978e+05 |   +0.59% |  1.28e-08 |      
      830 |   0.3621 |  3.840167e+05 |   +1.32% |  1.88e-08 |      
      840 |   0.3258 |  3.887412e+05 |   +1.23% |  2.77e-08 |      
      850 |   0.2961 |  3.885621e+05 |   -0.05% |  4.08e-08 |      
[INFO GPL-0040] Routability iteration: 6
[INFO GPL-0088] Tiles the placer can act on: 7280 of 11236 (64.79%)
[INFO GPL-0041] Total routing overflow: 2.0958
[INFO GPL-0042] Number of overflowed tiles: 47 (0.65%)
[INFO GPL-0043] Average top 0.5% routing congestion: 1.0553
[INFO GPL-0044] Average top 1.0% routing congestion: 1.0242
[INFO GPL-0045] Average top 2.0% routing congestion: 0.9920
[INFO GPL-0046] Average top 5.0% routing congestion: 0.9387
[INFO GPL-0047] Routability iteration weighted routing congestion: 1.0398
[INFO GPL-0048] Routing congestion (1.0398) lower than previous minimum (1.067). Updating minimum.
[INFO GPL-0086] Inflated area:                 165.115 um^2 (+0.28%)
[INFO GPL-0052] Placement target density:       0.7777
[INFO GPL-0076] Removing fillers, count: Before: 2358, After: 2279 (-3.35%)
[INFO GPL-0077] Filler area (um^2)     : Before: 4926.774, After: 4761.712 (-3.35%)
[INFO GPL-0078] Removed fillers count: 79, area removed: 165.062 um^2. Remaining area to be compensated by modifying density: 0.054 um^2
[INFO GPL-0058] White space area:            82676.790 um^2 (+0.00%)
[INFO GPL-0059] Movable instances area:      64299.999 um^2 (+0.00%)
[INFO GPL-0060] Total filler area:            4761.712 um^2 (-3.35%)
[INFO GPL-0061] Total non-inflated area:     64305.763 um^2 (+0.00%)
[INFO GPL-0062] Total inflated area:         64470.878 um^2 (+0.00%)
[INFO GPL-0063] New Target Density:             0.7777
[INFO GPL-0087] Routability end iteration: increase inflation and revert back to snapshot.
Iteration | Overflow |     HPWL (um) |  HPWL(%) |   Penalty | Group
---------------------------------------------------------------
      860 |   0.5835 |  3.387808e+05 |   +0.00% |  1.65e-09 |      
      870 |   0.5386 |  3.523713e+05 |   +4.01% |  2.43e-09 |      
      880 |   0.5098 |  3.652717e+05 |   +3.66% |  3.57e-09 |      
      890 |   0.4751 |  3.730904e+05 |   +2.14% |  5.24e-09 |      
      900 |   0.4406 |  3.766021e+05 |   +0.94% |  7.72e-09 |      
      910 |   0.4029 |  3.795414e+05 |   +0.78% |  1.14e-08 |      
      920 |   0.3733 |  3.829314e+05 |   +0.89% |  1.67e-08 |      
      930 |   0.3374 |  3.893979e+05 |   +1.69% |  2.46e-08 |      
      940 |   0.3079 |  3.890690e+05 |   -0.08% |  3.63e-08 |      
[INFO GPL-0040] Routability iteration: 7
[INFO GPL-0088] Tiles the placer can act on: 7244 of 11236 (64.47%)
[INFO GPL-0041] Total routing overflow: 2.4770
[INFO GPL-0042] Number of overflowed tiles: 54 (0.75%)
[INFO GPL-0043] Average top 0.5% routing congestion: 1.0604
[INFO GPL-0044] Average top 1.0% routing congestion: 1.0321
[INFO GPL-0045] Average top 2.0% routing congestion: 0.9991
[INFO GPL-0046] Average top 5.0% routing congestion: 0.9410
[INFO GPL-0047] Routability iteration weighted routing congestion: 1.0463
[INFO GPL-0049] Routing congestion (1.0463) higher than minimum (1.0398). Consecutive non-improvement count: 1.
[INFO GPL-0086] Inflated area:                 187.349 um^2 (+0.31%)
[INFO GPL-0052] Placement target density:       0.7777
[INFO GPL-0076] Removing fillers, count: Before: 2279, After: 2190 (-3.91%)
[INFO GPL-0077] Filler area (um^2)     : Before: 4761.712, After: 4575.757 (-3.91%)
[INFO GPL-0078] Removed fillers count: 89, area removed: 185.955 um^2. Remaining area to be compensated by modifying density: 1.393 um^2
[INFO GPL-0058] White space area:            82676.790 um^2 (+0.00%)
[INFO GPL-0059] Movable instances area:      64299.999 um^2 (+0.00%)
[INFO GPL-0060] Total filler area:            4575.757 um^2 (-3.91%)
[INFO GPL-0061] Total non-inflated area:     64307.156 um^2 (+0.00%)
[INFO GPL-0062] Total inflated area:         64494.505 um^2 (+0.00%)
[INFO GPL-0063] New Target Density:             0.7777
[INFO GPL-0087] Routability end iteration: increase inflation and revert back to snapshot.
Iteration | Overflow |     HPWL (um) |  HPWL(%) |   Penalty | Group
---------------------------------------------------------------
      950 |   0.5942 |  3.352092e+05 |   +0.00% |  1.53e-09 |      
      960 |   0.5466 |  3.507916e+05 |   +4.65% |  2.25e-09 |      
      970 |   0.5157 |  3.641807e+05 |   +3.82% |  3.30e-09 |      
      980 |   0.4813 |  3.736050e+05 |   +2.59% |  4.85e-09 |      
      990 |   0.4484 |  3.770529e+05 |   +0.92% |  7.14e-09 |      
     1000 |   0.4105 |  3.804274e+05 |   +0.89% |  1.05e-08 |      
     1010 |   0.3792 |  3.832020e+05 |   +0.73% |  1.55e-08 |      
     1020 |   0.3455 |  3.897661e+05 |   +1.71% |  2.28e-08 |      
     1030 |   0.3130 |  3.905447e+05 |   +0.20% |  3.36e-08 |      
[INFO GPL-0040] Routability iteration: 8
[INFO GPL-0088] Tiles the placer can act on: 7274 of 11236 (64.74%)
[INFO GPL-0041] Total routing overflow: 2.0700
[INFO GPL-0042] Number of overflowed tiles: 42 (0.58%)
[INFO GPL-0043] Average top 0.5% routing congestion: 1.0553
[INFO GPL-0044] Average top 1.0% routing congestion: 1.0224
[INFO GPL-0045] Average top 2.0% routing congestion: 0.9848
[INFO GPL-0046] Average top 5.0% routing congestion: 0.9317
[INFO GPL-0047] Routability iteration weighted routing congestion: 1.0388
[INFO GPL-0049] Routing congestion (1.0388) higher than minimum (1.0398). Consecutive non-improvement count: 2.
[INFO GPL-0086] Inflated area:                 160.982 um^2 (+0.27%)
[INFO GPL-0052] Placement target density:       0.7777
[INFO GPL-0076] Removing fillers, count: Before: 2190, After: 2113 (-3.52%)
[INFO GPL-0077] Filler area (um^2)     : Before: 4575.757, After: 4414.874 (-3.52%)
[INFO GPL-0078] Removed fillers count: 77, area removed: 160.883 um^2. Remaining area to be compensated by modifying density: 0.099 um^2
[INFO GPL-0058] White space area:            82676.790 um^2 (+0.00%)
[INFO GPL-0059] Movable instances area:      64299.999 um^2 (+0.00%)
[INFO GPL-0060] Total filler area:            4414.874 um^2 (-3.52%)
[INFO GPL-0061] Total non-inflated area:     64307.256 um^2 (+0.00%)
[INFO GPL-0062] Total inflated area:         64468.238 um^2 (+0.00%)
[INFO GPL-0063] New Target Density:             0.7777
[INFO GPL-0087] Routability end iteration: increase inflation and revert back to snapshot.
Iteration | Overflow |     HPWL (um) |  HPWL(%) |   Penalty | Group
---------------------------------------------------------------
     1040 |   0.6052 |  3.307149e+05 |   +0.00% |  1.42e-09 |      
     1050 |   0.5535 |  3.492093e+05 |   +5.59% |  2.08e-09 |      
     1060 |   0.5207 |  3.626813e+05 |   +3.86% |  3.06e-09 |      
     1070 |   0.4872 |  3.736277e+05 |   +3.02% |  4.49e-09 |      
     1080 |   0.4561 |  3.775512e+05 |   +1.05% |  6.61e-09 |      
     1090 |   0.4172 |  3.811136e+05 |   +0.94% |  9.73e-09 |      
     1100 |   0.3858 |  3.833158e+05 |   +0.58% |  1.43e-08 |      
     1110 |   0.3527 |  3.895406e+05 |   +1.62% |  2.11e-08 |      
     1120 |   0.3211 |  3.916463e+05 |   +0.54% |  3.11e-08 |      
[INFO GPL-0040] Routability iteration: 9
[INFO GPL-0088] Tiles the placer can act on: 7285 of 11236 (64.84%)
[INFO GPL-0041] Total routing overflow: 1.4110
[INFO GPL-0042] Number of overflowed tiles: 44 (0.60%)
[INFO GPL-0043] Average top 0.5% routing congestion: 1.0378
[INFO GPL-0044] Average top 1.0% routing congestion: 1.0145
[INFO GPL-0045] Average top 2.0% routing congestion: 0.9838
[INFO GPL-0046] Average top 5.0% routing congestion: 0.9306
[INFO GPL-0047] Routability iteration weighted routing congestion: 1.0261
[INFO GPL-0048] Routing congestion (1.0261) lower than previous minimum (1.04). Updating minimum.
[INFO GPL-0086] Inflated area:                 156.518 um^2 (+0.26%)
[INFO GPL-0052] Placement target density:       0.7777
[INFO GPL-0076] Removing fillers, count: Before: 2113, After: 2039 (-3.50%)
[INFO GPL-0077] Filler area (um^2)     : Before: 4414.874, After: 4260.260 (-3.50%)
[INFO GPL-0078] Removed fillers count: 74, area removed: 154.615 um^2. Remaining area to be compensated by modifying density: 1.903 um^2
[INFO GPL-0058] White space area:            82676.790 um^2 (+0.00%)
[INFO GPL-0059] Movable instances area:      64299.999 um^2 (+0.00%)
[INFO GPL-0060] Total filler area:            4260.260 um^2 (-3.50%)
[INFO GPL-0061] Total non-inflated area:     64309.158 um^2 (+0.00%)
[INFO GPL-0062] Total inflated area:         64465.676 um^2 (+0.00%)
[INFO GPL-0063] New Target Density:             0.7777
[INFO GPL-0087] Routability end iteration: increase inflation and revert back to snapshot.
Iteration | Overflow |     HPWL (um) |  HPWL(%) |   Penalty | Group
---------------------------------------------------------------
     1130 |   0.6157 |  3.234995e+05 |   +0.00% |  1.31e-09 |      
     1140 |   0.5617 |  3.474329e+05 |   +7.40% |  1.92e-09 |      
     1150 |   0.5257 |  3.607258e+05 |   +3.83% |  2.83e-09 |      
     1160 |   0.4944 |  3.728964e+05 |   +3.37% |  4.16e-09 |      
     1170 |   0.4628 |  3.779927e+05 |   +1.37% |  6.12e-09 |      
     1180 |   0.4253 |  3.816076e+05 |   +0.96% |  9.01e-09 |      
     1190 |   0.3934 |  3.834890e+05 |   +0.49% |  1.33e-08 |      
     1200 |   0.3597 |  3.888795e+05 |   +1.41% |  1.95e-08 |      
     1210 |   0.3256 |  3.931672e+05 |   +1.10% |  2.87e-08 |      
[INFO GPL-0040] Routability iteration: 10
[INFO GPL-0088] Tiles the placer can act on: 7320 of 11236 (65.15%)
[INFO GPL-0041] Total routing overflow: 0.9908
[INFO GPL-0042] Number of overflowed tiles: 32 (0.44%)
[INFO GPL-0043] Average top 0.5% routing congestion: 1.0262
[INFO GPL-0044] Average top 1.0% routing congestion: 0.9988
[INFO GPL-0045] Average top 2.0% routing congestion: 0.9680
[INFO GPL-0046] Average top 5.0% routing congestion: 0.9167
[INFO GPL-0047] Routability iteration weighted routing congestion: 1.0125
[INFO GPL-0048] Routing congestion (1.0125) lower than previous minimum (1.026). Updating minimum.
[INFO GPL-0086] Inflated area:                 117.706 um^2 (+0.20%)
[INFO GPL-0052] Placement target density:       0.7777
[INFO GPL-0076] Removing fillers, count: Before: 2039, After: 1983 (-2.75%)
[INFO GPL-0077] Filler area (um^2)     : Before: 4260.260, After: 4143.254 (-2.75%)
[INFO GPL-0078] Removed fillers count: 56, area removed: 117.006 um^2. Remaining area to be compensated by modifying density: 0.700 um^2
[INFO GPL-0058] White space area:            82676.790 um^2 (+0.00%)
[INFO GPL-0059] Movable instances area:      64299.999 um^2 (+0.00%)
[INFO GPL-0060] Total filler area:            4143.254 um^2 (-2.75%)
[INFO GPL-0061] Total non-inflated area:     64309.859 um^2 (+0.00%)
[INFO GPL-0062] Total inflated area:         64427.564 um^2 (+0.00%)
[INFO GPL-0063] New Target Density:             0.7777
[INFO GPL-0087] Routability end iteration: increase inflation and revert back to snapshot.
Iteration | Overflow |     HPWL (um) |  HPWL(%) |   Penalty | Group
---------------------------------------------------------------
     1220 |   0.6300 |  3.168904e+05 |   +0.00% |  1.17e-09 |      
     1230 |   0.5774 |  3.431797e+05 |   +8.30% |  1.71e-09 |      
     1240 |   0.5342 |  3.570642e+05 |   +4.05% |  2.52e-09 |      
     1250 |   0.5055 |  3.704391e+05 |   +3.75% |  3.70e-09 |      
     1260 |   0.4722 |  3.780259e+05 |   +2.05% |  5.45e-09 |      
     1270 |   0.4380 |  3.812531e+05 |   +0.85% |  8.02e-09 |      
     1280 |   0.4026 |  3.835854e+05 |   +0.61% |  1.18e-08 |      
     1290 |   0.3698 |  3.876127e+05 |   +1.05% |  1.74e-08 |      
     1300 |   0.3363 |  3.939905e+05 |   +1.65% |  2.56e-08 |      
     1310 |   0.3053 |  3.933541e+05 |   -0.16% |  3.77e-08 |      
[INFO GPL-0040] Routability iteration: 11
[INFO GPL-0088] Tiles the placer can act on: 7313 of 11236 (65.09%)
[INFO GPL-0041] Total routing overflow: 0.9484
[INFO GPL-0042] Number of overflowed tiles: 23 (0.31%)
[INFO GPL-0043] Average top 0.5% routing congestion: 1.0198
[INFO GPL-0044] Average top 1.0% routing congestion: 0.9897
[INFO GPL-0045] Average top 2.0% routing congestion: 0.9609
[INFO GPL-0046] Average top 5.0% routing congestion: 0.9131
[INFO GPL-0047] Routability iteration weighted routing congestion: 1.0047
[INFO GPL-0050] Weighted routing congestion is lower than target routing congestion(1.0100), end routability optimization.
[INFO GPL-0090] Routability finished. Target routing congestion achieved succesfully.
Iteration | Overflow |     HPWL (um) |  HPWL(%) |   Penalty | Group
---------------------------------------------------------------
     1320 |   0.2682 |  3.944755e+05 |   +0.29% |  5.55e-08 |      
     1330 |   0.2412 |  3.960315e+05 |   +0.39% |  8.17e-08 |      
     1340 |   0.2129 |  3.956154e+05 |   -0.11% |  1.20e-07 |      
[INFO GPL-0100] Timing-driven iteration 2/2, virtual: false.
[INFO GPL-0101]    Iter: 1349, overflow: 0.195, keep resizer changes at: 1, HPWL: 790461606
Iteration |   Area    | Resized | Buffers | Nets repaired | Remaining
---------------------------------------------------------------------
        0 |     +0.0% |       0 |       0 |             0 |     33661
    final |     +0.2% |       1 |      73 |            72 |         0
---------------------------------------------------------------------
[INFO RSZ-0034] Found 1 slew violations.
[INFO RSZ-0036] Found 71 capacitance violations.
[INFO RSZ-0039] Resized 1 instances.
[INFO RSZ-0038] Inserted 73 buffers in 72 nets.
   Iter   |    Area   | Removed | Inserted |   Pins
          |           | Buffers | Buffers  | Remaining
-------------------------------------------------------
        0 |     +0.0% |       0 |        0 |     31236
     3100 |     -0.2% |     255 |      218 |     28136
     6200 |     -0.3% |     406 |      315 |     25036
     9300 |     -0.4% |     670 |      523 |     21936
    12400 |     -0.4% |    1148 |      975 |     18836
    15500 |     -0.4% |    1514 |     1347 |     15736
    18600 |     -0.4% |    1627 |     1419 |     12636
    21700 |     -0.4% |    1766 |     1552 |      9536
    24800 |     -0.5% |    1937 |     1710 |      6436
    27900 |     -0.3% |    2200 |     2086 |      3336
    31000 |     -0.3% |    2203 |     2088 |       236
    final |     -0.3% |    2217 |     2101 |         0
-------------------------------------------------------
[INFO GPL-0106] Timing-driven: worst slack -1.4602405e-10
[INFO GPL-0107] Timing-driven: repair_design delta area: -400.289 um^2 (-0.67%)
[INFO GPL-0108] Timing-driven: repair_design, gpl delta gcells: -43 (-0.16%)
[INFO GPL-0109] Timing-driven: repair_design, gcells created: 2174, deleted: 2217
[INFO GPL-0110] Timing-driven: new target density: 0.77300495
Iteration | Overflow |     HPWL (um) |  HPWL(%) |   Penalty | Group
---------------------------------------------------------------
     1350 |   0.1953 |  4.098912e+05 |   +3.61% |  1.77e-07 |      
     1360 |   0.1681 |  4.038178e+05 |   -1.48% |  2.61e-07 |      
     1370 |   0.1460 |  4.018004e+05 |   -0.50% |  3.84e-07 |      
     1380 |   0.1270 |  4.008218e+05 |   -0.24% |  5.65e-07 |      
     1390 |   0.1079 |  4.000296e+05 |   -0.20% |  8.33e-07 |      
     1395 |   0.0993 |  3.998133e+05 |          |  1.05e-06 |      
---------------------------------------------------------------
[INFO GPL-1001] Global placement finished at iteration 1395
[INFO GPL-1017] Routability mode iteration count: 988
[INFO GPL-1005] Routability final weighted congestion: 0.9937
[INFO GPL-1002] Placed Cell Area            59766.3157
[INFO GPL-1003] Available Free Area         82676.7900
[INFO GPL-1004] Minimum Feasible Density        0.6400 (cell_area / free_area)
[INFO GPL-1006]   Suggested Target Densities:
[INFO GPL-1007]     - For 90% usage of free space: 0.8032
[INFO GPL-1008]     - For 80% usage of free space: 0.9036
[INFO GPL-1011] Original area (um^2): 52851.83
[INFO GPL-1012] Total routability artificial inflation: 5022.37 (+9.50%)
[INFO GPL-1013] Total timing-driven delta area: 1892.12 (+3.58%)
[INFO GPL-1014] Final placement area: 59766.32 (+13.08%)
[INFO GPL-1018] Final HPWL (um): 400116.85
Took 27 seconds: global_placement -density 0.75 -pad_left 0 -pad_right 0 -routability_driven -timing_driven -force_center_initial_place -min_phi_coef 0.95 -max_phi_coef 1.05
estimate_parasitics -placement
Report metrics stage 3, global place...

==========================================================================
global place report_design_area
--------------------------------------------------------------------------
Design area 54055 um^2 61% utilization.
write_db /work/results/nangate45/tinyRocket/base/3_3_place_gp.odb
Elapsed time: 0:32.21[h:]min:sec. CPU time: user 66.23 sys 8.19 (231%). Peak memory: 617420KB.
Log                       Ext     Elapsed/s Peak Memory/MB sha1sum result [0:20)
3_3_place_gp              .odb           32            602 ee0b3031581f5df76585
/OpenROAD-flow-scripts/flow/scripts/flow.sh 3_4_place_resized resize
Running resize.tcl, stage 3_4_place_resized
read_liberty /OpenROAD-flow-scripts/flow/platforms/nangate45/lib/NangateOpenCellLibrary_typical.lib
read_liberty /OpenROAD-flow-scripts/flow/designs/nangate45/tinyRocket/fakeram45_1024x32.lib
read_liberty /OpenROAD-flow-scripts/flow/designs/nangate45/tinyRocket/fakeram45_64x32.lib
read_db /work/results/nangate45/tinyRocket/base/3_3_place_gp.odb
read_sdc /work/results/nangate45/tinyRocket/base/2_floorplan.sdc
source /OpenROAD-flow-scripts/flow/platforms/nangate45/setRC.tcl
estimate_parasitics -placement
Perform buffer insertion and gate resizing...
repair_design -verbose
Iteration |   Area    | Resized | Buffers | Nets repaired | Remaining
---------------------------------------------------------------------
        0 |     +0.0% |       0 |       0 |             0 |     33618
     1000 |     +0.0% |       0 |       0 |             0 |     32618
     2000 |     +0.0% |       0 |       0 |             0 |     31618
     3000 |     +0.0% |       0 |       0 |             0 |     30618
     4000 |     +0.0% |       0 |       0 |             0 |     29618
     5000 |     +0.0% |       0 |       0 |             0 |     28618
     6000 |     +0.0% |       0 |       0 |             0 |     27618
     7000 |     +0.0% |       0 |       0 |             0 |     26618
     8000 |     +0.0% |       0 |       0 |             0 |     25618
     9000 |     +0.0% |       0 |       0 |             0 |     24618
    10000 |     +0.0% |       0 |       1 |             1 |     23618
    11000 |     +0.0% |       0 |       8 |             8 |     22618
    12000 |     +0.0% |       0 |       9 |             9 |     21618
    13000 |     +0.0% |       0 |      10 |            10 |     20618
    14000 |     +0.0% |       0 |      11 |            11 |     19618
    15000 |     +0.0% |       0 |      13 |            13 |     18618
    16000 |     +0.0% |       0 |      14 |            14 |     17618
    17000 |     +0.0% |       0 |      15 |            15 |     16618
    18000 |     +0.1% |       0 |      17 |            17 |     15618
    19000 |     +0.1% |       0 |      17 |            17 |     14618
    20000 |     +0.1% |       0 |      20 |            20 |     13618
    21000 |     +0.1% |       0 |      20 |            20 |     12618
    22000 |     +0.1% |       0 |      20 |            20 |     11618
    23000 |     +0.1% |       0 |      21 |            21 |     10618
    24000 |     +0.1% |       0 |      21 |            21 |      9618
    25000 |     +0.1% |       0 |      22 |            22 |      8618
    26000 |     +0.1% |       0 |      22 |            22 |      7618
    27000 |     +0.1% |       0 |      22 |            22 |      6618
    28000 |     +0.1% |       0 |      22 |            22 |      5618
    29000 |     +0.1% |       0 |      22 |            22 |      4618
    30000 |     +0.1% |       0 |      22 |            22 |      3618
    31000 |     +0.1% |       0 |      22 |            22 |      2618
    32000 |     +0.1% |       0 |      22 |            22 |      1618
    33000 |     +0.1% |       0 |      22 |            22 |       618
    final |     +0.1% |       0 |      22 |            22 |         0
---------------------------------------------------------------------
[INFO RSZ-0036] Found 22 capacitance violations.
[INFO RSZ-0038] Inserted 22 buffers in 22 nets.
[INFO RSZ-0504] Runtime: 1.80s
Floating nets: 
Report metrics stage 3, resizer...

==========================================================================
resizer report_design_area
--------------------------------------------------------------------------
Design area 54091 um^2 61% utilization.
Instance count before 28487, after 28509
Pin count before 101760, after 101804
write_db /work/results/nangate45/tinyRocket/base/3_4_place_resized.odb
Elapsed time: 0:10.14[h:]min:sec. CPU time: user 14.59 sys 2.69 (170%). Peak memory: 240396KB.
Log                       Ext     Elapsed/s Peak Memory/MB sha1sum result [0:20)
3_4_place_resized         .odb           10            234 fe846805b848604a4bbb
/OpenROAD-flow-scripts/flow/scripts/flow.sh 3_5_place_dp detail_place
Running detail_place.tcl, stage 3_5_place_dp
read_liberty /OpenROAD-flow-scripts/flow/platforms/nangate45/lib/NangateOpenCellLibrary_typical.lib
read_liberty /OpenROAD-flow-scripts/flow/designs/nangate45/tinyRocket/fakeram45_1024x32.lib
read_liberty /OpenROAD-flow-scripts/flow/designs/nangate45/tinyRocket/fakeram45_64x32.lib
read_db /work/results/nangate45/tinyRocket/base/3_4_place_resized.odb
read_sdc /work/results/nangate45/tinyRocket/base/2_floorplan.sdc
source /OpenROAD-flow-scripts/flow/platforms/nangate45/setRC.tcl
detailed_placement
[INFO DPL-0006] Core area: 88535.44 um^2
[INFO DPL-0007] Movable instances area: 51397.58 um^2
[INFO DPL-0008] Fixed instances area within core: 2693.78 um^2
[INFO DPL-0009] Utilization: 61.1%
[INFO DPL-0005] Diamond search max displacement: +/- 500 sites horizontally, +/- 100 rows vertically.
[INFO DPL-1102] Legalizing using negotiation legalizer.
[INFO DPL-1103] Negotiation base search window: +/-20 sites horizontally, +/-5 rows vertically 
	Automatic search window extension enabled.
	Search window extendable up to the max displacement cap of +/-500 sites, +/-100 rows near walls.
[INFO DPL-1104] NegotiationLegalizer DRC penalty: 5.
[INFO DPL-0392] Negotiation cell height distribution (2 unique row-count(s)):
[INFO DPL-0393]   height 1 row(s): 28507 cells
[INFO DPL-0393]   height 44 row(s): 2 cells
          |      Total |  Illegal |  Illegal
Iteration | Violations |    Cells |    Sites
---------------------------------------------
        0 |      14353 |      3951 |     10369
        1 |        421 |        89 |       332
        2 |        135 |        13 |       122
        3 |         44 |         6 |        38
        4 |         31 |         3 |        28
        5 |         22 |         2 |        20
        6 |          0 |         0 |         0
Negotiation phase 1 converged at iteration 6.
[INFO DPL-0500] Runtime: 0.48s
Placement Analysis
---------------------------------
total displacement      37305.5 u
average displacement        1.3 u
max displacement            7.3 u
original HPWL          400978.6 u
legalized HPWL         424276.0 u
delta HPWL                    6 %

improve_placement -max_displacement "5 1"
Detailed placement improvement.
[INFO DPL-0401] Setting random seed to 1.
[INFO DPL-0402] Setting maximum displacement 5 1 to 14000 2800 units.
[INFO DPL-0320] Collected 1160 fixed cells.
[INFO DPL-0318] Collected 27708 single height cells.
[INFO DPL-0321] Collected 0 wide cells.
[INFO DPL-0322] Image (4180, 5600) - (600780, 599200)
[INFO DPL-0310] Assigned 27708 cells into segments.  Movement in X-direction is 0.000000, movement in Y-direction is 0.000000.
[INFO DPL-0313] Found 0 cells in wrong regions.
[INFO DPL-0315] Found 0 row alignment problems.
[INFO DPL-0314] Found 0 site alignment problems.
[INFO DPL-0311] Found 0 overlaps between adjacent cells.
[INFO DPL-0312] Found 0 edge spacing violations and 0 padding violations.
[INFO DPL-0303] Running algorithm for independent set matching.
[INFO DPL-0300] Set matching objective is wirelength.
[INFO DPL-0301] Pass   1 of matching; objective is 8.294057e+08.
[INFO DPL-0302] End of matching; objective is 8.285986e+08, improvement is 0.10 percent.
[INFO DPL-0303] Running algorithm for global swaps.
[INFO DPL-0306] Pass   1 of global swaps; hpwl is 8.193808e+08.
[INFO DPL-0306] Pass   2 of global swaps; hpwl is 8.170967e+08.
[INFO DPL-0307] End of global swaps; objective is 8.170967e+08, improvement is 1.39 percent.
[INFO DPL-0303] Running algorithm for vertical swaps.
[INFO DPL-0308] Pass   1 of vertical swaps; hpwl is 8.153036e+08.
[INFO DPL-0309] End of vertical swaps; objective is 8.153036e+08, improvement is 0.22 percent.
[INFO DPL-0303] Running algorithm for reordering.
[INFO DPL-0304] Pass   1 of reordering; objective is 8.131675e+08.
[INFO DPL-0305] End of reordering; objective is 8.131675e+08, improvement is 0.26 percent.
[INFO DPL-0303] Running algorithm for random improvement.
[INFO DPL-0324] Random improver is using random generator.
[INFO DPL-0325] Random improver is using hpwl objective.
[INFO DPL-0326] Random improver cost string is (a).
[INFO DPL-0332] End of pass, Generator random called 554160 times.
[INFO DPL-0335] Generator random, Cumulative attempts 554160, swaps 99491, moves 122047 since last reset.
[INFO DPL-0333] End of pass, Objective hpwl, Initial cost 8.119795e+08, Scratch cost 8.057869e+08, Incremental cost 8.057869e+08, Mismatch? N
[INFO DPL-0338] End of pass, Total cost is 8.057869e+08.
[INFO DPL-0327] Pass   1 of random improver; improvement in cost is 0.76 percent.
[INFO DPL-0328] End of random improver; improvement is 0.762656 percent.
[INFO DPL-0380] Cell flipping.
[INFO DPL-0382] Changed 0 cell orientations for row compatibility.
[INFO DPL-0383] Performed 9335 cell flips.
[INFO DPL-0384] End of flipping; objective is 7.938577e+08, improvement is 1.63 percent.
[INFO DPL-0313] Found 0 cells in wrong regions.
[INFO DPL-0315] Found 0 row alignment problems.
[INFO DPL-0314] Found 0 site alignment problems.
[INFO DPL-0311] Found 0 overlaps between adjacent cells.
[INFO DPL-0312] Found 0 edge spacing violations and 0 padding violations.
Detailed Improvement Results
------------------------------------------
Original HPWL           424276.0 u (  230809.9,   193466.1)
Final HPWL              406952.5 u (  220055.3,   186897.2)
Delta HPWL                  -4.1 % (      -4.7,       -3.4)

optimize_mirroring
[INFO DPL-0020] Mirrored 1549 instances
[INFO DPL-0021] HPWL before          406952.5 u
[INFO DPL-0022] HPWL after           406731.9 u
[INFO DPL-0023] HPWL delta               -0.1 %
[INFO FLW-0012] Placement violations .
estimate_parasitics -placement
Report metrics stage 3, detailed place...

==========================================================================
detailed place report_design_area
--------------------------------------------------------------------------
Design area 54091 um^2 61% utilization.
write_db /work/results/nangate45/tinyRocket/base/3_5_place_dp.odb
write_sdc -no_timestamp /work/results/nangate45/tinyRocket/base/3_place.sdc
Elapsed time: 0:13.51[h:]min:sec. CPU time: user 17.88 sys 2.57 (151%). Peak memory: 289196KB.
Log                       Ext     Elapsed/s Peak Memory/MB sha1sum result [0:20)
3_5_place_dp              .odb           13            282 f4c3f3a6240be6c44aae
cp /work/results/nangate45/tinyRocket/base/3_5_place_dp.odb /work/results/nangate45/tinyRocket/base/3_place.odb
/OpenROAD-flow-scripts/flow/scripts/flow.sh 4_1_cts cts
Running cts.tcl, stage 4_1_cts
read_liberty /OpenROAD-flow-scripts/flow/platforms/nangate45/lib/NangateOpenCellLibrary_typical.lib
read_liberty /OpenROAD-flow-scripts/flow/designs/nangate45/tinyRocket/fakeram45_1024x32.lib
read_liberty /OpenROAD-flow-scripts/flow/designs/nangate45/tinyRocket/fakeram45_64x32.lib
read_db /work/results/nangate45/tinyRocket/base/3_place.odb
read_sdc /work/results/nangate45/tinyRocket/base/3_place.sdc
source /OpenROAD-flow-scripts/flow/platforms/nangate45/setRC.tcl
clock_tree_synthesis -sink_clustering_enable -repair_clock_nets
[INFO CTS-0050] Root buffer is CLKBUF_X3.
[INFO CTS-0051] Sink buffer is CLKBUF_X3.
[INFO CTS-0052] The following clock buffers will be used for CTS:
                    CLKBUF_X3
[INFO CTS-0049] Characterization buffer is CLKBUF_X3.
[INFO CTS-0007] Net "clock" found for clock "core_clock".
[INFO CTS-0011]  Clock net "clock" for macros has 2 sinks.
[INFO CTS-0011]  Clock net "clock_regs" for registers has 3913 sinks.
[INFO CTS-0008] TritonCTS found 2 clock nets.
[INFO CTS-0097] Characterization used 1 buffer(s) types.
[INFO CTS-0201] 2 blockages from hard placement blockages and placed macros will be used.
[INFO CTS-0027] Generating H-Tree topology for net clock.
[INFO CTS-0028]  Total number of sinks: 2.
[INFO CTS-0029]  Macro  sinks will be clustered in groups of up to 4 and with maximum cluster diameter of 123.2 um.
[INFO CTS-0030]  Number of static layers: 0.
[INFO CTS-0020]  Wire segment unit: 14000  dbu (7 um).
[INFO CTS-0023]  Original sink region: [(49050, 16100), (555910, 119140)].
[INFO CTS-0024]  Normalized sink region: [(3.50357, 1.15), (39.7079, 8.51)].
[INFO CTS-0025]     Width:  36.2043.
[INFO CTS-0026]     Height: 7.3600.
 Level 1
    Direction: Horizontal
    Sinks per sub-region: 1
    Sub-region size: 18.1021 X 7.3600
[INFO CTS-0034]     Segment length (rounded): 10.
[INFO CTS-0038]  Stop criterion found. Sink region hpwl is smaller than max wirelength (591.189 um) and max number of sinks is 15.
[INFO CTS-0035]  Number of sinks covered: 2.
[INFO CTS-0201] 2 blockages from hard placement blockages and placed macros will be used.
[INFO CTS-0027] Generating H-Tree topology for net clock_regs.
[INFO CTS-0028]  Total number of sinks: 3913.
[INFO CTS-0090]  Sinks will be clustered based on buffer max cap.
[INFO CTS-0030]  Number of static layers: 0.
[INFO CTS-0020]  Wire segment unit: 14000  dbu (7 um).
[INFO CTS-0206] Best clustering solution was found from max clustering size of 9 and max clustering diameter of 48.
[INFO CTS-0019]  Total number of sinks after clustering: 553.
[INFO CTS-0024]  Normalized sink region: [(0.914714, 1), (42.4107, 42.3052)].
[INFO CTS-0025]     Width:  41.4960.
[INFO CTS-0026]     Height: 41.3052.
 Level 1
    Direction: Horizontal
    Sinks per sub-region: 277
    Sub-region size: 20.7480 X 41.3052
[INFO CTS-0034]     Segment length (rounded): 10.
 Level 2
    Direction: Vertical
    Sinks per sub-region: 139
    Sub-region size: 20.7480 X 20.6526
[INFO CTS-0034]     Segment length (rounded): 10.
 Level 3
    Direction: Horizontal
    Sinks per sub-region: 70
    Sub-region size: 10.3740 X 20.6526
[INFO CTS-0034]     Segment length (rounded): 6.
 Level 4
    Direction: Vertical
    Sinks per sub-region: 35
    Sub-region size: 10.3740 X 10.3263
[INFO CTS-0034]     Segment length (rounded): 6.
 Level 5
    Direction: Horizontal
    Sinks per sub-region: 18
    Sub-region size: 5.1870 X 10.3263
[INFO CTS-0034]     Segment length (rounded): 2.
 Level 6
    Direction: Vertical
    Sinks per sub-region: 9
    Sub-region size: 5.1870 X 5.1632
[INFO CTS-0034]     Segment length (rounded): 2.
[INFO CTS-0038]  Stop criterion found. Sink region hpwl is smaller than max wirelength (591.189 um) and max number of sinks is 15.
[INFO CTS-0035]  Number of sinks covered: 553.
[INFO CTS-0018]     Created 3 clock buffers.
[INFO CTS-0012]     Minimum number of buffers in the clock path: 2.
[INFO CTS-0013]     Maximum number of buffers in the clock path: 2.
[INFO CTS-0015]     Created 3 clock nets.
[INFO CTS-0016]     Fanout distribution for the current clock = 1:2..
[INFO CTS-0017]     Max level of the clock tree: 1.
[INFO CTS-0018]     Created 622 clock buffers.
[INFO CTS-0012]     Minimum number of buffers in the clock path: 4.
[INFO CTS-0013]     Maximum number of buffers in the clock path: 4.
[INFO CTS-0015]     Created 622 clock nets.
[INFO CTS-0016]     Fanout distribution for the current clock = 3:3, 4:15, 5:26, 6:98, 7:233, 8:186, 9:31, 10:9, 11:8, 12:2, 13:5, 14:1..
[INFO CTS-0017]     Max level of the clock tree: 6.
[INFO CTS-0098] Clock net "clock"
[INFO CTS-0099]  Sinks 2
[INFO CTS-0100]  Leaf buffers 0
[INFO CTS-0101]  Average sink wire length 333.31 um
[INFO CTS-0102]  Path depth 2 - 2
[INFO CTS-0207]  Dummy loads inserted 0
[INFO CTS-0098] Clock net "clock_regs"
[INFO CTS-0099]  Sinks 4363
[INFO CTS-0100]  Leaf buffers 553
[INFO CTS-0101]  Average sink wire length 217.02 um
[INFO CTS-0102]  Path depth 3 - 4
[INFO CTS-0207]  Dummy loads inserted 450
[INFO CTS-0033] Balancing latency for clock core_clock
[INFO CTS-0036]  inserted 6 delay buffers
[INFO CTS-0037] Total number of delay buffers: 6
[INFO CTS-0500] Runtime: 1.93s
estimate_parasitics -placement
detailed_placement
[INFO DPL-0006] Core area: 88535.44 um^2
[INFO DPL-0007] Movable instances area: 52589.00 um^2
[INFO DPL-0008] Fixed instances area within core: 2693.78 um^2
[INFO DPL-0009] Utilization: 62.4%
[INFO DPL-0005] Diamond search max displacement: +/- 500 sites horizontally, +/- 100 rows vertically.
[INFO DPL-1102] Legalizing using negotiation legalizer.
[INFO DPL-1103] Negotiation base search window: +/-20 sites horizontally, +/-5 rows vertically 
	Automatic search window extension enabled.
	Search window extendable up to the max displacement cap of +/-500 sites, +/-100 rows near walls.
[INFO DPL-1104] NegotiationLegalizer DRC penalty: 5.
[INFO DPL-0392] Negotiation cell height distribution (2 unique row-count(s)):
[INFO DPL-0393]   height 1 row(s): 29589 cells
[INFO DPL-0393]   height 44 row(s): 2 cells
          |      Total |  Illegal |  Illegal
Iteration | Violations |    Cells |    Sites
---------------------------------------------
        0 |       3548 |       858 |      2690
        1 |        584 |       116 |       468
        2 |        322 |        48 |       274
        3 |         88 |        10 |        78
        4 |          0 |         0 |         0
Negotiation phase 1 converged at iteration 4.
[INFO DPL-0500] Runtime: 0.32s
Placement Analysis
---------------------------------
total displacement      14559.3 u
average displacement        0.5 u
max displacement            8.8 u
original HPWL          421825.6 u
legalized HPWL         429403.8 u
delta HPWL                    2 %

estimate_parasitics -placement
repair_timing -setup_margin 0 -hold_margin 0 -repair_tns 100 -verbose
[INFO RSZ-0100] Repair move sequence: UnbufferMove SizeUpMove SwapPinsMove BufferMove CloneMove SplitLoadMove 
[INFO RSZ-0094] Found 588 endpoints with setup violations.
[INFO RSZ-0099] Repairing 588 out of 588 (100.00%) violating endpoints...
   Iter   | Removed | Resized | Inserted | Cloned |  Pin  |   Area   |    WNS   |   StTNS    |   EnTNS    |  Viol  |  Worst  
          | Buffers |  Gates  | Buffers  |  Gates | Swaps |          |          |            |            | Endpts | St/EnPt 
------------------------------------------------------------------------------------------------------------------------------
       0* |       0 |       0 |        0 |      0 |     0 |    +0.0% |   -0.150 |       -5.4 |      -25.8 |    588 | core/div/remainder\[64\]$_SDFFE_PP0P_/D
      10* |       0 |       0 |        4 |      0 |     5 |    +0.0% |   -0.135 |       -5.2 |      -25.6 |    588 | core/div/remainder\[64\]$_SDFFE_PP0P_/D
      20* |       0 |       3 |        5 |      0 |    11 |    +0.0% |   -0.137 |       -4.9 |      -25.6 |    588 | core/div/remainder\[64\]$_SDFFE_PP0P_/D
      30* |       0 |       4 |        9 |      0 |    16 |    +0.0% |   -0.133 |       -4.9 |      -25.4 |    588 | core/div/remainder\[64\]$_SDFFE_PP0P_/D
      40* |       0 |       5 |        9 |      0 |    25 |    +0.0% |   -0.165 |       -5.3 |      -26.1 |    588 | core/div/remainder\[64\]$_SDFFE_PP0P_/D
      50* |       0 |       7 |       13 |      2 |    27 |    +0.0% |   -0.152 |       -5.2 |      -25.9 |    588 | core/div/remainder\[64\]$_SDFFE_PP0P_/D
      60* |       0 |      12 |       16 |      2 |    30 |    +0.1% |   -0.144 |       -5.0 |      -25.9 |    588 | core/div/remainder\[57\]$_SDFFE_PP0P_/D
      70* |       0 |      17 |       17 |      2 |    34 |    +0.1% |   -0.142 |       -4.9 |      -25.8 |    588 | core/div/remainder\[57\]$_SDFFE_PP0P_/D
      76* |       0 |       5 |        9 |      0 |    18 |    +0.0% |   -0.130 |       -4.8 |      -25.4 |    588 | core/div/remainder\[64\]$_SDFFE_PP0P_/D
      80* |       0 |       7 |        9 |      0 |    19 |    +0.0% |   -0.132 |       -4.9 |      -25.4 |    588 | core/div/remainder\[64\]$_SDFFE_PP0P_/D
      90* |       0 |      14 |       10 |      0 |    21 |    +0.0% |   -0.130 |       -4.7 |      -25.4 |    588 | core/div/remainder\[64\]$_SDFFE_PP0P_/D
     100* |       0 |      20 |       12 |      0 |    23 |    +0.1% |   -0.140 |       -4.8 |      -25.4 |    588 | core/div/remainder\[57\]$_SDFFE_PP0P_/D
     110* |       0 |      22 |       13 |      0 |    30 |    +0.1% |   -0.132 |       -4.7 |      -25.3 |    588 | core/div/remainder\[64\]$_SDFFE_PP0P_/D
     120* |       0 |      23 |       14 |      0 |    38 |    +0.1% |   -0.132 |       -4.7 |      -25.3 |    588 | core/div/remainder\[64\]$_SDFFE_PP0P_/D
     130* |       0 |      25 |       16 |      0 |    44 |    +0.1% |   -0.131 |       -4.6 |      -25.2 |    588 | core/div/remainder\[64\]$_SDFFE_PP0P_/D
     139* |       0 |      14 |       10 |      0 |    20 |    +0.0% |   -0.130 |       -4.6 |      -25.4 |    588 | core/div/remainder\[64\]$_SDFFE_PP0P_/D
     140* |       0 |      14 |       10 |      0 |    20 |    +0.0% |   -0.130 |       -4.6 |      -25.4 |    588 | core/div/remainder\[64\]$_SDFFE_PP0P_/D
     150* |       0 |      18 |       12 |      1 |    23 |    +0.1% |   -0.135 |       -4.7 |      -25.4 |    588 | core/div/remainder\[64\]$_SDFFE_PP0P_/D
     160* |       0 |      22 |       13 |      1 |    28 |    +0.1% |   -0.141 |       -4.6 |      -25.5 |    588 | core/div/remainder\[57\]$_SDFFE_PP0P_/D
     170* |       0 |      25 |       16 |      2 |    31 |    +0.1% |   -0.145 |       -4.6 |      -25.6 |    588 | core/div/remainder\[57\]$_SDFFE_PP0P_/D
     175* |       0 |      14 |       11 |      0 |    20 |    +0.0% |   -0.130 |       -4.6 |      -25.3 |    588 | core/div/remainder\[64\]$_SDFFE_PP0P_/D
     180* |       0 |      14 |       14 |      1 |    20 |    +0.1% |   -0.148 |       -4.6 |      -25.8 |    588 | core/div/remainder\[57\]$_SDFFE_PP0P_/D
     190* |       0 |      15 |       15 |      1 |    28 |    +0.1% |   -0.155 |       -4.9 |      -25.9 |    588 | core/div/remainder\[57\]$_SDFFE_PP0P_/D
     200* |       0 |      21 |       17 |      1 |    30 |    +0.1% |   -0.155 |       -4.8 |      -25.7 |    588 | core/div/remainder\[57\]$_SDFFE_PP0P_/D
     210* |       0 |      24 |       19 |      2 |    34 |    +0.1% |   -0.155 |       -4.8 |      -25.9 |    588 | core/div/remainder\[57\]$_SDFFE_PP0P_/D
     216* |       0 |      14 |       11 |      0 |    20 |    +0.0% |   -0.130 |       -4.6 |      -25.3 |    588 | core/div/remainder\[64\]$_SDFFE_PP0P_/D
     220* |       0 |      15 |       12 |      1 |    20 |    +0.1% |   -0.133 |       -4.8 |      -25.4 |    588 | core/div/remainder\[64\]$_SDFFE_PP0P_/D
     230* |       0 |      18 |       14 |      1 |    25 |    +0.1% |   -0.144 |       -4.7 |      -25.6 |    588 | core/div/remainder\[64\]$_SDFFE_PP0P_/D
     238* |       0 |      14 |       11 |      0 |    20 |    +0.0% |   -0.130 |       -4.6 |      -25.3 |    588 | core/div/remainder\[64\]$_SDFFE_PP0P_/D
     240* |       0 |      15 |       11 |      0 |    20 |    +0.0% |   -0.130 |       -4.6 |      -25.3 |    588 | core/div/remainder\[64\]$_SDFFE_PP0P_/D
     250* |       0 |      19 |       13 |      1 |    23 |    +0.1% |   -0.136 |       -4.7 |      -25.5 |    588 | core/div/remainder\[64\]$_SDFFE_PP0P_/D
     260* |       0 |      21 |       15 |      2 |    28 |    +0.1% |   -0.137 |       -4.7 |      -25.4 |    588 | core/div/remainder\[64\]$_SDFFE_PP0P_/D
     270* |       0 |      25 |       17 |      3 |    31 |    +0.1% |   -0.143 |       -4.8 |      -25.6 |    588 | core/div/remainder\[64\]$_SDFFE_PP0P_/D
     280* |       0 |      26 |       20 |      3 |    38 |    +0.1% |   -0.162 |       -5.0 |      -25.9 |    588 | core/div/remainder\[57\]$_SDFFE_PP0P_/D
     290* |       1 |      29 |       23 |      3 |    41 |    +0.1% |   -0.176 |       -5.5 |      -26.1 |    588 | core/div/remainder\[64\]$_SDFFE_PP0P_/D
     290* |       0 |      15 |       11 |      0 |    20 |    +0.0% |   -0.130 |       -4.6 |      -25.3 |    588 | core/div/remainder\[64\]$_SDFFE_PP0P_/D
     300* |       0 |      20 |       13 |      1 |    21 |    +0.1% |   -0.136 |       -4.7 |      -25.4 |    588 | core/div/remainder\[64\]$_SDFFE_PP0P_/D
     310* |       0 |      24 |       15 |      3 |    23 |    +0.1% |   -0.149 |       -4.8 |      -25.6 |    588 | core/div/remainder\[64\]$_SDFFE_PP0P_/D
     320* |       1 |      28 |       16 |      3 |    27 |    +0.1% |   -0.149 |       -5.0 |      -25.6 |    588 | core/div/remainder\[64\]$_SDFFE_PP0P_/D
     330* |       1 |      33 |       17 |      3 |    31 |    +0.1% |   -0.149 |       -5.0 |      -25.6 |    588 | core/div/remainder\[64\]$_SDFFE_PP0P_/D
     340* |       1 |      36 |       19 |      3 |    36 |    +0.1% |   -0.150 |       -5.0 |      -25.7 |    588 | core/div/remainder\[57\]$_SDFFE_PP0P_/D
     341* |       0 |      15 |       11 |      0 |    20 |    +0.0% |   -0.130 |       -4.6 |      -25.3 |    588 | core/div/remainder\[64\]$_SDFFE_PP0P_/D
     350* |       0 |      17 |       13 |      0 |    24 |    +0.0% |   -0.128 |       -4.6 |      -25.3 |    588 | core/div/remainder\[64\]$_SDFFE_PP0P_/D
     360* |       0 |      18 |       18 |      1 |    27 |    +0.1% |   -0.157 |       -4.6 |      -25.8 |    588 | core/div/remainder\[64\]$_SDFFE_PP0P_/D
     370* |       0 |      21 |       21 |      1 |    31 |    +0.1% |   -0.157 |       -4.8 |      -26.1 |    588 | core/div/remainder\[64\]$_SDFFE_PP0P_/D
     380* |       0 |      28 |       24 |      1 |    32 |    +0.1% |   -0.157 |       -4.8 |      -26.0 |    588 | core/div/remainder\[64\]$_SDFFE_PP0P_/D
     383* |       0 |      18 |       14 |      0 |    26 |    +0.1% |   -0.127 |       -4.6 |      -25.3 |    588 | core/div/remainder\[64\]$_SDFFE_PP0P_/D
     390* |       0 |      22 |       16 |      0 |    27 |    +0.1% |   -0.127 |       -4.6 |      -25.2 |    588 | core/div/remainder\[64\]$_SDFFE_PP0P_/D
     400* |       0 |      27 |       18 |      1 |    29 |    +0.1% |   -0.134 |       -4.6 |      -25.4 |    588 | core/div/remainder\[64\]$_SDFFE_PP0P_/D
     410* |       0 |      33 |       19 |      2 |    31 |    +0.1% |   -0.139 |       -4.7 |      -25.4 |    588 | core/div/remainder\[64\]$_SDFFE_PP0P_/D
     420* |       0 |      40 |       21 |      2 |    32 |    +0.1% |   -0.139 |       -4.7 |      -25.5 |    588 | core/div/remainder\[57\]$_SDFFE_PP0P_/D
     429* |       0 |      18 |       14 |      0 |    26 |    +0.1% |   -0.127 |       -4.6 |      -25.3 |    588 | core/div/remainder\[64\]$_SDFFE_PP0P_/D
     430* |       0 |      18 |       14 |      0 |    26 |    +0.1% |   -0.127 |       -4.6 |      -25.3 |    588 | core/div/remainder\[64\]$_SDFFE_PP0P_/D
     440* |       0 |      24 |       15 |      1 |    28 |    +0.1% |   -0.140 |       -4.7 |      -25.5 |    588 | core/div/remainder\[57\]$_SDFFE_PP0P_/D
     450* |       0 |      26 |       16 |      1 |    35 |    +0.1% |   -0.141 |       -4.5 |      -25.5 |    588 | core/div/remainder\[57\]$_SDFFE_PP0P_/D
     460* |       0 |      31 |       17 |      1 |    39 |    +0.1% |   -0.141 |       -4.5 |      -25.4 |    588 | core/div/remainder\[57\]$_SDFFE_PP0P_/D
     470* |       0 |      36 |       19 |      1 |    42 |    +0.1% |   -0.143 |       -4.6 |      -25.5 |    588 | core/div/remainder\[64\]$_SDFFE_PP0P_/D
     480* |       0 |      41 |       21 |      1 |    45 |    +0.1% |   -0.143 |       -4.6 |      -25.5 |    588 | core/div/remainder\[64\]$_SDFFE_PP0P_/D
     480* |       0 |      18 |       14 |      0 |    26 |    +0.1% |   -0.127 |       -4.6 |      -25.3 |    588 | core/div/remainder\[64\]$_SDFFE_PP0P_/D
     490* |       0 |      25 |       17 |      0 |    26 |    +0.1% |   -0.134 |       -4.7 |      -25.2 |    588 | core/div/remainder\[64\]$_SDFFE_PP0P_/D
     500* |       0 |      31 |       18 |      2 |    27 |    +0.1% |   -0.143 |       -4.7 |      -25.5 |    588 | core/div/remainder\[64\]$_SDFFE_PP0P_/D
     510* |       0 |      37 |       19 |      2 |    30 |    +0.1% |   -0.143 |       -4.7 |      -25.4 |    588 | core/div/remainder\[64\]$_SDFFE_PP0P_/D
     516* |       0 |      18 |       14 |      0 |    26 |    +0.1% |   -0.127 |       -4.6 |      -25.3 |    588 | core/div/remainder\[64\]$_SDFFE_PP0P_/D
     520* |       0 |      20 |       14 |      0 |    27 |    +0.1% |   -0.127 |       -4.6 |      -25.3 |    588 | core/div/remainder\[64\]$_SDFFE_PP0P_/D
     530* |       0 |      24 |       18 |      1 |    28 |    +0.1% |   -0.133 |       -4.6 |      -25.4 |    588 | core/div/remainder\[64\]$_SDFFE_PP0P_/D
     540* |       0 |      30 |       18 |      1 |    32 |    +0.1% |   -0.132 |       -4.6 |      -25.4 |    588 | core/div/remainder\[57\]$_SDFFE_PP0P_/D
     549* |       0 |      21 |       14 |      0 |    27 |    +0.1% |   -0.127 |       -4.6 |      -25.3 |    588 | core/div/remainder\[64\]$_SDFFE_PP0P_/D
     550* |       0 |      21 |       14 |      0 |    27 |    +0.1% |   -0.127 |       -4.6 |      -25.3 |    588 | core/div/remainder\[64\]$_SDFFE_PP0P_/D
     560* |       0 |      25 |       18 |      1 |    30 |    +0.1% |   -0.130 |       -4.6 |      -25.4 |    588 | core/div/remainder\[64\]$_SDFFE_PP0P_/D
     570* |       0 |      33 |       19 |      2 |    30 |    +0.1% |   -0.133 |       -4.7 |      -25.5 |    588 | core/div/remainder\[57\]$_SDFFE_PP0P_/D
     580* |       0 |      41 |       20 |      2 |    31 |    +0.1% |   -0.137 |       -4.6 |      -25.4 |    588 | core/div/remainder\[64\]$_SDFFE_PP0P_/D
     590* |       0 |      47 |       21 |      3 |    33 |    +0.1% |   -0.138 |       -4.6 |      -25.4 |    588 | core/div/remainder\[64\]$_SDFFE_PP0P_/D
     600* |       0 |      53 |       23 |      4 |    34 |    +0.1% |   -0.143 |       -4.6 |      -25.5 |    588 | core/div/remainder\[64\]$_SDFFE_PP0P_/D
     605* |       0 |      22 |       16 |      0 |    30 |    +0.1% |   -0.127 |       -4.6 |      -25.3 |    588 | core/div/remainder\[64\]$_SDFFE_PP0P_/D
     610* |       0 |      23 |       18 |      1 |    30 |    +0.1% |   -0.129 |       -4.6 |      -25.4 |    588 | core/div/remainder\[64\]$_SDFFE_PP0P_/D
     620* |       0 |      27 |       21 |      1 |    33 |    +0.1% |   -0.135 |       -4.6 |      -25.5 |    588 | core/div/remainder\[64\]$_SDFFE_PP0P_/D
     630* |       0 |      35 |       22 |      1 |    34 |    +0.1% |   -0.132 |       -4.6 |      -25.5 |    588 | core/div/remainder\[64\]$_SDFFE_PP0P_/D
     640* |       0 |      41 |       22 |      3 |    36 |    +0.1% |   -0.141 |       -4.6 |      -25.7 |    588 | core/div/remainder\[64\]$_SDFFE_PP0P_/D
     643* |       0 |      23 |       17 |      0 |    30 |    +0.1% |   -0.127 |       -4.6 |      -25.3 |    588 | core/div/remainder\[64\]$_SDFFE_PP0P_/D
     650* |       0 |      23 |       21 |      1 |    31 |    +0.1% |   -0.145 |       -4.6 |      -25.7 |    588 | core/div/remainder\[64\]$_SDFFE_PP0P_/D
     660* |       0 |      31 |       22 |      1 |    32 |    +0.1% |   -0.132 |       -4.6 |      -25.5 |    588 | core/div/remainder\[57\]$_SDFFE_PP0P_/D
     668* |       0 |      23 |       17 |      0 |    31 |    +0.1% |   -0.127 |       -4.6 |      -25.3 |    588 | core/div/remainder\[64\]$_SDFFE_PP0P_/D
     670* |       0 |      23 |       17 |      0 |    32 |    +0.1% |   -0.127 |       -4.6 |      -25.3 |    588 | core/div/remainder\[64\]$_SDFFE_PP0P_/D
     680* |       0 |      27 |       21 |      1 |    33 |    +0.1% |   -0.133 |       -4.6 |      -25.4 |    588 | core/div/remainder\[64\]$_SDFFE_PP0P_/D
     690* |       0 |      33 |       23 |      1 |    35 |    +0.1% |   -0.132 |       -4.6 |      -25.4 |    588 | core/div/remainder\[57\]$_SDFFE_PP0P_/D
     700* |       0 |      40 |       25 |      1 |    36 |    +0.1% |   -0.133 |       -4.6 |      -25.5 |    588 | core/div/remainder\[57\]$_SDFFE_PP0P_/D
     706* |       0 |      23 |       17 |      0 |    32 |    +0.1% |   -0.127 |       -4.6 |      -25.3 |    588 | core/div/remainder\[64\]$_SDFFE_PP0P_/D
     710* |       0 |      26 |       17 |      0 |    32 |    +0.1% |   -0.132 |       -4.6 |      -25.2 |    588 | core/div/remainder\[64\]$_SDFFE_PP0P_/D
     720* |       0 |      32 |       21 |      1 |    32 |    +0.1% |   -0.134 |       -4.7 |      -25.4 |    588 | core/div/remainder\[64\]$_SDFFE_PP0P_/D
     730* |       0 |      38 |       22 |      2 |    34 |    +0.1% |   -0.143 |       -4.7 |      -25.5 |    588 | core/div/remainder\[64\]$_SDFFE_PP0P_/D
     740* |       0 |      46 |       22 |      2 |    36 |    +0.1% |   -0.143 |       -4.8 |      -25.5 |    588 | core/div/remainder\[64\]$_SDFFE_PP0P_/D
     740* |       0 |      23 |       17 |      0 |    32 |    +0.1% |   -0.127 |       -4.6 |      -25.3 |    588 | core/div/remainder\[64\]$_SDFFE_PP0P_/D
     750* |       0 |      29 |       20 |      1 |    32 |    +0.1% |   -0.152 |       -4.6 |      -25.7 |    588 | core/div/remainder\[64\]$_SDFFE_PP0P_/D
     760* |       0 |      35 |       21 |      2 |    34 |    +0.1% |   -0.143 |       -4.6 |      -25.5 |    588 | core/div/remainder\[64\]$_SDFFE_PP0P_/D
     770* |       0 |      43 |       23 |      2 |    34 |    +0.1% |   -0.139 |       -4.6 |      -25.5 |    588 | core/div/remainder\[64\]$_SDFFE_PP0P_/D
     780* |       0 |      51 |       24 |      2 |    35 |    +0.1% |   -0.139 |       -4.6 |      -25.5 |    588 | core/div/remainder\[64\]$_SDFFE_PP0P_/D
     782* |       0 |      23 |       17 |      0 |    32 |    +0.1% |   -0.127 |       -4.6 |      -25.3 |    588 | core/div/remainder\[64\]$_SDFFE_PP0P_/D
     790* |       0 |      29 |       18 |      0 |    32 |    +0.1% |   -0.127 |       -4.6 |      -25.2 |    588 | core/div/remainder\[64\]$_SDFFE_PP0P_/D
     800* |       0 |      31 |       21 |      1 |    36 |    +0.1% |   -0.129 |       -4.6 |      -25.3 |    588 | core/div/remainder\[64\]$_SDFFE_PP0P_/D
     810* |       0 |      35 |       24 |      1 |    39 |    +0.1% |   -0.141 |       -4.6 |      -25.6 |    588 | core/div/remainder\[64\]$_SDFFE_PP0P_/D
     820* |       0 |      39 |       27 |      1 |    43 |    +0.1% |   -0.141 |       -4.6 |      -25.6 |    588 | core/div/remainder\[64\]$_SDFFE_PP0P_/D
     830* |       0 |      43 |       28 |      1 |    48 |    +0.1% |   -0.141 |       -4.6 |      -25.5 |    588 | core/div/remainder\[64\]$_SDFFE_PP0P_/D
     840* |       0 |      50 |       30 |      1 |    49 |    +0.1% |   -0.141 |       -4.6 |      -25.5 |    588 | core/div/remainder\[64\]$_SDFFE_PP0P_/D
     842* |       0 |      29 |       18 |      0 |    34 |    +0.1% |   -0.127 |       -4.6 |      -25.2 |    588 | core/div/remainder\[64\]$_SDFFE_PP0P_/D
     850* |       0 |      31 |       21 |      1 |    35 |    +0.1% |   -0.129 |       -4.6 |      -25.3 |    588 | core/div/remainder\[64\]$_SDFFE_PP0P_/D
     860* |       0 |      36 |       26 |      1 |    36 |    +0.1% |   -0.141 |       -4.6 |      -25.5 |    588 | core/div/remainder\[64\]$_SDFFE_PP0P_/D
     870* |       0 |      44 |       27 |      1 |    37 |    +0.1% |   -0.141 |       -4.6 |      -25.5 |    588 | core/div/remainder\[64\]$_SDFFE_PP0P_/D
     880* |       0 |      50 |       30 |      1 |    38 |    +0.1% |   -0.141 |       -4.6 |      -25.5 |    588 | core/div/remainder\[64\]$_SDFFE_PP0P_/D
     890* |       0 |      55 |       35 |      1 |    39 |    +0.1% |   -0.141 |       -4.6 |      -25.8 |    588 | core/div/remainder\[64\]$_SDFFE_PP0P_/D
     895* |       0 |      29 |       19 |      0 |    35 |    +0.1% |   -0.127 |       -4.6 |      -25.2 |    588 | core/div/remainder\[64\]$_SDFFE_PP0P_/D
     900* |       0 |      31 |       19 |      1 |    36 |    +0.1% |   -0.145 |       -4.6 |      -25.6 |    588 | core/div/remainder\[64\]$_SDFFE_PP0P_/D
     910* |       0 |      35 |       24 |      1 |    37 |    +0.1% |   -0.131 |       -4.6 |      -25.4 |    588 | core/div/remainder\[64\]$_SDFFE_PP0P_/D
     920* |       0 |      43 |       25 |      1 |    38 |    +0.1% |   -0.129 |       -4.6 |      -25.4 |    588 | core/div/remainder\[64\]$_SDFFE_PP0P_/D
     922* |       0 |      31 |       19 |      0 |    35 |    +0.1% |   -0.127 |       -4.6 |      -25.2 |    588 | core/div/remainder\[64\]$_SDFFE_PP0P_/D
     930* |       0 |      35 |       20 |      0 |    37 |    +0.1% |   -0.127 |       -4.6 |      -25.0 |    588 | core/div/remainder\[64\]$_SDFFE_PP0P_/D
     940* |       0 |      39 |       22 |      1 |    40 |    +0.1% |   -0.127 |       -4.6 |      -24.7 |    588 | core/div/remainder\[64\]$_SDFFE_PP0P_/D
     950* |       0 |      45 |       23 |      1 |    43 |    +0.1% |   -0.127 |       -4.5 |      -18.8 |    588 | core/div/remainder\[64\]$_SDFFE_PP0P_/D
     960* |       0 |      47 |       33 |      2 |    45 |    +0.2% |   -0.127 |       -4.5 |      -17.4 |    588 | core/div/remainder\[64\]$_SDFFE_PP0P_/D
     970* |       0 |      49 |       35 |      3 |    50 |    +0.2% |   -0.127 |       -4.5 |      -18.9 |    588 | core/div/remainder\[64\]$_SDFFE_PP0P_/D
     980* |       0 |      58 |       35 |      3 |    51 |    +0.2% |   -0.127 |       -4.5 |      -18.2 |    588 | core/div/remainder\[64\]$_SDFFE_PP0P_/D
     990* |       0 |      60 |       41 |      3 |    54 |    +0.2% |   -0.127 |       -4.5 |      -15.7 |    588 | core/div/remainder\[64\]$_SDFFE_PP0P_/D
    1000* |       0 |      67 |       42 |      3 |    56 |    +0.2% |   -0.127 |       -4.5 |      -13.0 |    588 | core/div/remainder\[64\]$_SDFFE_PP0P_/D
    1010* |       0 |      73 |       44 |      3 |    58 |    +0.2% |   -0.127 |       -4.5 |      -12.9 |    588 | core/div/remainder\[64\]$_SDFFE_PP0P_/D
    1016* |       0 |      77 |       44 |      5 |    58 |    +0.2% |   -0.127 |       -4.5 |      -13.0 |    588 | core/div/remainder\[64\]$_SDFFE_PP0P_/D
    1017* |       0 |      77 |       44 |      5 |    58 |    +0.2% |   -0.127 |       -4.5 |      -13.0 |    588 | core/div/remainder\[64\]$_SDFFE_PP0P_/D
    1018* |       0 |      77 |       44 |      5 |    58 |    +0.2% |   -0.127 |       -4.5 |      -13.0 |    588 | core/div/remainder\[64\]$_SDFFE_PP0P_/D
    1019* |       0 |      77 |       44 |      5 |    58 |    +0.2% |   -0.127 |       -4.5 |      -13.0 |    588 | core/div/remainder\[64\]$_SDFFE_PP0P_/D
    1020* |       0 |      77 |       44 |      5 |    58 |    +0.2% |   -0.127 |       -4.5 |      -13.0 |    588 | core/div/remainder\[64\]$_SDFFE_PP0P_/D
    1020* |       0 |      77 |       44 |      5 |    58 |    +0.2% |   -0.127 |       -4.5 |      -13.0 |    588 | core/div/remainder\[64\]$_SDFFE_PP0P_/D
    1021* |       0 |      77 |       44 |      5 |    58 |    +0.2% |   -0.127 |       -4.5 |      -13.0 |    588 | core/div/remainder\[64\]$_SDFFE_PP0P_/D
    1022* |       0 |      77 |       44 |      5 |    58 |    +0.2% |   -0.127 |       -4.5 |      -13.0 |    588 | core/div/remainder\[64\]$_SDFFE_PP0P_/D
    1025* |       0 |      79 |       44 |      5 |    58 |    +0.2% |   -0.127 |       -4.5 |      -12.7 |    588 | core/div/remainder\[64\]$_SDFFE_PP0P_/D
    1026* |       0 |      79 |       44 |      5 |    58 |    +0.2% |   -0.127 |       -4.5 |      -12.7 |    588 | core/div/remainder\[64\]$_SDFFE_PP0P_/D
    1027* |       0 |      79 |       44 |      5 |    58 |    +0.2% |   -0.127 |       -4.5 |      -12.7 |    588 | core/div/remainder\[64\]$_SDFFE_PP0P_/D
    1028* |       0 |      79 |       44 |      5 |    58 |    +0.2% |   -0.127 |       -4.5 |      -12.7 |    588 | core/div/remainder\[64\]$_SDFFE_PP0P_/D
    1030* |       0 |      80 |       44 |      5 |    58 |    +0.2% |   -0.132 |       -4.5 |      -12.7 |    588 | core/div/remainder\[64\]$_SDFFE_PP0P_/D
    1040* |       0 |      85 |       48 |      6 |    59 |    +0.3% |   -0.134 |       -4.5 |      -12.8 |    588 | core/div/remainder\[64\]$_SDFFE_PP0P_/D
    1050* |       0 |      93 |       49 |      7 |    59 |    +0.3% |   -0.139 |       -4.5 |      -12.9 |    588 | core/div/remainder\[64\]$_SDFFE_PP0P_/D
    1060* |       0 |     100 |       50 |      7 |    61 |    +0.3% |   -0.139 |       -4.5 |      -12.9 |    588 | core/div/remainder\[64\]$_SDFFE_PP0P_/D
    1060* |       0 |      79 |       44 |      5 |    58 |    +0.2% |   -0.127 |       -4.5 |      -12.7 |    588 | core/div/remainder\[64\]$_SDFFE_PP0P_/D
    1061* |       0 |      79 |       44 |      5 |    58 |    +0.2% |   -0.127 |       -4.5 |      -12.7 |    588 | core/div/remainder\[64\]$_SDFFE_PP0P_/D
    1062* |       0 |      79 |       44 |      5 |    58 |    +0.2% |   -0.127 |       -4.5 |      -12.7 |    588 | core/div/remainder\[64\]$_SDFFE_PP0P_/D
    1070* |       0 |      82 |       47 |      6 |    59 |    +0.3% |   -0.127 |       -4.5 |      -12.8 |    588 | core/div/remainder\[64\]$_SDFFE_PP0P_/D
    1072* |       0 |      82 |       47 |      8 |    59 |    +0.3% |   -0.127 |       -4.5 |      -12.8 |    588 | core/div/remainder\[64\]$_SDFFE_PP0P_/D
    1073* |       0 |      82 |       47 |      8 |    59 |    +0.3% |   -0.127 |       -4.5 |      -12.8 |    588 | core/div/remainder\[64\]$_SDFFE_PP0P_/D
    1074* |       0 |      82 |       47 |      8 |    59 |    +0.3% |   -0.127 |       -4.5 |      -12.8 |    588 | core/div/remainder\[64\]$_SDFFE_PP0P_/D
    1075* |       0 |      82 |       47 |      8 |    59 |    +0.3% |   -0.127 |       -4.5 |      -12.8 |    588 | core/div/remainder\[64\]$_SDFFE_PP0P_/D
    1076* |       0 |      82 |       47 |      8 |    59 |    +0.3% |   -0.127 |       -4.5 |      -12.8 |    588 | core/div/remainder\[64\]$_SDFFE_PP0P_/D
    1077* |       0 |      82 |       47 |      8 |    59 |    +0.3% |   -0.127 |       -4.5 |      -12.8 |    588 | core/div/remainder\[64\]$_SDFFE_PP0P_/D
    1080* |       0 |      82 |       47 |     10 |    59 |    +0.3% |   -0.127 |       -4.5 |      -13.4 |    588 | core/div/remainder\[64\]$_SDFFE_PP0P_/D
    1083* |       0 |      82 |       47 |      9 |    59 |    +0.3% |   -0.127 |       -4.5 |      -13.1 |    588 | core/div/remainder\[64\]$_SDFFE_PP0P_/D
    1084* |       0 |      82 |       47 |      9 |    59 |    +0.3% |   -0.127 |       -4.5 |      -13.1 |    588 | core/div/remainder\[64\]$_SDFFE_PP0P_/D
    1085* |       0 |      82 |       47 |      9 |    59 |    +0.3% |   -0.127 |       -4.5 |      -13.1 |    588 | core/div/remainder\[64\]$_SDFFE_PP0P_/D
    1086* |       0 |      82 |       47 |      9 |    59 |    +0.3% |   -0.127 |       -4.5 |      -13.1 |    588 | core/div/remainder\[64\]$_SDFFE_PP0P_/D
    1087* |       0 |      82 |       47 |      9 |    59 |    +0.3% |   -0.127 |       -4.5 |      -13.1 |    588 | core/div/remainder\[64\]$_SDFFE_PP0P_/D
    1088* |       0 |      82 |       47 |      9 |    59 |    +0.3% |   -0.127 |       -4.5 |      -13.1 |    588 | core/div/remainder\[64\]$_SDFFE_PP0P_/D
    1089* |       0 |      82 |       47 |      9 |    59 |    +0.3% |   -0.127 |       -4.5 |      -13.1 |    588 | core/div/remainder\[64\]$_SDFFE_PP0P_/D
    1090* |       0 |      82 |       47 |      9 |    59 |    +0.3% |   -0.127 |       -4.5 |      -13.1 |    588 | core/div/remainder\[64\]$_SDFFE_PP0P_/D
    1092* |       0 |      84 |       47 |      9 |    59 |    +0.3% |   -0.127 |       -4.5 |      -13.1 |    588 | core/div/remainder\[64\]$_SDFFE_PP0P_/D
    1094* |       0 |      85 |       47 |      9 |    59 |    +0.3% |   -0.127 |       -4.5 |      -13.1 |    588 | core/div/remainder\[64\]$_SDFFE_PP0P_/D
    1097* |       0 |      85 |       47 |      9 |    59 |    +0.3% |   -0.127 |       -4.5 |      -13.1 |    588 | core/div/remainder\[64\]$_SDFFE_PP0P_/D
    1100* |       0 |      85 |       47 |     11 |    59 |    +0.3% |   -0.127 |       -4.5 |      -13.8 |    588 | core/div/remainder\[64\]$_SDFFE_PP0P_/D
    1100* |       0 |      85 |       47 |      9 |    59 |    +0.3% |   -0.127 |       -4.5 |      -13.1 |    588 | core/div/remainder\[64\]$_SDFFE_PP0P_/D
    1103* |       0 |      85 |       47 |      9 |    59 |    +0.3% |   -0.127 |       -4.5 |      -13.1 |    588 | core/div/remainder\[64\]$_SDFFE_PP0P_/D
    1110* |       0 |      88 |       49 |     10 |    60 |    +0.3% |   -0.127 |       -4.5 |      -13.5 |    588 | core/div/remainder\[64\]$_SDFFE_PP0P_/D
    1114* |       0 |      90 |       49 |     11 |    61 |    +0.3% |   -0.127 |       -4.5 |      -13.6 |    588 | core/div/remainder\[64\]$_SDFFE_PP0P_/D
    1119* |       0 |      93 |       49 |     12 |    61 |    +0.3% |   -0.127 |       -4.5 |      -13.8 |    588 | core/div/remainder\[64\]$_SDFFE_PP0P_/D
    1120* |       0 |      93 |       49 |     12 |    61 |    +0.3% |   -0.127 |       -4.5 |      -13.8 |    588 | core/div/remainder\[64\]$_SDFFE_PP0P_/D
    1122* |       0 |      93 |       49 |     12 |    61 |    +0.3% |   -0.127 |       -4.5 |      -13.8 |    588 | core/div/remainder\[64\]$_SDFFE_PP0P_/D
    1123* |       0 |      93 |       49 |     12 |    61 |    +0.3% |   -0.127 |       -4.5 |      -13.8 |    588 | core/div/remainder\[64\]$_SDFFE_PP0P_/D
    1124* |       0 |      93 |       49 |     12 |    61 |    +0.3% |   -0.127 |       -4.5 |      -13.8 |    588 | core/div/remainder\[64\]$_SDFFE_PP0P_/D
    1125* |       0 |      93 |       49 |     12 |    61 |    +0.3% |   -0.127 |       -4.5 |      -13.8 |    588 | core/div/remainder\[64\]$_SDFFE_PP0P_/D
    1126* |       0 |      93 |       49 |     12 |    61 |    +0.3% |   -0.127 |       -4.5 |      -13.8 |    588 | core/div/remainder\[64\]$_SDFFE_PP0P_/D
    1127* |       0 |      93 |       49 |     12 |    61 |    +0.3% |   -0.127 |       -4.5 |      -13.8 |    588 | core/div/remainder\[64\]$_SDFFE_PP0P_/D
    1128* |       0 |      93 |       49 |     12 |    61 |    +0.3% |   -0.127 |       -4.5 |      -13.8 |    588 | core/div/remainder\[64\]$_SDFFE_PP0P_/D
    1129* |       0 |      93 |       49 |     12 |    61 |    +0.3% |   -0.127 |       -4.5 |      -13.8 |    588 | core/div/remainder\[64\]$_SDFFE_PP0P_/D
    1130* |       0 |      93 |       49 |     12 |    61 |    +0.3% |   -0.127 |       -4.5 |      -13.8 |    588 | core/div/remainder\[64\]$_SDFFE_PP0P_/D
    1132* |       0 |      93 |       49 |     12 |    61 |    +0.3% |   -0.127 |       -4.5 |      -13.8 |    588 | core/div/remainder\[64\]$_SDFFE_PP0P_/D
    1135* |       0 |      93 |       49 |     12 |    61 |    +0.3% |   -0.127 |       -4.5 |      -13.8 |    588 | core/div/remainder\[64\]$_SDFFE_PP0P_/D
    1138* |       0 |      93 |       49 |     12 |    61 |    +0.3% |   -0.127 |       -4.5 |      -13.8 |    588 | core/div/remainder\[64\]$_SDFFE_PP0P_/D
    1139* |       0 |      93 |       49 |     12 |    61 |    +0.3% |   -0.127 |       -4.5 |      -13.8 |    588 | core/div/remainder\[64\]$_SDFFE_PP0P_/D
    1140* |       0 |      93 |       49 |     12 |    61 |    +0.3% |   -0.127 |       -4.5 |      -13.8 |    588 | core/div/remainder\[64\]$_SDFFE_PP0P_/D
    1140* |       0 |      93 |       49 |     12 |    61 |    +0.3% |   -0.127 |       -4.5 |      -13.8 |    588 | core/div/remainder\[64\]$_SDFFE_PP0P_/D
    1141* |       0 |      93 |       49 |     12 |    61 |    +0.3% |   -0.127 |       -4.5 |      -13.8 |    588 | core/div/remainder\[64\]$_SDFFE_PP0P_/D
    1142* |       0 |      93 |       49 |     12 |    61 |    +0.3% |   -0.127 |       -4.5 |      -13.8 |    588 | core/div/remainder\[64\]$_SDFFE_PP0P_/D
    1145* |       0 |      93 |       49 |     12 |    61 |    +0.3% |   -0.127 |       -4.5 |      -13.8 |    588 | core/div/remainder\[64\]$_SDFFE_PP0P_/D
    1146* |       0 |      93 |       49 |     12 |    61 |    +0.3% |   -0.127 |       -4.5 |      -13.8 |    588 | core/div/remainder\[64\]$_SDFFE_PP0P_/D
    1147* |       0 |      93 |       49 |     12 |    61 |    +0.3% |   -0.127 |       -4.5 |      -13.8 |    588 | core/div/remainder\[64\]$_SDFFE_PP0P_/D
    1148* |       0 |      93 |       49 |     12 |    61 |    +0.3% |   -0.127 |       -4.5 |      -13.8 |    588 | core/div/remainder\[64\]$_SDFFE_PP0P_/D
    1149* |       0 |      93 |       49 |     12 |    61 |    +0.3% |   -0.127 |       -4.5 |      -13.8 |    588 | core/div/remainder\[64\]$_SDFFE_PP0P_/D
    1150* |       0 |      93 |       49 |     12 |    61 |    +0.3% |   -0.127 |       -4.5 |      -13.8 |    588 | core/div/remainder\[64\]$_SDFFE_PP0P_/D
    1150* |       0 |      93 |       49 |     12 |    61 |    +0.3% |   -0.127 |       -4.5 |      -13.8 |    588 | core/div/remainder\[64\]$_SDFFE_PP0P_/D
    1152* |       0 |      94 |       49 |     12 |    61 |    +0.3% |   -0.127 |       -4.5 |      -13.8 |    588 | core/div/remainder\[64\]$_SDFFE_PP0P_/D
    1153* |       0 |      94 |       49 |     12 |    61 |    +0.3% |   -0.127 |       -4.5 |      -13.8 |    588 | core/div/remainder\[64\]$_SDFFE_PP0P_/D
    1154* |       0 |      94 |       49 |     12 |    61 |    +0.3% |   -0.127 |       -4.5 |      -13.8 |    588 | core/div/remainder\[64\]$_SDFFE_PP0P_/D
    1155* |       0 |      94 |       49 |     12 |    61 |    +0.3% |   -0.127 |       -4.5 |      -13.8 |    588 | core/div/remainder\[64\]$_SDFFE_PP0P_/D
    1156* |       0 |      94 |       49 |     12 |    61 |    +0.3% |   -0.127 |       -4.5 |      -13.8 |    588 | core/div/remainder\[64\]$_SDFFE_PP0P_/D
    1157* |       0 |      94 |       49 |     12 |    61 |    +0.3% |   -0.127 |       -4.5 |      -13.8 |    588 | core/div/remainder\[64\]$_SDFFE_PP0P_/D
    1159* |       0 |      94 |       49 |     12 |    61 |    +0.3% |   -0.127 |       -4.5 |      -13.8 |    588 | core/div/remainder\[64\]$_SDFFE_PP0P_/D
    1160* |       0 |      94 |       49 |     12 |    61 |    +0.3% |   -0.127 |       -4.5 |      -13.8 |    588 | core/div/remainder\[64\]$_SDFFE_PP0P_/D
    1161* |       0 |      95 |       49 |     12 |    61 |    +0.4% |   -0.127 |       -4.5 |      -13.9 |    588 | core/div/remainder\[64\]$_SDFFE_PP0P_/D
    1163* |       0 |      95 |       49 |     12 |    61 |    +0.4% |   -0.127 |       -4.5 |      -13.9 |    588 | core/div/remainder\[64\]$_SDFFE_PP0P_/D
    1164* |       0 |      95 |       49 |     12 |    61 |    +0.4% |   -0.127 |       -4.5 |      -13.9 |    588 | core/div/remainder\[64\]$_SDFFE_PP0P_/D
    1165* |       0 |      95 |       49 |     12 |    61 |    +0.4% |   -0.127 |       -4.5 |      -13.9 |    588 | core/div/remainder\[64\]$_SDFFE_PP0P_/D
    1167* |       0 |      95 |       49 |     12 |    61 |    +0.4% |   -0.127 |       -4.5 |      -13.9 |    588 | core/div/remainder\[64\]$_SDFFE_PP0P_/D
    1168* |       0 |      95 |       49 |     12 |    61 |    +0.4% |   -0.127 |       -4.5 |      -13.9 |    588 | core/div/remainder\[64\]$_SDFFE_PP0P_/D
    1170* |       0 |      95 |       49 |     13 |    61 |    +0.4% |   -0.127 |       -4.5 |      -14.2 |    588 | core/div/remainder\[64\]$_SDFFE_PP0P_/D
    1170* |       0 |      95 |       49 |     12 |    61 |    +0.4% |   -0.127 |       -4.5 |      -13.9 |    588 | core/div/remainder\[64\]$_SDFFE_PP0P_/D
    1171* |       0 |      95 |       49 |     12 |    61 |    +0.4% |   -0.127 |       -4.5 |      -13.9 |    588 | core/div/remainder\[64\]$_SDFFE_PP0P_/D
    1173* |       0 |      95 |       49 |     12 |    61 |    +0.4% |   -0.127 |       -4.5 |      -13.9 |    588 | core/div/remainder\[64\]$_SDFFE_PP0P_/D
    1174* |       0 |      95 |       49 |     12 |    61 |    +0.4% |   -0.127 |       -4.5 |      -13.9 |    588 | core/div/remainder\[64\]$_SDFFE_PP0P_/D
    1178* |       0 |      97 |       49 |     13 |    61 |    +0.4% |   -0.127 |       -4.5 |      -14.1 |    588 | core/div/remainder\[64\]$_SDFFE_PP0P_/D
    1179* |       0 |      97 |       49 |     13 |    61 |    +0.4% |   -0.127 |       -4.5 |      -14.1 |    588 | core/div/remainder\[64\]$_SDFFE_PP0P_/D
    1180* |       0 |      97 |       49 |     13 |    61 |    +0.4% |   -0.127 |       -4.5 |      -14.1 |    588 | core/div/remainder\[64\]$_SDFFE_PP0P_/D
    1180* |       0 |      97 |       49 |     13 |    61 |    +0.4% |   -0.127 |       -4.5 |      -14.1 |    588 | core/div/remainder\[64\]$_SDFFE_PP0P_/D
    1182* |       0 |      97 |       49 |     13 |    61 |    +0.4% |   -0.127 |       -4.5 |      -14.1 |    588 | core/div/remainder\[64\]$_SDFFE_PP0P_/D
    1184* |       0 |      98 |       49 |     13 |    61 |    +0.4% |   -0.127 |       -4.5 |      -14.1 |    588 | core/div/remainder\[64\]$_SDFFE_PP0P_/D
    1186* |       0 |      98 |       49 |     13 |    61 |    +0.4% |   -0.127 |       -4.5 |      -14.1 |    588 | core/div/remainder\[64\]$_SDFFE_PP0P_/D
    1187* |       0 |      98 |       49 |     13 |    61 |    +0.4% |   -0.127 |       -4.5 |      -14.1 |    588 | core/div/remainder\[64\]$_SDFFE_PP0P_/D
    1188* |       0 |      98 |       49 |     13 |    61 |    +0.4% |   -0.127 |       -4.5 |      -14.1 |    588 | core/div/remainder\[64\]$_SDFFE_PP0P_/D
    1189* |       0 |      98 |       49 |     13 |    61 |    +0.4% |   -0.127 |       -4.5 |      -14.1 |    588 | core/div/remainder\[64\]$_SDFFE_PP0P_/D
    1190* |       0 |      98 |       49 |     13 |    61 |    +0.4% |   -0.127 |       -4.5 |      -14.1 |    588 | core/div/remainder\[64\]$_SDFFE_PP0P_/D
    1190* |       0 |      98 |       49 |     13 |    61 |    +0.4% |   -0.127 |       -4.5 |      -14.1 |    588 | core/div/remainder\[64\]$_SDFFE_PP0P_/D
    1191* |       0 |      98 |       49 |     13 |    61 |    +0.4% |   -0.127 |       -4.5 |      -14.1 |    588 | core/div/remainder\[64\]$_SDFFE_PP0P_/D
    1192* |       0 |      98 |       49 |     13 |    61 |    +0.4% |   -0.127 |       -4.5 |      -14.1 |    588 | core/div/remainder\[64\]$_SDFFE_PP0P_/D
    1194* |       0 |      98 |       49 |     13 |    61 |    +0.4% |   -0.127 |       -4.5 |      -14.1 |    588 | core/div/remainder\[64\]$_SDFFE_PP0P_/D
    1195* |       0 |      98 |       49 |     13 |    61 |    +0.4% |   -0.127 |       -4.5 |      -14.1 |    588 | core/div/remainder\[64\]$_SDFFE_PP0P_/D
    1196* |       0 |      98 |       49 |     13 |    61 |    +0.4% |   -0.127 |       -4.5 |      -14.1 |    588 | core/div/remainder\[64\]$_SDFFE_PP0P_/D
    1199* |       0 |      99 |       49 |     13 |    61 |    +0.4% |   -0.127 |       -4.5 |      -14.3 |    588 | core/div/remainder\[64\]$_SDFFE_PP0P_/D
    1200* |       0 |      99 |       49 |     13 |    61 |    +0.4% |   -0.127 |       -4.5 |      -14.3 |    588 | core/div/remainder\[64\]$_SDFFE_PP0P_/D
    1200* |       0 |      99 |       49 |     13 |    61 |    +0.4% |   -0.127 |       -4.5 |      -14.3 |    588 | core/div/remainder\[64\]$_SDFFE_PP0P_/D
    1200* |       0 |      99 |       49 |     13 |    61 |    +0.4% |   -0.127 |       -4.5 |      -14.3 |    588 | core/div/remainder\[64\]$_SDFFE_PP0P_/D
    1200+ |       0 |      99 |       49 |     13 |    61 |    +0.4% |   -0.127 |       -4.5 |      -14.3 |    515 | core/div/remainder\[64\]$_SDFFE_PP0P_/D
    1203+ |       0 |     101 |       49 |     13 |    61 |    +0.4% |   -0.126 |       -4.5 |      -14.3 |    515 | core/div/remainder\[64\]$_SDFFE_PP0P_/D
    1204+ |       0 |     101 |       49 |     13 |    61 |    +0.4% |   -0.126 |       -4.5 |      -14.3 |    515 | core/div/remainder\[64\]$_SDFFE_PP0P_/D
    1205+ |       0 |     101 |       49 |     13 |    61 |    +0.4% |   -0.126 |       -4.5 |      -14.3 |    515 | core/div/remainder\[64\]$_SDFFE_PP0P_/D
    1206+ |       0 |     101 |       49 |     13 |    61 |    +0.4% |   -0.126 |       -4.5 |      -14.3 |    515 | core/div/remainder\[64\]$_SDFFE_PP0P_/D
    1207+ |       0 |     101 |       49 |     13 |    61 |    +0.4% |   -0.126 |       -4.5 |      -14.3 |    515 | core/div/remainder\[64\]$_SDFFE_PP0P_/D
    1208+ |       0 |     101 |       49 |     13 |    61 |    +0.4% |   -0.126 |       -4.5 |      -14.3 |    515 | core/div/remainder\[64\]$_SDFFE_PP0P_/D
    1209+ |       0 |     101 |       49 |     13 |    61 |    +0.4% |   -0.126 |       -4.5 |      -14.3 |    515 | core/div/remainder\[64\]$_SDFFE_PP0P_/D
    1210+ |       0 |     101 |       49 |     13 |    61 |    +0.4% |   -0.126 |       -4.5 |      -14.3 |    515 | core/div/remainder\[64\]$_SDFFE_PP0P_/D
    1211+ |       0 |     101 |       49 |     13 |    62 |    +0.4% |   -0.126 |       -4.5 |      -14.3 |    515 | core/div/remainder\[64\]$_SDFFE_PP0P_/D
    1212+ |       0 |     101 |       49 |     13 |    62 |    +0.4% |   -0.126 |       -4.5 |      -14.3 |    515 | core/div/remainder\[64\]$_SDFFE_PP0P_/D
    1213+ |       0 |     101 |       49 |     13 |    62 |    +0.4% |   -0.126 |       -4.5 |      -14.3 |    515 | core/div/remainder\[64\]$_SDFFE_PP0P_/D
    1214+ |       0 |     101 |       49 |     13 |    62 |    +0.4% |   -0.126 |       -4.5 |      -14.3 |    515 | core/div/remainder\[64\]$_SDFFE_PP0P_/D
    1215+ |       0 |     101 |       49 |     13 |    62 |    +0.4% |   -0.126 |       -4.5 |      -14.3 |    515 | core/div/remainder\[64\]$_SDFFE_PP0P_/D
    1216+ |       0 |     101 |       49 |     13 |    62 |    +0.4% |   -0.126 |       -4.5 |      -14.3 |    515 | core/div/remainder\[64\]$_SDFFE_PP0P_/D
    1218+ |       0 |     102 |       49 |     13 |    62 |    +0.4% |   -0.126 |       -4.5 |      -14.3 |    515 | core/div/remainder\[64\]$_SDFFE_PP0P_/D
    1219+ |       0 |     102 |       49 |     13 |    62 |    +0.4% |   -0.126 |       -4.5 |      -14.3 |    515 | core/div/remainder\[64\]$_SDFFE_PP0P_/D
    1220+ |       0 |     102 |       49 |     13 |    62 |    +0.4% |   -0.126 |       -4.5 |      -14.3 |    515 | core/div/remainder\[64\]$_SDFFE_PP0P_/D
    1220+ |       0 |     102 |       49 |     13 |    62 |    +0.4% |   -0.126 |       -4.5 |      -14.3 |    515 | core/div/remainder\[64\]$_SDFFE_PP0P_/D
    1221+ |       0 |     102 |       49 |     13 |    62 |    +0.4% |   -0.126 |       -4.5 |      -14.3 |    515 | core/div/remainder\[64\]$_SDFFE_PP0P_/D
    1222+ |       0 |     102 |       49 |     13 |    62 |    +0.4% |   -0.126 |       -4.5 |      -14.3 |    515 | core/div/remainder\[64\]$_SDFFE_PP0P_/D
    1223+ |       0 |     102 |       49 |     13 |    62 |    +0.4% |   -0.126 |       -4.5 |      -14.3 |    515 | core/div/remainder\[64\]$_SDFFE_PP0P_/D
    1224+ |       0 |     102 |       49 |     13 |    62 |    +0.4% |   -0.126 |       -4.5 |      -14.3 |    515 | core/div/remainder\[64\]$_SDFFE_PP0P_/D
    1226+ |       0 |     103 |       49 |     13 |    62 |    +0.4% |   -0.126 |       -4.5 |      -14.3 |    515 | core/div/remainder\[64\]$_SDFFE_PP0P_/D
    1228+ |       0 |     104 |       49 |     13 |    62 |    +0.4% |   -0.126 |       -4.5 |      -14.1 |    515 | core/div/remainder\[64\]$_SDFFE_PP0P_/D
    1230+ |       0 |     105 |       49 |     13 |    62 |    +0.4% |   -0.126 |       -4.5 |      -14.1 |    515 | core/div/remainder\[64\]$_SDFFE_PP0P_/D
    1230+ |       0 |     105 |       49 |     13 |    62 |    +0.4% |   -0.126 |       -4.5 |      -14.1 |    515 | core/div/remainder\[64\]$_SDFFE_PP0P_/D
    1231+ |       0 |     105 |       49 |     13 |    62 |    +0.4% |   -0.126 |       -4.5 |      -14.1 |    515 | core/div/remainder\[64\]$_SDFFE_PP0P_/D
    1232+ |       0 |     105 |       49 |     13 |    62 |    +0.4% |   -0.126 |       -4.5 |      -14.1 |    515 | core/div/remainder\[64\]$_SDFFE_PP0P_/D
    1233+ |       0 |     105 |       49 |     13 |    62 |    +0.4% |   -0.126 |       -4.5 |      -14.1 |    515 | core/div/remainder\[64\]$_SDFFE_PP0P_/D
    1235+ |       0 |     106 |       49 |     13 |    62 |    +0.4% |   -0.126 |       -4.5 |      -14.1 |    515 | core/div/remainder\[64\]$_SDFFE_PP0P_/D
    1236+ |       0 |     106 |       49 |     13 |    62 |    +0.4% |   -0.126 |       -4.5 |      -14.1 |    515 | core/div/remainder\[64\]$_SDFFE_PP0P_/D
    1237+ |       0 |     106 |       49 |     13 |    62 |    +0.4% |   -0.126 |       -4.5 |      -14.1 |    515 | core/div/remainder\[64\]$_SDFFE_PP0P_/D
    1238+ |       0 |     106 |       49 |     13 |    62 |    +0.4% |   -0.126 |       -4.5 |      -14.1 |    515 | core/div/remainder\[64\]$_SDFFE_PP0P_/D
    1239+ |       0 |     106 |       49 |     13 |    62 |    +0.4% |   -0.126 |       -4.5 |      -14.1 |    515 | core/div/remainder\[64\]$_SDFFE_PP0P_/D
    1240+ |       0 |     106 |       49 |     13 |    62 |    +0.4% |   -0.126 |       -4.5 |      -14.1 |    515 | core/div/remainder\[64\]$_SDFFE_PP0P_/D
    1240+ |       0 |     106 |       49 |     13 |    62 |    +0.4% |   -0.126 |       -4.5 |      -14.1 |    515 | core/div/remainder\[64\]$_SDFFE_PP0P_/D
    1241+ |       0 |     106 |       49 |     13 |    62 |    +0.4% |   -0.126 |       -4.5 |      -14.1 |    515 | core/div/remainder\[64\]$_SDFFE_PP0P_/D
    1243+ |       0 |     107 |       49 |     13 |    62 |    +0.4% |   -0.126 |       -4.5 |      -13.9 |    515 | core/div/remainder\[64\]$_SDFFE_PP0P_/D
    1244+ |       0 |     107 |       49 |     13 |    62 |    +0.4% |   -0.126 |       -4.5 |      -13.9 |    515 | core/div/remainder\[64\]$_SDFFE_PP0P_/D
    1245+ |       0 |     107 |       49 |     13 |    62 |    +0.4% |   -0.126 |       -4.5 |      -13.9 |    515 | core/div/remainder\[64\]$_SDFFE_PP0P_/D
    1246+ |       0 |     107 |       49 |     13 |    62 |    +0.4% |   -0.126 |       -4.5 |      -13.9 |    515 | core/div/remainder\[64\]$_SDFFE_PP0P_/D
    1247+ |       0 |     107 |       49 |     13 |    62 |    +0.4% |   -0.126 |       -4.5 |      -13.9 |    515 | core/div/remainder\[64\]$_SDFFE_PP0P_/D
    1248+ |       0 |     107 |       49 |     13 |    62 |    +0.4% |   -0.126 |       -4.5 |      -13.9 |    515 | core/div/remainder\[64\]$_SDFFE_PP0P_/D
    1249+ |       0 |     107 |       49 |     13 |    62 |    +0.4% |   -0.126 |       -4.5 |      -13.9 |    515 | core/div/remainder\[64\]$_SDFFE_PP0P_/D
    1250+ |       0 |     107 |       49 |     13 |    62 |    +0.4% |   -0.126 |       -4.5 |      -13.9 |    515 | core/div/remainder\[64\]$_SDFFE_PP0P_/D
    1250+ |       0 |     107 |       49 |     13 |    62 |    +0.4% |   -0.126 |       -4.5 |      -13.9 |    515 | core/div/remainder\[64\]$_SDFFE_PP0P_/D
    1251+ |       0 |     107 |       49 |     13 |    62 |    +0.4% |   -0.126 |       -4.5 |      -13.9 |    515 | core/div/remainder\[64\]$_SDFFE_PP0P_/D
    1252+ |       0 |     107 |       49 |     13 |    62 |    +0.4% |   -0.126 |       -4.5 |      -13.9 |    515 | core/div/remainder\[64\]$_SDFFE_PP0P_/D
    1253+ |       0 |     107 |       49 |     13 |    62 |    +0.4% |   -0.126 |       -4.5 |      -13.9 |    515 | core/div/remainder\[64\]$_SDFFE_PP0P_/D
    1254+ |       0 |     107 |       49 |     13 |    62 |    +0.4% |   -0.126 |       -4.5 |      -13.9 |    515 | core/div/remainder\[64\]$_SDFFE_PP0P_/D
    1255+ |       0 |     107 |       49 |     13 |    62 |    +0.4% |   -0.126 |       -4.5 |      -13.9 |    515 | core/div/remainder\[64\]$_SDFFE_PP0P_/D
    1256+ |       0 |     107 |       49 |     13 |    62 |    +0.4% |   -0.126 |       -4.5 |      -13.9 |    515 | core/div/remainder\[64\]$_SDFFE_PP0P_/D
    1257+ |       0 |     107 |       49 |     13 |    62 |    +0.4% |   -0.126 |       -4.5 |      -13.9 |    515 | core/div/remainder\[64\]$_SDFFE_PP0P_/D
    1258+ |       0 |     107 |       49 |     13 |    62 |    +0.4% |   -0.126 |       -4.5 |      -13.9 |    515 | core/div/remainder\[64\]$_SDFFE_PP0P_/D
    1259+ |       0 |     107 |       49 |     13 |    62 |    +0.4% |   -0.126 |       -4.5 |      -13.9 |    515 | core/div/remainder\[64\]$_SDFFE_PP0P_/D
    1260+ |       0 |     107 |       49 |     13 |    62 |    +0.4% |   -0.126 |       -4.5 |      -13.9 |    515 | core/div/remainder\[64\]$_SDFFE_PP0P_/D
    1260+ |       0 |     107 |       49 |     13 |    62 |    +0.4% |   -0.126 |       -4.5 |      -13.9 |    515 | core/div/remainder\[64\]$_SDFFE_PP0P_/D
    1261+ |       0 |     107 |       49 |     13 |    62 |    +0.4% |   -0.126 |       -4.5 |      -13.9 |    515 | core/div/remainder\[64\]$_SDFFE_PP0P_/D
    1262+ |       0 |     107 |       49 |     13 |    62 |    +0.4% |   -0.126 |       -4.5 |      -13.9 |    515 | core/div/remainder\[64\]$_SDFFE_PP0P_/D
    1263+ |       0 |     107 |       49 |     13 |    62 |    +0.4% |   -0.126 |       -4.5 |      -13.9 |    515 | core/div/remainder\[64\]$_SDFFE_PP0P_/D
    1264+ |       0 |     107 |       49 |     13 |    62 |    +0.4% |   -0.126 |       -4.5 |      -13.9 |    515 | core/div/remainder\[64\]$_SDFFE_PP0P_/D
    1265+ |       0 |     107 |       49 |     13 |    62 |    +0.4% |   -0.126 |       -4.5 |      -13.9 |    515 | core/div/remainder\[64\]$_SDFFE_PP0P_/D
    1266+ |       0 |     107 |       49 |     13 |    62 |    +0.4% |   -0.126 |       -4.5 |      -13.9 |    515 | core/div/remainder\[64\]$_SDFFE_PP0P_/D
    1267+ |       0 |     107 |       49 |     13 |    62 |    +0.4% |   -0.126 |       -4.5 |      -13.9 |    515 | core/div/remainder\[64\]$_SDFFE_PP0P_/D
    1268+ |       0 |     107 |       49 |     13 |    62 |    +0.4% |   -0.126 |       -4.5 |      -13.9 |    515 | core/div/remainder\[64\]$_SDFFE_PP0P_/D
    1269+ |       0 |     107 |       49 |     13 |    62 |    +0.4% |   -0.126 |       -4.5 |      -13.9 |    515 | core/div/remainder\[64\]$_SDFFE_PP0P_/D
    1270+ |       0 |     107 |       49 |     13 |    62 |    +0.4% |   -0.126 |       -4.5 |      -13.9 |    515 | core/div/remainder\[64\]$_SDFFE_PP0P_/D
    1270+ |       0 |     107 |       49 |     13 |    62 |    +0.4% |   -0.126 |       -4.5 |      -13.9 |    515 | core/div/remainder\[64\]$_SDFFE_PP0P_/D
    1271+ |       0 |     107 |       49 |     13 |    62 |    +0.4% |   -0.126 |       -4.5 |      -13.9 |    515 | core/div/remainder\[64\]$_SDFFE_PP0P_/D
    1272+ |       0 |     107 |       49 |     13 |    62 |    +0.4% |   -0.126 |       -4.5 |      -13.9 |    515 | core/div/remainder\[64\]$_SDFFE_PP0P_/D
    1273+ |       0 |     107 |       49 |     13 |    62 |    +0.4% |   -0.126 |       -4.5 |      -13.9 |    515 | core/div/remainder\[64\]$_SDFFE_PP0P_/D
    1276+ |       0 |     109 |       49 |     13 |    62 |    +0.4% |   -0.126 |       -4.5 |      -12.8 |    515 | core/div/remainder\[64\]$_SDFFE_PP0P_/D
    1277+ |       0 |     109 |       49 |     13 |    62 |    +0.4% |   -0.126 |       -4.5 |      -12.8 |    515 | core/div/remainder\[64\]$_SDFFE_PP0P_/D
    1278+ |       0 |     109 |       49 |     13 |    62 |    +0.4% |   -0.126 |       -4.5 |      -12.8 |    515 | core/div/remainder\[64\]$_SDFFE_PP0P_/D
    1279+ |       0 |     109 |       49 |     13 |    62 |    +0.4% |   -0.126 |       -4.5 |      -12.8 |    515 | core/div/remainder\[64\]$_SDFFE_PP0P_/D
    1280+ |       0 |     109 |       49 |     13 |    62 |    +0.4% |   -0.126 |       -4.5 |      -12.8 |    515 | core/div/remainder\[64\]$_SDFFE_PP0P_/D
    1280+ |       0 |     109 |       49 |     13 |    62 |    +0.4% |   -0.126 |       -4.5 |      -12.8 |    515 | core/div/remainder\[64\]$_SDFFE_PP0P_/D
    1281+ |       0 |     109 |       49 |     13 |    62 |    +0.4% |   -0.126 |       -4.5 |      -12.8 |    515 | core/div/remainder\[64\]$_SDFFE_PP0P_/D
    1282+ |       0 |     109 |       49 |     13 |    62 |    +0.4% |   -0.126 |       -4.5 |      -12.8 |    515 | core/div/remainder\[64\]$_SDFFE_PP0P_/D
    1283+ |       0 |     109 |       49 |     13 |    62 |    +0.4% |   -0.126 |       -4.5 |      -12.8 |    515 | core/div/remainder\[64\]$_SDFFE_PP0P_/D
    1284+ |       0 |     109 |       49 |     13 |    62 |    +0.4% |   -0.126 |       -4.5 |      -12.8 |    515 | core/div/remainder\[64\]$_SDFFE_PP0P_/D
    1285+ |       0 |     109 |       49 |     13 |    62 |    +0.4% |   -0.126 |       -4.5 |      -12.8 |    515 | core/div/remainder\[64\]$_SDFFE_PP0P_/D
    1287+ |       0 |     110 |       49 |     13 |    62 |    +0.4% |   -0.126 |       -4.5 |      -12.8 |    515 | core/div/remainder\[64\]$_SDFFE_PP0P_/D
    1288+ |       0 |     110 |       49 |     13 |    62 |    +0.4% |   -0.126 |       -4.5 |      -12.8 |    515 | core/div/remainder\[64\]$_SDFFE_PP0P_/D
    1289+ |       0 |     110 |       49 |     13 |    62 |    +0.4% |   -0.126 |       -4.5 |      -12.8 |    515 | core/div/remainder\[64\]$_SDFFE_PP0P_/D
    1290+ |       0 |     110 |       49 |     13 |    62 |    +0.4% |   -0.126 |       -4.5 |      -12.8 |    515 | core/div/remainder\[64\]$_SDFFE_PP0P_/D
    1290+ |       0 |     110 |       49 |     13 |    62 |    +0.4% |   -0.126 |       -4.5 |      -12.8 |    515 | core/div/remainder\[64\]$_SDFFE_PP0P_/D
    1291+ |       0 |     110 |       49 |     13 |    62 |    +0.4% |   -0.126 |       -4.5 |      -12.8 |    515 | core/div/remainder\[64\]$_SDFFE_PP0P_/D
    1292+ |       0 |     110 |       49 |     13 |    62 |    +0.4% |   -0.126 |       -4.5 |      -12.8 |    515 | core/div/remainder\[64\]$_SDFFE_PP0P_/D
    1293+ |       0 |     110 |       49 |     13 |    62 |    +0.4% |   -0.126 |       -4.5 |      -12.8 |    515 | core/div/remainder\[64\]$_SDFFE_PP0P_/D
    1294+ |       0 |     110 |       49 |     13 |    62 |    +0.4% |   -0.126 |       -4.5 |      -12.8 |    515 | core/div/remainder\[64\]$_SDFFE_PP0P_/D
    1295+ |       0 |     110 |       49 |     13 |    62 |    +0.4% |   -0.126 |       -4.5 |      -12.8 |    515 | core/div/remainder\[64\]$_SDFFE_PP0P_/D
    1297+ |       0 |     111 |       49 |     13 |    62 |    +0.4% |   -0.126 |       -4.5 |      -12.8 |    515 | core/div/remainder\[64\]$_SDFFE_PP0P_/D
    1298+ |       0 |     111 |       49 |     13 |    62 |    +0.4% |   -0.126 |       -4.5 |      -12.8 |    515 | core/div/remainder\[64\]$_SDFFE_PP0P_/D
    1299+ |       0 |     111 |       49 |     13 |    62 |    +0.4% |   -0.126 |       -4.5 |      -12.8 |    515 | core/div/remainder\[64\]$_SDFFE_PP0P_/D
    1300+ |       0 |     111 |       49 |     13 |    62 |    +0.4% |   -0.126 |       -4.5 |      -12.8 |    515 | core/div/remainder\[64\]$_SDFFE_PP0P_/D
    1301+ |       0 |     111 |       49 |     13 |    62 |    +0.4% |   -0.126 |       -4.5 |      -12.8 |    515 | core/div/remainder\[64\]$_SDFFE_PP0P_/D
    1302+ |       0 |     111 |       49 |     13 |    62 |    +0.4% |   -0.126 |       -4.5 |      -12.8 |    515 | core/div/remainder\[64\]$_SDFFE_PP0P_/D
    1303+ |       0 |     111 |       49 |     13 |    62 |    +0.4% |   -0.126 |       -4.5 |      -12.8 |    515 | core/div/remainder\[64\]$_SDFFE_PP0P_/D
    1304+ |       0 |     111 |       49 |     13 |    62 |    +0.4% |   -0.126 |       -4.5 |      -12.8 |    515 | core/div/remainder\[64\]$_SDFFE_PP0P_/D
    1305+ |       0 |     111 |       49 |     13 |    62 |    +0.4% |   -0.126 |       -4.5 |      -12.8 |    515 | core/div/remainder\[64\]$_SDFFE_PP0P_/D
    1306+ |       0 |     111 |       49 |     13 |    62 |    +0.4% |   -0.126 |       -4.5 |      -12.8 |    515 | core/div/remainder\[64\]$_SDFFE_PP0P_/D
    1307+ |       0 |     111 |       49 |     13 |    62 |    +0.4% |   -0.126 |       -4.5 |      -12.8 |    515 | core/div/remainder\[64\]$_SDFFE_PP0P_/D
    1308+ |       0 |     111 |       49 |     13 |    62 |    +0.4% |   -0.126 |       -4.5 |      -12.8 |    515 | core/div/remainder\[64\]$_SDFFE_PP0P_/D
    1309+ |       0 |     111 |       49 |     13 |    62 |    +0.4% |   -0.126 |       -4.5 |      -12.8 |    515 | core/div/remainder\[64\]$_SDFFE_PP0P_/D
    1310+ |       0 |     111 |       49 |     13 |    62 |    +0.4% |   -0.126 |       -4.5 |      -12.8 |    515 | core/div/remainder\[64\]$_SDFFE_PP0P_/D
    1310+ |       0 |     111 |       49 |     13 |    62 |    +0.4% |   -0.126 |       -4.5 |      -12.8 |    515 | core/div/remainder\[64\]$_SDFFE_PP0P_/D
    1311+ |       0 |     111 |       49 |     13 |    62 |    +0.4% |   -0.126 |       -4.5 |      -12.8 |    515 | core/div/remainder\[64\]$_SDFFE_PP0P_/D
    1312+ |       0 |     111 |       49 |     13 |    62 |    +0.4% |   -0.126 |       -4.5 |      -12.8 |    515 | core/div/remainder\[64\]$_SDFFE_PP0P_/D
    1313+ |       0 |     111 |       49 |     13 |    62 |    +0.4% |   -0.126 |       -4.5 |      -12.8 |    515 | core/div/remainder\[64\]$_SDFFE_PP0P_/D
    1314+ |       0 |     111 |       49 |     13 |    62 |    +0.4% |   -0.126 |       -4.5 |      -12.8 |    515 | core/div/remainder\[64\]$_SDFFE_PP0P_/D
    1315+ |       0 |     111 |       49 |     13 |    62 |    +0.4% |   -0.126 |       -4.5 |      -12.8 |    515 | core/div/remainder\[64\]$_SDFFE_PP0P_/D
    1316+ |       0 |     111 |       49 |     13 |    62 |    +0.4% |   -0.126 |       -4.5 |      -12.8 |    515 | core/div/remainder\[64\]$_SDFFE_PP0P_/D
    1317+ |       0 |     111 |       49 |     13 |    62 |    +0.4% |   -0.126 |       -4.5 |      -12.8 |    515 | core/div/remainder\[64\]$_SDFFE_PP0P_/D
    1318+ |       0 |     111 |       49 |     13 |    62 |    +0.4% |   -0.126 |       -4.5 |      -12.8 |    515 | core/div/remainder\[64\]$_SDFFE_PP0P_/D
    1319+ |       0 |     111 |       49 |     13 |    62 |    +0.4% |   -0.126 |       -4.5 |      -12.8 |    515 | core/div/remainder\[64\]$_SDFFE_PP0P_/D
    1320+ |       0 |     111 |       49 |     13 |    62 |    +0.4% |   -0.126 |       -4.5 |      -12.8 |    515 | core/div/remainder\[64\]$_SDFFE_PP0P_/D
    1320+ |       0 |     111 |       49 |     13 |    62 |    +0.4% |   -0.126 |       -4.5 |      -12.8 |    515 | core/div/remainder\[64\]$_SDFFE_PP0P_/D
    1321+ |       0 |     111 |       49 |     13 |    62 |    +0.4% |   -0.126 |       -4.5 |      -12.8 |    515 | core/div/remainder\[64\]$_SDFFE_PP0P_/D
    1322+ |       0 |     111 |       49 |     13 |    62 |    +0.4% |   -0.126 |       -4.5 |      -12.8 |    515 | core/div/remainder\[64\]$_SDFFE_PP0P_/D
    1323+ |       0 |     111 |       49 |     13 |    62 |    +0.4% |   -0.126 |       -4.5 |      -12.8 |    515 | core/div/remainder\[64\]$_SDFFE_PP0P_/D
    1324+ |       0 |     111 |       49 |     13 |    62 |    +0.4% |   -0.126 |       -4.5 |      -12.8 |    515 | core/div/remainder\[64\]$_SDFFE_PP0P_/D
    1325+ |       0 |     111 |       49 |     13 |    62 |    +0.4% |   -0.126 |       -4.5 |      -12.8 |    515 | core/div/remainder\[64\]$_SDFFE_PP0P_/D
    1326+ |       0 |     111 |       49 |     13 |    62 |    +0.4% |   -0.126 |       -4.5 |      -12.8 |    515 | core/div/remainder\[64\]$_SDFFE_PP0P_/D
    1327+ |       0 |     111 |       49 |     13 |    62 |    +0.4% |   -0.126 |       -4.5 |      -12.8 |    515 | core/div/remainder\[64\]$_SDFFE_PP0P_/D
    1328+ |       0 |     111 |       49 |     13 |    62 |    +0.4% |   -0.126 |       -4.5 |      -12.8 |    515 | core/div/remainder\[64\]$_SDFFE_PP0P_/D
    1329+ |       0 |     111 |       49 |     13 |    62 |    +0.4% |   -0.126 |       -4.5 |      -12.8 |    515 | core/div/remainder\[64\]$_SDFFE_PP0P_/D
    1330+ |       0 |     111 |       49 |     13 |    62 |    +0.4% |   -0.126 |       -4.5 |      -12.8 |    515 | core/div/remainder\[64\]$_SDFFE_PP0P_/D
    1330+ |       0 |     111 |       49 |     13 |    62 |    +0.4% |   -0.126 |       -4.5 |      -12.8 |    515 | core/div/remainder\[64\]$_SDFFE_PP0P_/D
    1331+ |       0 |     111 |       49 |     13 |    62 |    +0.4% |   -0.126 |       -4.5 |      -12.8 |    515 | core/div/remainder\[64\]$_SDFFE_PP0P_/D
    1332+ |       0 |     111 |       49 |     13 |    62 |    +0.4% |   -0.126 |       -4.5 |      -12.8 |    515 | core/div/remainder\[64\]$_SDFFE_PP0P_/D
    1333+ |       0 |     111 |       49 |     13 |    62 |    +0.4% |   -0.126 |       -4.5 |      -12.8 |    515 | core/div/remainder\[64\]$_SDFFE_PP0P_/D
    1334+ |       0 |     111 |       49 |     13 |    62 |    +0.4% |   -0.126 |       -4.5 |      -12.8 |    515 | core/div/remainder\[64\]$_SDFFE_PP0P_/D
    1335+ |       0 |     111 |       49 |     13 |    62 |    +0.4% |   -0.126 |       -4.5 |      -12.8 |    515 | core/div/remainder\[64\]$_SDFFE_PP0P_/D
    1336+ |       0 |     111 |       49 |     13 |    62 |    +0.4% |   -0.126 |       -4.5 |      -12.8 |    515 | core/div/remainder\[64\]$_SDFFE_PP0P_/D
    1337+ |       0 |     111 |       49 |     13 |    62 |    +0.4% |   -0.126 |       -4.5 |      -12.8 |    515 | core/div/remainder\[64\]$_SDFFE_PP0P_/D
    1338+ |       0 |     111 |       49 |     13 |    62 |    +0.4% |   -0.126 |       -4.5 |      -12.8 |    515 | core/div/remainder\[64\]$_SDFFE_PP0P_/D
    1339+ |       0 |     111 |       49 |     13 |    62 |    +0.4% |   -0.126 |       -4.5 |      -12.8 |    515 | core/div/remainder\[64\]$_SDFFE_PP0P_/D
    1340+ |       0 |     111 |       49 |     13 |    62 |    +0.4% |   -0.126 |       -4.5 |      -12.8 |    515 | core/div/remainder\[64\]$_SDFFE_PP0P_/D
    1340+ |       0 |     111 |       49 |     13 |    62 |    +0.4% |   -0.126 |       -4.5 |      -12.8 |    515 | core/div/remainder\[64\]$_SDFFE_PP0P_/D
    1341+ |       0 |     111 |       49 |     13 |    62 |    +0.4% |   -0.126 |       -4.5 |      -12.8 |    515 | core/div/remainder\[64\]$_SDFFE_PP0P_/D
    1342+ |       0 |     111 |       49 |     13 |    62 |    +0.4% |   -0.126 |       -4.5 |      -12.8 |    515 | core/div/remainder\[64\]$_SDFFE_PP0P_/D
    1343+ |       0 |     111 |       49 |     13 |    62 |    +0.4% |   -0.126 |       -4.5 |      -12.8 |    515 | core/div/remainder\[64\]$_SDFFE_PP0P_/D
    1344+ |       0 |     111 |       49 |     13 |    62 |    +0.4% |   -0.126 |       -4.5 |      -12.8 |    515 | core/div/remainder\[64\]$_SDFFE_PP0P_/D
    1345+ |       0 |     111 |       49 |     13 |    62 |    +0.4% |   -0.126 |       -4.5 |      -12.8 |    515 | core/div/remainder\[64\]$_SDFFE_PP0P_/D
    1346+ |       0 |     111 |       49 |     13 |    62 |    +0.4% |   -0.126 |       -4.5 |      -12.8 |    515 | core/div/remainder\[64\]$_SDFFE_PP0P_/D
    1347+ |       0 |     111 |       49 |     13 |    62 |    +0.4% |   -0.126 |       -4.5 |      -12.8 |    515 | core/div/remainder\[64\]$_SDFFE_PP0P_/D
    1348+ |       0 |     111 |       49 |     13 |    62 |    +0.4% |   -0.126 |       -4.5 |      -12.8 |    515 | core/div/remainder\[64\]$_SDFFE_PP0P_/D
    1349+ |       0 |     111 |       49 |     13 |    62 |    +0.4% |   -0.126 |       -4.5 |      -12.8 |    515 | core/div/remainder\[64\]$_SDFFE_PP0P_/D
    1350+ |       0 |     111 |       49 |     13 |    62 |    +0.4% |   -0.126 |       -4.5 |      -12.8 |    515 | core/div/remainder\[64\]$_SDFFE_PP0P_/D
    1350+ |       0 |     111 |       49 |     13 |    62 |    +0.4% |   -0.126 |       -4.5 |      -12.8 |    515 | core/div/remainder\[64\]$_SDFFE_PP0P_/D
    1351+ |       0 |     111 |       49 |     13 |    62 |    +0.4% |   -0.126 |       -4.5 |      -12.8 |    515 | core/div/remainder\[64\]$_SDFFE_PP0P_/D
    1352+ |       0 |     111 |       49 |     13 |    62 |    +0.4% |   -0.126 |       -4.5 |      -12.8 |    515 | core/div/remainder\[64\]$_SDFFE_PP0P_/D
    1353+ |       0 |     111 |       49 |     13 |    62 |    +0.4% |   -0.126 |       -4.5 |      -12.8 |    515 | core/div/remainder\[64\]$_SDFFE_PP0P_/D
    1354+ |       0 |     111 |       49 |     13 |    62 |    +0.4% |   -0.126 |       -4.5 |      -12.8 |    515 | core/div/remainder\[64\]$_SDFFE_PP0P_/D
    1355+ |       0 |     111 |       49 |     13 |    62 |    +0.4% |   -0.126 |       -4.5 |      -12.8 |    515 | core/div/remainder\[64\]$_SDFFE_PP0P_/D
    1356+ |       0 |     111 |       49 |     13 |    62 |    +0.4% |   -0.126 |       -4.5 |      -12.8 |    515 | core/div/remainder\[64\]$_SDFFE_PP0P_/D
    1357+ |       0 |     111 |       49 |     13 |    62 |    +0.4% |   -0.126 |       -4.5 |      -12.8 |    515 | core/div/remainder\[64\]$_SDFFE_PP0P_/D
    1358+ |       0 |     111 |       49 |     13 |    62 |    +0.4% |   -0.126 |       -4.5 |      -12.8 |    515 | core/div/remainder\[64\]$_SDFFE_PP0P_/D
    1359+ |       0 |     111 |       49 |     13 |    62 |    +0.4% |   -0.126 |       -4.5 |      -12.8 |    515 | core/div/remainder\[64\]$_SDFFE_PP0P_/D
    1360+ |       0 |     111 |       49 |     13 |    62 |    +0.4% |   -0.126 |       -4.5 |      -12.8 |    515 | core/div/remainder\[64\]$_SDFFE_PP0P_/D
    1360+ |       0 |     111 |       49 |     13 |    62 |    +0.4% |   -0.126 |       -4.5 |      -12.8 |    515 | core/div/remainder\[64\]$_SDFFE_PP0P_/D
    1361+ |       0 |     111 |       49 |     13 |    62 |    +0.4% |   -0.126 |       -4.5 |      -12.8 |    515 | core/div/remainder\[64\]$_SDFFE_PP0P_/D
    1362+ |       0 |     111 |       49 |     13 |    62 |    +0.4% |   -0.126 |       -4.5 |      -12.8 |    515 | core/div/remainder\[64\]$_SDFFE_PP0P_/D
    1363+ |       0 |     111 |       49 |     13 |    62 |    +0.4% |   -0.126 |       -4.5 |      -12.8 |    515 | core/div/remainder\[64\]$_SDFFE_PP0P_/D
    1364+ |       0 |     111 |       49 |     13 |    62 |    +0.4% |   -0.126 |       -4.5 |      -12.8 |    515 | core/div/remainder\[64\]$_SDFFE_PP0P_/D
    1365+ |       0 |     111 |       49 |     13 |    62 |    +0.4% |   -0.126 |       -4.5 |      -12.8 |    515 | core/div/remainder\[64\]$_SDFFE_PP0P_/D
    1370+ |       0 |     115 |       49 |     13 |    62 |    +0.4% |   -0.126 |       -4.5 |      -12.5 |    515 | core/div/remainder\[64\]$_SDFFE_PP0P_/D
    1371+ |       0 |     116 |       49 |     13 |    62 |    +0.4% |   -0.126 |       -4.5 |      -12.5 |    515 | core/div/remainder\[64\]$_SDFFE_PP0P_/D
    1372+ |       0 |     116 |       49 |     13 |    62 |    +0.4% |   -0.126 |       -4.5 |      -12.5 |    515 | core/div/remainder\[64\]$_SDFFE_PP0P_/D
    1373+ |       0 |     116 |       49 |     13 |    62 |    +0.4% |   -0.126 |       -4.5 |      -12.5 |    515 | core/div/remainder\[64\]$_SDFFE_PP0P_/D
    1374+ |       0 |     116 |       49 |     13 |    62 |    +0.4% |   -0.126 |       -4.5 |      -12.5 |    515 | core/div/remainder\[64\]$_SDFFE_PP0P_/D
    1375+ |       0 |     116 |       49 |     13 |    62 |    +0.4% |   -0.126 |       -4.5 |      -12.5 |    515 | core/div/remainder\[64\]$_SDFFE_PP0P_/D
    1376+ |       0 |     116 |       49 |     13 |    62 |    +0.4% |   -0.126 |       -4.5 |      -12.5 |    515 | core/div/remainder\[64\]$_SDFFE_PP0P_/D
    1377+ |       0 |     116 |       49 |     13 |    62 |    +0.4% |   -0.126 |       -4.5 |      -12.5 |    515 | core/div/remainder\[64\]$_SDFFE_PP0P_/D
    1378+ |       0 |     116 |       49 |     13 |    62 |    +0.4% |   -0.126 |       -4.5 |      -12.5 |    515 | core/div/remainder\[64\]$_SDFFE_PP0P_/D
    1379+ |       0 |     116 |       49 |     13 |    62 |    +0.4% |   -0.126 |       -4.5 |      -12.5 |    515 | core/div/remainder\[64\]$_SDFFE_PP0P_/D
    1380+ |       0 |     116 |       49 |     13 |    62 |    +0.4% |   -0.126 |       -4.5 |      -12.5 |    515 | core/div/remainder\[64\]$_SDFFE_PP0P_/D
    1380+ |       0 |     116 |       49 |     13 |    62 |    +0.4% |   -0.126 |       -4.5 |      -12.5 |    515 | core/div/remainder\[64\]$_SDFFE_PP0P_/D
    1381+ |       0 |     116 |       49 |     13 |    62 |    +0.4% |   -0.126 |       -4.5 |      -12.5 |    515 | core/div/remainder\[64\]$_SDFFE_PP0P_/D
    1383+ |       0 |     117 |       49 |     13 |    62 |    +0.4% |   -0.126 |       -4.5 |      -12.5 |    515 | core/div/remainder\[64\]$_SDFFE_PP0P_/D
    1384+ |       0 |     117 |       49 |     13 |    62 |    +0.4% |   -0.126 |       -4.5 |      -12.5 |    515 | core/div/remainder\[64\]$_SDFFE_PP0P_/D
    1385+ |       0 |     117 |       49 |     13 |    62 |    +0.4% |   -0.126 |       -4.5 |      -12.5 |    515 | core/div/remainder\[64\]$_SDFFE_PP0P_/D
    1386+ |       0 |     117 |       49 |     13 |    62 |    +0.4% |   -0.126 |       -4.5 |      -12.5 |    515 | core/div/remainder\[64\]$_SDFFE_PP0P_/D
    1387+ |       0 |     117 |       49 |     13 |    62 |    +0.4% |   -0.126 |       -4.5 |      -12.5 |    515 | core/div/remainder\[64\]$_SDFFE_PP0P_/D
    1388+ |       0 |     117 |       49 |     13 |    62 |    +0.4% |   -0.126 |       -4.5 |      -12.5 |    515 | core/div/remainder\[64\]$_SDFFE_PP0P_/D
    1389+ |       0 |     117 |       49 |     13 |    62 |    +0.4% |   -0.126 |       -4.5 |      -12.5 |    515 | core/div/remainder\[64\]$_SDFFE_PP0P_/D
    1390+ |       0 |     117 |       49 |     13 |    62 |    +0.4% |   -0.126 |       -4.5 |      -12.5 |    515 | core/div/remainder\[64\]$_SDFFE_PP0P_/D
    1390+ |       0 |     117 |       49 |     13 |    62 |    +0.4% |   -0.126 |       -4.5 |      -12.5 |    515 | core/div/remainder\[64\]$_SDFFE_PP0P_/D
    1391+ |       0 |     117 |       49 |     13 |    62 |    +0.4% |   -0.126 |       -4.5 |      -12.5 |    515 | core/div/remainder\[64\]$_SDFFE_PP0P_/D
    1392+ |       0 |     117 |       49 |     13 |    62 |    +0.4% |   -0.126 |       -4.5 |      -12.5 |    515 | core/div/remainder\[64\]$_SDFFE_PP0P_/D
    1393+ |       0 |     117 |       49 |     13 |    62 |    +0.4% |   -0.126 |       -4.5 |      -12.5 |    515 | core/div/remainder\[64\]$_SDFFE_PP0P_/D
    1394+ |       0 |     117 |       49 |     13 |    62 |    +0.4% |   -0.126 |       -4.5 |      -12.5 |    515 | core/div/remainder\[64\]$_SDFFE_PP0P_/D
    1395+ |       0 |     117 |       49 |     13 |    62 |    +0.4% |   -0.126 |       -4.5 |      -12.5 |    515 | core/div/remainder\[64\]$_SDFFE_PP0P_/D
    1396+ |       0 |     117 |       49 |     13 |    62 |    +0.4% |   -0.126 |       -4.5 |      -12.5 |    515 | core/div/remainder\[64\]$_SDFFE_PP0P_/D
    1397+ |       0 |     117 |       49 |     13 |    62 |    +0.4% |   -0.126 |       -4.5 |      -12.5 |    515 | core/div/remainder\[64\]$_SDFFE_PP0P_/D
    1398+ |       0 |     117 |       49 |     13 |    62 |    +0.4% |   -0.126 |       -4.5 |      -12.5 |    515 | core/div/remainder\[64\]$_SDFFE_PP0P_/D
    1399+ |       0 |     117 |       49 |     13 |    62 |    +0.4% |   -0.126 |       -4.5 |      -12.5 |    515 | core/div/remainder\[64\]$_SDFFE_PP0P_/D
    1400+ |       0 |     117 |       49 |     13 |    62 |    +0.4% |   -0.126 |       -4.5 |      -12.5 |    515 | core/div/remainder\[64\]$_SDFFE_PP0P_/D
    final |       0 |     117 |       49 |     13 |    62 |    +0.4% |   -0.126 |       -4.5 |      -12.5 |    452 | core/div/remainder\[64\]$_SDFFE_PP0P_/D
------------------------------------------------------------------------------------------------------------------------------
[INFO RSZ-0040] Inserted 49 buffers.
[INFO RSZ-0051] Resized 117 instances: 117 up, 0 up match, 0 down, 0 VT
[INFO RSZ-0043] Swapped pins on 62 instances.
[INFO RSZ-0049] Cloned 13 instances.
[WARNING RSZ-0062] Unable to repair all setup violations.
[INFO RSZ-0505] Runtime: 14.92s
[INFO RSZ-0033] No hold violations found.
[INFO RSZ-0506] Runtime: 0.03s
Took 15 seconds: repair_timing -setup_margin 0 -hold_margin 0 -repair_tns 100 -verbose
detailed_placement
[INFO DPL-0006] Core area: 88535.44 um^2
[INFO DPL-0007] Movable instances area: 52823.61 um^2
[INFO DPL-0008] Fixed instances area within core: 2693.78 um^2
[INFO DPL-0009] Utilization: 62.7%
[INFO DPL-0005] Diamond search max displacement: +/- 500 sites horizontally, +/- 100 rows vertically.
[INFO DPL-1102] Legalizing using negotiation legalizer.
[INFO DPL-1103] Negotiation base search window: +/-20 sites horizontally, +/-5 rows vertically 
	Automatic search window extension enabled.
	Search window extendable up to the max displacement cap of +/-500 sites, +/-100 rows near walls.
[INFO DPL-1104] NegotiationLegalizer DRC penalty: 5.
[INFO DPL-0392] Negotiation cell height distribution (2 unique row-count(s)):
[INFO DPL-0393]   height 1 row(s): 29651 cells
[INFO DPL-0393]   height 44 row(s): 2 cells
          |      Total |  Illegal |  Illegal
Iteration | Violations |    Cells |    Sites
---------------------------------------------
        0 |        939 |       167 |       772
        1 |        485 |        59 |       426
        2 |        358 |        36 |       313
        3 |        298 |        24 |       253
        4 |        228 |        20 |       208
        5 |        238 |        16 |       222
        6 |        241 |        19 |       192
        7 |        136 |        17 |       119
        8 |        131 |        17 |       114
        9 |         86 |        10 |        76
       10 |         48 |         6 |        42
       19 |          0 |         0 |         0
Negotiation phase 1 converged at iteration 19.
[INFO DPL-0500] Runtime: 0.44s
Placement Analysis
---------------------------------
total displacement        513.3 u
average displacement        0.0 u
max displacement           10.9 u
original HPWL          430227.1 u
legalized HPWL         430742.3 u
delta HPWL                    0 %

estimate_parasitics -placement
Report metrics stage 4, cts final...

==========================================================================
cts final report_design_area
--------------------------------------------------------------------------
Design area 55517 um^2 63% utilization.
write_db /work/results/nangate45/tinyRocket/base/4_1_cts.odb
write_sdc -no_timestamp /work/results/nangate45/tinyRocket/base/4_cts.sdc
Elapsed time: 0:28.32[h:]min:sec. CPU time: user 56.67 sys 9.52 (233%). Peak memory: 313996KB.
Log                       Ext     Elapsed/s Peak Memory/MB sha1sum result [0:20)
4_1_cts                   .odb           28            306 abd197f6b707a6c3ae33
cp /work/results/nangate45/tinyRocket/base/4_1_cts.odb /work/results/nangate45/tinyRocket/base/4_cts.odb
/OpenROAD-flow-scripts/flow/scripts/flow.sh 5_1_grt global_route
Running global_route.tcl, stage 5_1_grt
read_liberty /OpenROAD-flow-scripts/flow/platforms/nangate45/lib/NangateOpenCellLibrary_typical.lib
read_liberty /OpenROAD-flow-scripts/flow/designs/nangate45/tinyRocket/fakeram45_1024x32.lib
read_liberty /OpenROAD-flow-scripts/flow/designs/nangate45/tinyRocket/fakeram45_64x32.lib
read_db /work/results/nangate45/tinyRocket/base/4_cts.odb
read_sdc /work/results/nangate45/tinyRocket/base/4_cts.sdc
source /OpenROAD-flow-scripts/flow/platforms/nangate45/setRC.tcl
pin_access
[INFO DRT-0149] Reading tech and libs.

Units:                2000
Number of layers:     21
Number of macros:     137
Number of vias:       36
Number of viarulegen: 19

[INFO DRT-0150] Reading design.

Design:                   RocketTile
Die area:                 ( 0 0 ) ( 604800 604800 )
Number of track patterns: 20
Number of DEF vias:       0
Number of components:     29653
Number of terminals:      271
Number of snets:          2
Number of nets:           34334

[INFO DRT-0167] List of default vias:
  Layer via2
    default via: via2_5
  Layer via3
    default via: via3_2
  Layer via4
    default via: via4_0
  Layer via5
    default via: via5_0
  Layer via6
    default via: via6_0
  Layer via7
    default via: via7_0
  Layer via8
    default via: via8_0
  Layer via9
    default via: via9_0
[INFO DRT-0162] Library cell analysis.
[INFO DRT-0163] Instance analysis.
[INFO DRT-0164] Number of unique instances = 168.
[INFO DRT-0168] Init region query.
[INFO DRT-0024]   Complete active.
[INFO DRT-0024]   Complete Fr_VIA.
[INFO DRT-0024]   Complete metal1.
[INFO DRT-0024]   Complete via1.
[INFO DRT-0024]   Complete metal2.
[INFO DRT-0024]   Complete via2.
[INFO DRT-0024]   Complete metal3.
[INFO DRT-0024]   Complete via3.
[INFO DRT-0024]   Complete metal4.
[INFO DRT-0024]   Complete via4.
[INFO DRT-0024]   Complete metal5.
[INFO DRT-0024]   Complete via5.
[INFO DRT-0024]   Complete metal6.
[INFO DRT-0024]   Complete via6.
[INFO DRT-0024]   Complete metal7.
[INFO DRT-0024]   Complete via7.
[INFO DRT-0024]   Complete metal8.
[INFO DRT-0024]   Complete via8.
[INFO DRT-0024]   Complete metal9.
[INFO DRT-0024]   Complete via9.
[INFO DRT-0024]   Complete metal10.
[INFO DRT-0033] active shape region query size = 0.
[INFO DRT-0033] FR_VIA shape region query size = 0.
[INFO DRT-0033] metal1 shape region query size = 597123.
[INFO DRT-0033] via1 shape region query size = 3522.
[INFO DRT-0033] metal2 shape region query size = 2350.
[INFO DRT-0033] via2 shape region query size = 3522.
[INFO DRT-0033] metal3 shape region query size = 2772.
[INFO DRT-0033] via3 shape region query size = 3522.
[INFO DRT-0033] metal4 shape region query size = 1407.
[INFO DRT-0033] via4 shape region query size = 1328.
[INFO DRT-0033] metal5 shape region query size = 412.
[INFO DRT-0033] via5 shape region query size = 1532.
[INFO DRT-0033] metal6 shape region query size = 521.
[INFO DRT-0033] via6 shape region query size = 600.
[INFO DRT-0033] metal7 shape region query size = 170.
[INFO DRT-0033] via7 shape region query size = 0.
[INFO DRT-0033] metal8 shape region query size = 0.
[INFO DRT-0033] via8 shape region query size = 0.
[INFO DRT-0033] metal9 shape region query size = 0.
[INFO DRT-0033] via9 shape region query size = 0.
[INFO DRT-0033] metal10 shape region query size = 0.
[INFO DRT-0165] Start pin access.
[INFO DRT-0076]   Complete 1000 pins.
[INFO DRT-0078]   Complete 1199 pins.
[INFO DRT-0079]   Complete 100 unique inst patterns.
[INFO DRT-0081]   Complete 166 unique inst patterns.
[INFO DRT-0082]   Complete 10000 groups.
[INFO DRT-0084]   Complete 15737 groups.
#scanned instances     = 29653
#unique  instances     = 168
#stdCellGenAp          = 6199
#stdCellValidPlanarAp  = 0
#stdCellValidViaAp     = 4216
#stdCellPinNoAp        = 0
#stdCellPinCnt         = 103434
#instTermValidViaApCnt = 0
#macroGenAp            = 210
#macroValidPlanarAp    = 210
#macroValidViaAp       = 0
#macroNoAp             = 0
[INFO DRT-0166] Complete pin access.
[INFO DRT-0267] cpu time = 00:06:17, elapsed time = 00:00:26, memory = 207.02 (MB), peak = 216.80 (MB)
Took 26 seconds: pin_access
global_route -congestion_report_file /work/reports/nangate45/tinyRocket/base/congestion.rpt -congestion_iterations 30 -congestion_report_iter_step 5 -verbose
[INFO GRT-0020] Min routing layer: metal2
[INFO GRT-0021] Max routing layer: metal10
[INFO GRT-0022] Global adjustment: 0%
[INFO GRT-0023] Grid origin: (0, 0)
[INFO GRT-0088] Layer metal1  Track-Pitch = 0.1400  line-2-Via Pitch: 0.1350
[INFO GRT-0088] Layer metal2  Track-Pitch = 0.1900  line-2-Via Pitch: 0.1400
[INFO GRT-0088] Layer metal3  Track-Pitch = 0.1400  line-2-Via Pitch: 0.1400
[INFO GRT-0088] Layer metal4  Track-Pitch = 0.2800  line-2-Via Pitch: 0.2800
[INFO GRT-0088] Layer metal5  Track-Pitch = 0.2800  line-2-Via Pitch: 0.2800
[INFO GRT-0088] Layer metal6  Track-Pitch = 0.2800  line-2-Via Pitch: 0.2800
[INFO GRT-0088] Layer metal7  Track-Pitch = 0.8000  line-2-Via Pitch: 0.8000
[INFO GRT-0088] Layer metal8  Track-Pitch = 0.8000  line-2-Via Pitch: 0.8000
[INFO GRT-0088] Layer metal9  Track-Pitch = 1.6000  line-2-Via Pitch: 1.6000
[INFO GRT-0088] Layer metal10 Track-Pitch = 1.6000  line-2-Via Pitch: 1.6000
[INFO GRT-0003] Macros: 2
[INFO GRT-0004] Blockages: 236
[INFO GRT-0019] Found 633 clock nets.
[INFO GRT-0001] Minimum degree: 2
[INFO GRT-0002] Maximum degree: 51

[INFO GRT-0053] Routing resources analysis:
          Routing      Original      Derated      Resource
Layer     Direction    Resources     Resources    Reduction (%)
---------------------------------------------------------------
metal1     Horizontal          0             0          0.00%
metal2     Vertical       158454         74490          52.99%
metal3     Horizontal     218199        107217          50.86%
metal4     Vertical       107484         76065          29.23%
metal5     Horizontal     112293         79188          29.48%
metal6     Vertical       112475         79356          29.45%
metal7     Horizontal      34545         24360          29.48%
metal8     Vertical        39585         28455          28.12%
metal9     Horizontal      19740         11130          43.62%
metal10    Vertical        19740         11130          43.62%
---------------------------------------------------------------

[INFO GRT-0101] Running extra iterations to remove congestion.
[INFO GRT-0102] Start extra iteration 1/30
[INFO GRT-0197] Via related to pin nodes: 179065
[INFO GRT-0198] Via related Steiner nodes: 3357
[INFO GRT-0199] Via filling finished.
[INFO GRT-0111] Final number of vias: 228873
[INFO GRT-0112] Final usage 3D: 862504

[INFO GRT-0096] Final congestion report:
Layer         Resource        Demand        Usage (%)    Max H / Max V / Total Congestion
---------------------------------------------------------------------------------------
metal1               0             0            0.00%             0 /  0 /  0
metal2           74490         48541           65.16%             0 /  0 /  0
metal3          107217         64602           60.25%             0 /  0 /  0
metal4           76065         29468           38.74%             0 /  0 /  0
metal5           79188         25503           32.21%             0 /  0 /  0
metal6           79356          5306            6.69%             0 /  0 /  0
metal7           24360          2244            9.21%             0 /  0 /  0
metal8           28455            19            0.07%             0 /  0 /  0
metal9           11130           202            1.81%             0 /  0 /  0
metal10          11130             0            0.00%             0 /  0 /  0
---------------------------------------------------------------------------------------
Total           491391        175885           35.79%             0 /  0 /  0

[INFO GRT-0018] Total wirelength: 710345 um
[INFO GRT-0014] Routed nets: 29920
[INFO GRT-0303] Global routing runtime = 00:00:02
estimate_parasitics -global_routing
Perform buffer insertion and gate resizing...
repair_design -verbose
Iteration |   Area    | Resized | Buffers | Nets repaired | Remaining
---------------------------------------------------------------------
        0 |     +0.0% |       0 |       0 |             0 |     34784
     1000 |     +0.0% |       0 |       0 |             0 |     33784
     2000 |     +0.0% |       0 |       0 |             0 |     32784
     3000 |     +0.0% |       0 |       0 |             0 |     31784
     4000 |     +0.0% |       0 |       0 |             0 |     30784
     5000 |     +0.0% |       0 |       0 |             0 |     29784
[WARNING RSZ-0104] Net core/_10493_ only has one pin. Check if it is intended to be dangling.
     6000 |     +0.0% |       0 |       1 |             1 |     28784
     7000 |     +0.0% |       0 |       1 |             1 |     27784
     8000 |     +0.0% |       0 |       1 |             1 |     26784
[WARNING RSZ-0104] Net _2135_ only has one pin. Check if it is intended to be dangling.
     9000 |     +0.0% |       0 |       1 |             1 |     25784
[WARNING RSZ-0104] Net _2133_ only has one pin. Check if it is intended to be dangling.
[WARNING RSZ-0104] Net core/csr/_T_311\[28\] only has one pin. Check if it is intended to be dangling.
[WARNING RSZ-0104] Net core/csr/_T_311\[22\] only has one pin. Check if it is intended to be dangling.
[WARNING RSZ-0104] Net core/csr/_T_311\[26\] only has one pin. Check if it is intended to be dangling.
[WARNING RSZ-0104] Net core/csr/_T_311\[24\] only has one pin. Check if it is intended to be dangling.
    10000 |     +0.0% |       0 |       1 |             3 |     24784
[WARNING RSZ-0104] Net core/csr/_T_347\[28\] only has one pin. Check if it is intended to be dangling.
[WARNING RSZ-0104] Net core/csr/_T_293\[27\] only has one pin. Check if it is intended to be dangling.
[WARNING RSZ-0104] Net core/csr/_T_347\[29\] only has one pin. Check if it is intended to be dangling.
[WARNING RSZ-0104] Net core/csr/_T_302\[28\] only has one pin. Check if it is intended to be dangling.
[WARNING RSZ-0104] Net core/csr/_T_293\[25\] only has one pin. Check if it is intended to be dangling.
[WARNING RSZ-0104] Net core/csr/_T_293\[26\] only has one pin. Check if it is intended to be dangling.
[WARNING RSZ-0104] Net core/csr/_T_311\[18\] only has one pin. Check if it is intended to be dangling.
[WARNING RSZ-0104] Net core/csr/_T_311\[27\] only has one pin. Check if it is intended to be dangling.
[WARNING RSZ-0104] Net core/csr/_T_293\[23\] only has one pin. Check if it is intended to be dangling.
[WARNING RSZ-0104] Net core/csr/_T_347\[27\] only has one pin. Check if it is intended to be dangling.
[WARNING RSZ-0104] Net core/csr/_T_311\[20\] only has one pin. Check if it is intended to be dangling.
[WARNING RSZ-0104] Net core/csr/_T_347\[25\] only has one pin. Check if it is intended to be dangling.
[WARNING RSZ-0104] Net core/csr/_T_347\[26\] only has one pin. Check if it is intended to be dangling.
[WARNING RSZ-0104] Net core/csr/_T_320\[23\] only has one pin. Check if it is intended to be dangling.
[WARNING RSZ-0104] Net core/csr/_T_320\[27\] only has one pin. Check if it is intended to be dangling.
[WARNING RSZ-0104] Net core/csr/_T_347\[23\] only has one pin. Check if it is intended to be dangling.
[WARNING RSZ-0104] Net core/csr/_T_302\[24\] only has one pin. Check if it is intended to be dangling.
[WARNING RSZ-0104] Net core/csr/_T_302\[26\] only has one pin. Check if it is intended to be dangling.
[WARNING RSZ-0104] Net core/csr/_T_311\[25\] only has one pin. Check if it is intended to be dangling.
[WARNING RSZ-0104] Net core/csr/_T_311\[16\] only has one pin. Check if it is intended to be dangling.
[WARNING RSZ-0104] Net core/csr/_T_347\[24\] only has one pin. Check if it is intended to be dangling.
[WARNING RSZ-0104] Net core/csr/_T_338\[26\] only has one pin. Check if it is intended to be dangling.
[WARNING RSZ-0104] Net core/_10495_ only has one pin. Check if it is intended to be dangling.
    11000 |     +0.0% |       0 |       1 |             3 |     23784
[WARNING RSZ-0104] Net core/csr/_T_284\[23\] only has one pin. Check if it is intended to be dangling.
[WARNING RSZ-0104] Net core/csr/_T_284\[25\] only has one pin. Check if it is intended to be dangling.
[WARNING RSZ-0104] Net core/csr/_T_284\[27\] only has one pin. Check if it is intended to be dangling.
[WARNING RSZ-0104] Net core/csr/_T_284\[29\] only has one pin. Check if it is intended to be dangling.
[WARNING RSZ-0104] Net core/csr/_T_284\[26\] only has one pin. Check if it is intended to be dangling.
[WARNING RSZ-0104] Net core/csr/_T_284\[28\] only has one pin. Check if it is intended to be dangling.
[WARNING RSZ-0104] Net core/csr/_T_347\[22\] only has one pin. Check if it is intended to be dangling.
[WARNING RSZ-0104] Net core/csr/_T_347\[20\] only has one pin. Check if it is intended to be dangling.
[WARNING RSZ-0104] Net core/csr/_T_293\[19\] only has one pin. Check if it is intended to be dangling.
[WARNING RSZ-0104] Net core/csr/_T_338\[22\] only has one pin. Check if it is intended to be dangling.
[WARNING RSZ-0104] Net core/csr/_T_293\[24\] only has one pin. Check if it is intended to be dangling.
[WARNING RSZ-0104] Net core/csr/_T_347\[12\] only has one pin. Check if it is intended to be dangling.
[WARNING RSZ-0104] Net core/csr/_T_293\[21\] only has one pin. Check if it is intended to be dangling.
[WARNING RSZ-0104] Net core/csr/_T_293\[20\] only has one pin. Check if it is intended to be dangling.
[WARNING RSZ-0104] Net core/csr/_T_347\[19\] only has one pin. Check if it is intended to be dangling.
[WARNING RSZ-0104] Net core/csr/_T_338\[16\] only has one pin. Check if it is intended to be dangling.
[WARNING RSZ-0104] Net core/csr/_T_338\[24\] only has one pin. Check if it is intended to be dangling.
[WARNING RSZ-0104] Net core/csr/_T_329\[27\] only has one pin. Check if it is intended to be dangling.
[WARNING RSZ-0104] Net core/csr/_T_329\[28\] only has one pin. Check if it is intended to be dangling.
[WARNING RSZ-0104] Net core/csr/_T_311\[19\] only has one pin. Check if it is intended to be dangling.
[WARNING RSZ-0104] Net core/csr/_T_347\[21\] only has one pin. Check if it is intended to be dangling.
[WARNING RSZ-0104] Net core/csr/_T_302\[12\] only has one pin. Check if it is intended to be dangling.
[WARNING RSZ-0104] Net core/csr/_T_302\[29\] only has one pin. Check if it is intended to be dangling.
[WARNING RSZ-0104] Net core/csr/_T_311\[14\] only has one pin. Check if it is intended to be dangling.
[WARNING RSZ-0104] Net core/csr/_T_302\[14\] only has one pin. Check if it is intended to be dangling.
[WARNING RSZ-0104] Net core/csr/_T_302\[15\] only has one pin. Check if it is intended to be dangling.
[WARNING RSZ-0104] Net core/csr/_T_302\[16\] only has one pin. Check if it is intended to be dangling.
[WARNING RSZ-0104] Net core/csr/_T_302\[20\] only has one pin. Check if it is intended to be dangling.
[WARNING RSZ-0104] Net core/csr/_T_320\[28\] only has one pin. Check if it is intended to be dangling.
[WARNING RSZ-0104] Net core/csr/_T_320\[29\] only has one pin. Check if it is intended to be dangling.
[WARNING RSZ-0104] Net core/csr/_T_320\[24\] only has one pin. Check if it is intended to be dangling.
[WARNING RSZ-0104] Net core/csr/_T_320\[25\] only has one pin. Check if it is intended to be dangling.
[WARNING RSZ-0104] Net core/csr/_T_302\[22\] only has one pin. Check if it is intended to be dangling.
[WARNING RSZ-0104] Net core/csr/_T_320\[26\] only has one pin. Check if it is intended to be dangling.
[WARNING RSZ-0104] Net core/csr/_T_320\[21\] only has one pin. Check if it is intended to be dangling.
[WARNING RSZ-0104] Net core/csr/_T_320\[19\] only has one pin. Check if it is intended to be dangling.
[WARNING RSZ-0104] Net core/csr/_T_347\[15\] only has one pin. Check if it is intended to be dangling.
[WARNING RSZ-0104] Net core/csr/_T_302\[25\] only has one pin. Check if it is intended to be dangling.
[WARNING RSZ-0104] Net core/csr/_T_338\[28\] only has one pin. Check if it is intended to be dangling.
[WARNING RSZ-0104] Net core/csr/_T_302\[27\] only has one pin. Check if it is intended to be dangling.
[WARNING RSZ-0104] Net core/csr/_T_293\[18\] only has one pin. Check if it is intended to be dangling.
[WARNING RSZ-0104] Net core/csr/_T_311\[23\] only has one pin. Check if it is intended to be dangling.
[WARNING RSZ-0104] Net core/csr/_T_347\[16\] only has one pin. Check if it is intended to be dangling.
[WARNING RSZ-0104] Net core/csr/_T_293\[29\] only has one pin. Check if it is intended to be dangling.
[WARNING RSZ-0104] Net core/csr/_T_311\[21\] only has one pin. Check if it is intended to be dangling.
[WARNING RSZ-0104] Net core/csr/_T_311\[29\] only has one pin. Check if it is intended to be dangling.
[WARNING RSZ-0104] Net core/csr/_T_293\[16\] only has one pin. Check if it is intended to be dangling.
[WARNING RSZ-0104] Net core/csr/_T_284\[19\] only has one pin. Check if it is intended to be dangling.
    12000 |     +0.0% |       0 |       1 |             3 |     22784
[WARNING RSZ-0104] Net core/csr/_T_284\[18\] only has one pin. Check if it is intended to be dangling.
    13000 |     +0.0% |       0 |       1 |             3 |     21784
[WARNING RSZ-0104] Net core/csr/_T_284\[22\] only has one pin. Check if it is intended to be dangling.
[WARNING RSZ-0104] Net core/csr/_T_329\[23\] only has one pin. Check if it is intended to be dangling.
[WARNING RSZ-0104] Net core/csr/_T_338\[21\] only has one pin. Check if it is intended to be dangling.
[WARNING RSZ-0104] Net core/csr/_T_338\[27\] only has one pin. Check if it is intended to be dangling.
[WARNING RSZ-0104] Net core/csr/_T_284\[20\] only has one pin. Check if it is intended to be dangling.
[WARNING RSZ-0104] Net core/csr/_T_284\[21\] only has one pin. Check if it is intended to be dangling.
[WARNING RSZ-0104] Net core/csr/_T_284\[24\] only has one pin. Check if it is intended to be dangling.
[WARNING RSZ-0104] Net core/csr/_T_338\[20\] only has one pin. Check if it is intended to be dangling.
[WARNING RSZ-0104] Net core/csr/_T_329\[22\] only has one pin. Check if it is intended to be dangling.
[WARNING RSZ-0104] Net core/csr/_T_338\[14\] only has one pin. Check if it is intended to be dangling.
[WARNING RSZ-0104] Net core/csr/_T_338\[23\] only has one pin. Check if it is intended to be dangling.
[WARNING RSZ-0104] Net core/csr/_T_293\[14\] only has one pin. Check if it is intended to be dangling.
[WARNING RSZ-0104] Net core/csr/_T_347\[13\] only has one pin. Check if it is intended to be dangling.
[WARNING RSZ-0104] Net core/csr/_T_329\[24\] only has one pin. Check if it is intended to be dangling.
[WARNING RSZ-0104] Net core/csr/_T_338\[25\] only has one pin. Check if it is intended to be dangling.
[WARNING RSZ-0104] Net core/csr/_T_329\[25\] only has one pin. Check if it is intended to be dangling.
[WARNING RSZ-0104] Net core/csr/_T_347\[14\] only has one pin. Check if it is intended to be dangling.
[WARNING RSZ-0104] Net core/csr/_T_338\[18\] only has one pin. Check if it is intended to be dangling.
[WARNING RSZ-0104] Net core/csr/_T_302\[10\] only has one pin. Check if it is intended to be dangling.
[WARNING RSZ-0104] Net core/csr/_T_302\[11\] only has one pin. Check if it is intended to be dangling.
[WARNING RSZ-0104] Net core/csr/_T_329\[16\] only has one pin. Check if it is intended to be dangling.
[WARNING RSZ-0104] Net core/csr/_T_329\[26\] only has one pin. Check if it is intended to be dangling.
[WARNING RSZ-0104] Net core/csr/_T_302\[13\] only has one pin. Check if it is intended to be dangling.
[WARNING RSZ-0104] Net core/csr/_T_302\[18\] only has one pin. Check if it is intended to be dangling.
[WARNING RSZ-0104] Net core/csr/_T_302\[19\] only has one pin. Check if it is intended to be dangling.
[WARNING RSZ-0104] Net core/csr/_T_347\[11\] only has one pin. Check if it is intended to be dangling.
[WARNING RSZ-0104] Net core/csr/_T_347\[10\] only has one pin. Check if it is intended to be dangling.
[WARNING RSZ-0104] Net core/csr/_T_347\[17\] only has one pin. Check if it is intended to be dangling.
[WARNING RSZ-0104] Net core/csr/_T_302\[17\] only has one pin. Check if it is intended to be dangling.
[WARNING RSZ-0104] Net core/csr/_T_347\[18\] only has one pin. Check if it is intended to be dangling.
[WARNING RSZ-0104] Net core/csr/_T_302\[21\] only has one pin. Check if it is intended to be dangling.
[WARNING RSZ-0104] Net core/csr/_T_302\[23\] only has one pin. Check if it is intended to be dangling.
[WARNING RSZ-0104] Net core/csr/_T_320\[22\] only has one pin. Check if it is intended to be dangling.
[WARNING RSZ-0104] Net core/csr/_T_320\[20\] only has one pin. Check if it is intended to be dangling.
[WARNING RSZ-0104] Net core/csr/_T_320\[17\] only has one pin. Check if it is intended to be dangling.
[WARNING RSZ-0104] Net core/csr/_T_320\[18\] only has one pin. Check if it is intended to be dangling.
[WARNING RSZ-0104] Net core/csr/_T_320\[14\] only has one pin. Check if it is intended to be dangling.
[WARNING RSZ-0104] Net core/csr/_T_329\[29\] only has one pin. Check if it is intended to be dangling.
[WARNING RSZ-0104] Net core/csr/_T_293\[17\] only has one pin. Check if it is intended to be dangling.
[WARNING RSZ-0104] Net core/csr/_T_311\[17\] only has one pin. Check if it is intended to be dangling.
[WARNING RSZ-0104] Net core/csr/_T_338\[29\] only has one pin. Check if it is intended to be dangling.
[WARNING RSZ-0104] Net core/csr/_T_293\[22\] only has one pin. Check if it is intended to be dangling.
[WARNING RSZ-0104] Net core/csr/_T_338\[12\] only has one pin. Check if it is intended to be dangling.
[WARNING RSZ-0104] Net core/csr/_T_284\[17\] only has one pin. Check if it is intended to be dangling.
[WARNING RSZ-0104] Net core/csr/_T_284\[16\] only has one pin. Check if it is intended to be dangling.
[WARNING RSZ-0104] Net core/csr/_T_284\[15\] only has one pin. Check if it is intended to be dangling.
[WARNING RSZ-0104] Net core/csr/_T_284\[13\] only has one pin. Check if it is intended to be dangling.
[WARNING RSZ-0104] Net core/csr/_T_293\[28\] only has one pin. Check if it is intended to be dangling.
    14000 |     +0.0% |       0 |       1 |             3 |     20784
[WARNING RSZ-0104] Net core/csr/_T_329\[14\] only has one pin. Check if it is intended to be dangling.
[WARNING RSZ-0104] Net core/csr/_T_338\[15\] only has one pin. Check if it is intended to be dangling.
[WARNING RSZ-0104] Net core/csr/_T_311\[12\] only has one pin. Check if it is intended to be dangling.
[WARNING RSZ-0104] Net core/csr/_T_293\[15\] only has one pin. Check if it is intended to be dangling.
[WARNING RSZ-0104] Net core/csr/_T_338\[11\] only has one pin. Check if it is intended to be dangling.
[WARNING RSZ-0104] Net core/csr/_T_302\[8\] only has one pin. Check if it is intended to be dangling.
[WARNING RSZ-0104] Net core/csr/_T_338\[9\] only has one pin. Check if it is intended to be dangling.
[WARNING RSZ-0104] Net core/csr/_T_311\[10\] only has one pin. Check if it is intended to be dangling.
[WARNING RSZ-0104] Net core/csr/_T_311\[9\] only has one pin. Check if it is intended to be dangling.
[WARNING RSZ-0104] Net core/csr/_T_338\[17\] only has one pin. Check if it is intended to be dangling.
[WARNING RSZ-0104] Net core/csr/_T_338\[10\] only has one pin. Check if it is intended to be dangling.
[WARNING RSZ-0104] Net core/csr/_T_329\[11\] only has one pin. Check if it is intended to be dangling.
[WARNING RSZ-0104] Net core/csr/_T_338\[13\] only has one pin. Check if it is intended to be dangling.
[WARNING RSZ-0104] Net core/csr/_T_320\[16\] only has one pin. Check if it is intended to be dangling.
[WARNING RSZ-0104] Net core/csr/_T_320\[12\] only has one pin. Check if it is intended to be dangling.
[WARNING RSZ-0104] Net core/csr/_T_320\[13\] only has one pin. Check if it is intended to be dangling.
[WARNING RSZ-0104] Net core/csr/_T_320\[15\] only has one pin. Check if it is intended to be dangling.
[WARNING RSZ-0104] Net core/csr/_T_320\[10\] only has one pin. Check if it is intended to be dangling.
[WARNING RSZ-0104] Net core/csr/_T_338\[19\] only has one pin. Check if it is intended to be dangling.
[WARNING RSZ-0104] Net core/csr/_T_311\[8\] only has one pin. Check if it is intended to be dangling.
[WARNING RSZ-0104] Net core/csr/_T_311\[15\] only has one pin. Check if it is intended to be dangling.
[WARNING RSZ-0104] Net core/csr/_T_284\[14\] only has one pin. Check if it is intended to be dangling.
[WARNING RSZ-0104] Net core/csr/_T_284\[11\] only has one pin. Check if it is intended to be dangling.
[WARNING RSZ-0104] Net core/csr/_T_284\[12\] only has one pin. Check if it is intended to be dangling.
[WARNING RSZ-0104] Net core/csr/_T_284\[10\] only has one pin. Check if it is intended to be dangling.
    15000 |     +0.0% |       0 |       2 |             6 |     19784
[WARNING RSZ-0104] Net core/csr/_T_329\[15\] only has one pin. Check if it is intended to be dangling.
[WARNING RSZ-0104] Net core/csr/_T_329\[21\] only has one pin. Check if it is intended to be dangling.
[WARNING RSZ-0104] Net core/csr/_T_284\[6\] only has one pin. Check if it is intended to be dangling.
[WARNING RSZ-0104] Net core/csr/_T_338\[7\] only has one pin. Check if it is intended to be dangling.
[WARNING RSZ-0104] Net core/csr/_T_338\[8\] only has one pin. Check if it is intended to be dangling.
[WARNING RSZ-0104] Net core/csr/_T_329\[9\] only has one pin. Check if it is intended to be dangling.
[WARNING RSZ-0104] Net core/csr/_T_329\[17\] only has one pin. Check if it is intended to be dangling.
[WARNING RSZ-0104] Net core/csr/_T_329\[8\] only has one pin. Check if it is intended to be dangling.
[WARNING RSZ-0104] Net core/csr/_T_329\[12\] only has one pin. Check if it is intended to be dangling.
[WARNING RSZ-0104] Net core/csr/_T_329\[19\] only has one pin. Check if it is intended to be dangling.
[WARNING RSZ-0104] Net core/csr/_T_329\[20\] only has one pin. Check if it is intended to be dangling.
[WARNING RSZ-0104] Net core/csr/_T_311\[6\] only has one pin. Check if it is intended to be dangling.
[WARNING RSZ-0104] Net core/csr/_T_302\[9\] only has one pin. Check if it is intended to be dangling.
[WARNING RSZ-0104] Net core/csr/_T_347\[9\] only has one pin. Check if it is intended to be dangling.
[WARNING RSZ-0104] Net core/csr/_T_329\[6\] only has one pin. Check if it is intended to be dangling.
[WARNING RSZ-0104] Net core/csr/_T_320\[11\] only has one pin. Check if it is intended to be dangling.
[WARNING RSZ-0104] Net core/csr/_T_320\[9\] only has one pin. Check if it is intended to be dangling.
[WARNING RSZ-0104] Net core/csr/_T_320\[8\] only has one pin. Check if it is intended to be dangling.
[WARNING RSZ-0104] Net core/csr/_T_329\[18\] only has one pin. Check if it is intended to be dangling.
[WARNING RSZ-0104] Net core/csr/_T_293\[13\] only has one pin. Check if it is intended to be dangling.
[WARNING RSZ-0104] Net core/csr/_T_311\[7\] only has one pin. Check if it is intended to be dangling.
[WARNING RSZ-0104] Net core/csr/_T_311\[13\] only has one pin. Check if it is intended to be dangling.
[WARNING RSZ-0104] Net core/csr/_T_284\[8\] only has one pin. Check if it is intended to be dangling.
[WARNING RSZ-0104] Net core/csr/_T_284\[9\] only has one pin. Check if it is intended to be dangling.
[WARNING RSZ-0104] Net core/csr/_T_329\[10\] only has one pin. Check if it is intended to be dangling.
    16000 |     +0.0% |       0 |       2 |             7 |     18784
[WARNING RSZ-0104] Net core/_10497_ only has one pin. Check if it is intended to be dangling.
    17000 |     +0.0% |       0 |       4 |            10 |     17784
[WARNING RSZ-0104] Net core/csr/_T_329\[7\] only has one pin. Check if it is intended to be dangling.
[WARNING RSZ-0104] Net core/csr/_T_329\[13\] only has one pin. Check if it is intended to be dangling.
[WARNING RSZ-0104] Net core/csr/_T_338\[6\] only has one pin. Check if it is intended to be dangling.
[WARNING RSZ-0104] Net core/csr/_T_293\[6\] only has one pin. Check if it is intended to be dangling.
[WARNING RSZ-0104] Net core/csr/_T_293\[7\] only has one pin. Check if it is intended to be dangling.
[WARNING RSZ-0104] Net core/csr/_T_293\[12\] only has one pin. Check if it is intended to be dangling.
[WARNING RSZ-0104] Net core/csr/_T_293\[9\] only has one pin. Check if it is intended to be dangling.
[WARNING RSZ-0104] Net core/csr/_T_293\[11\] only has one pin. Check if it is intended to be dangling.
[WARNING RSZ-0104] Net core/csr/_T_320\[6\] only has one pin. Check if it is intended to be dangling.
[WARNING RSZ-0104] Net core/csr/_T_320\[7\] only has one pin. Check if it is intended to be dangling.
[WARNING RSZ-0104] Net core/csr/_T_347\[7\] only has one pin. Check if it is intended to be dangling.
[WARNING RSZ-0104] Net core/csr/_T_302\[6\] only has one pin. Check if it is intended to be dangling.
[WARNING RSZ-0104] Net core/csr/_T_302\[7\] only has one pin. Check if it is intended to be dangling.
[WARNING RSZ-0104] Net core/csr/_T_347\[8\] only has one pin. Check if it is intended to be dangling.
[WARNING RSZ-0104] Net core/csr/_T_293\[10\] only has one pin. Check if it is intended to be dangling.
[WARNING RSZ-0104] Net core/csr/_T_293\[8\] only has one pin. Check if it is intended to be dangling.
[WARNING RSZ-0104] Net core/csr/_T_293\[5\] only has one pin. Check if it is intended to be dangling.
[WARNING RSZ-0104] Net core/csr/_T_338\[5\] only has one pin. Check if it is intended to be dangling.
[WARNING RSZ-0104] Net core/csr/_T_311\[5\] only has one pin. Check if it is intended to be dangling.
[WARNING RSZ-0104] Net core/csr/_T_311\[11\] only has one pin. Check if it is intended to be dangling.
[WARNING RSZ-0104] Net core/csr/_T_284\[7\] only has one pin. Check if it is intended to be dangling.
[WARNING RSZ-0104] Net core/_10496_ only has one pin. Check if it is intended to be dangling.
    18000 |     +0.0% |       0 |       4 |            10 |     16784
[WARNING RSZ-0104] Net frontend/_3625_ only has one pin. Check if it is intended to be dangling.
[WARNING RSZ-0104] Net frontend/_3608_ only has one pin. Check if it is intended to be dangling.
[WARNING RSZ-0104] Net frontend/_3607_ only has one pin. Check if it is intended to be dangling.
[WARNING RSZ-0104] Net frontend/_3606_ only has one pin. Check if it is intended to be dangling.
[WARNING RSZ-0104] Net frontend/_3603_ only has one pin. Check if it is intended to be dangling.
[WARNING RSZ-0104] Net frontend/_3580_ only has one pin. Check if it is intended to be dangling.
[WARNING RSZ-0104] Net frontend/_3576_ only has one pin. Check if it is intended to be dangling.
[WARNING RSZ-0104] Net frontend/_3552_ only has one pin. Check if it is intended to be dangling.
[WARNING RSZ-0104] Net frontend/_3547_ only has one pin. Check if it is intended to be dangling.
[WARNING RSZ-0104] Net frontend/_3544_ only has one pin. Check if it is intended to be dangling.
[WARNING RSZ-0104] Net frontend/_3543_ only has one pin. Check if it is intended to be dangling.
[WARNING RSZ-0104] Net frontend/_3540_ only has one pin. Check if it is intended to be dangling.
[WARNING RSZ-0104] Net frontend/_3538_ only has one pin. Check if it is intended to be dangling.
[WARNING RSZ-0104] Net frontend/_3537_ only has one pin. Check if it is intended to be dangling.
[WARNING RSZ-0104] Net frontend/_3535_ only has one pin. Check if it is intended to be dangling.
[WARNING RSZ-0104] Net frontend/_3523_ only has one pin. Check if it is intended to be dangling.
[WARNING RSZ-0104] Net frontend/_3522_ only has one pin. Check if it is intended to be dangling.
[WARNING RSZ-0104] Net frontend/_3521_ only has one pin. Check if it is intended to be dangling.
[WARNING RSZ-0104] Net frontend/_3519_ only has one pin. Check if it is intended to be dangling.
[WARNING RSZ-0104] Net frontend/_3515_ only has one pin. Check if it is intended to be dangling.
[WARNING RSZ-0104] Net frontend/_3514_ only has one pin. Check if it is intended to be dangling.
[WARNING RSZ-0104] Net frontend/_3513_ only has one pin. Check if it is intended to be dangling.
[WARNING RSZ-0104] Net frontend/_3511_ only has one pin. Check if it is intended to be dangling.
[WARNING RSZ-0104] Net frontend/_3507_ only has one pin. Check if it is intended to be dangling.
[WARNING RSZ-0104] Net frontend/_3505_ only has one pin. Check if it is intended to be dangling.
[WARNING RSZ-0104] Net frontend/_3489_ only has one pin. Check if it is intended to be dangling.
[WARNING RSZ-0104] Net frontend/_3488_ only has one pin. Check if it is intended to be dangling.
[WARNING RSZ-0104] Net frontend/_3487_ only has one pin. Check if it is intended to be dangling.
[WARNING RSZ-0104] Net frontend/_3486_ only has one pin. Check if it is intended to be dangling.
[WARNING RSZ-0104] Net frontend/_3485_ only has one pin. Check if it is intended to be dangling.
[WARNING RSZ-0104] Net frontend/_3465_ only has one pin. Check if it is intended to be dangling.
[WARNING RSZ-0104] Net frontend/_3464_ only has one pin. Check if it is intended to be dangling.
[WARNING RSZ-0104] Net frontend/_3455_ only has one pin. Check if it is intended to be dangling.
[WARNING RSZ-0104] Net frontend/_3434_ only has one pin. Check if it is intended to be dangling.
[WARNING RSZ-0104] Net frontend/_3433_ only has one pin. Check if it is intended to be dangling.
[WARNING RSZ-0104] Net frontend/_3432_ only has one pin. Check if it is intended to be dangling.
[WARNING RSZ-0104] Net dcache/_3540_ only has one pin. Check if it is intended to be dangling.
[WARNING RSZ-0104] Net dcache/_3539_ only has one pin. Check if it is intended to be dangling.
[WARNING RSZ-0104] Net dcache/_3523_ only has one pin. Check if it is intended to be dangling.
[WARNING RSZ-0104] Net dcache/_3521_ only has one pin. Check if it is intended to be dangling.
[WARNING RSZ-0104] Net dcache/_3520_ only has one pin. Check if it is intended to be dangling.
[WARNING RSZ-0104] Net dcache/_3519_ only has one pin. Check if it is intended to be dangling.
[WARNING RSZ-0104] Net dcache/_3516_ only has one pin. Check if it is intended to be dangling.
[WARNING RSZ-0104] Net dcache/_3495_ only has one pin. Check if it is intended to be dangling.
[WARNING RSZ-0104] Net dcache/_3490_ only has one pin. Check if it is intended to be dangling.
[WARNING RSZ-0104] Net dcache/_3485_ only has one pin. Check if it is intended to be dangling.
[WARNING RSZ-0104] Net dcache/_3484_ only has one pin. Check if it is intended to be dangling.
[WARNING RSZ-0104] Net dcache/_3468_ only has one pin. Check if it is intended to be dangling.
[WARNING RSZ-0104] Net dcache/_3466_ only has one pin. Check if it is intended to be dangling.
[WARNING RSZ-0104] Net dcache/_3462_ only has one pin. Check if it is intended to be dangling.
[WARNING RSZ-0104] Net dcache/_3459_ only has one pin. Check if it is intended to be dangling.
[WARNING RSZ-0104] Net dcache/_3458_ only has one pin. Check if it is intended to be dangling.
[WARNING RSZ-0104] Net dcache/_3455_ only has one pin. Check if it is intended to be dangling.
[WARNING RSZ-0104] Net dcache/_3453_ only has one pin. Check if it is intended to be dangling.
[WARNING RSZ-0104] Net dcache/_3452_ only has one pin. Check if it is intended to be dangling.
[WARNING RSZ-0104] Net dcache/_3450_ only has one pin. Check if it is intended to be dangling.
[WARNING RSZ-0104] Net dcache/_3439_ only has one pin. Check if it is intended to be dangling.
[WARNING RSZ-0104] Net dcache/_3437_ only has one pin. Check if it is intended to be dangling.
[WARNING RSZ-0104] Net dcache/_3435_ only has one pin. Check if it is intended to be dangling.
[WARNING RSZ-0104] Net dcache/_3431_ only has one pin. Check if it is intended to be dangling.
[WARNING RSZ-0104] Net dcache/_3430_ only has one pin. Check if it is intended to be dangling.
[WARNING RSZ-0104] Net dcache/_3429_ only has one pin. Check if it is intended to be dangling.
[WARNING RSZ-0104] Net dcache/_3425_ only has one pin. Check if it is intended to be dangling.
[WARNING RSZ-0104] Net dcache/_3423_ only has one pin. Check if it is intended to be dangling.
[WARNING RSZ-0104] Net dcache/_3413_ only has one pin. Check if it is intended to be dangling.
[WARNING RSZ-0104] Net dcache/_3411_ only has one pin. Check if it is intended to be dangling.
[WARNING RSZ-0104] Net dcache/_3407_ only has one pin. Check if it is intended to be dangling.
[WARNING RSZ-0104] Net dcache/_3406_ only has one pin. Check if it is intended to be dangling.
[WARNING RSZ-0104] Net dcache/_3405_ only has one pin. Check if it is intended to be dangling.
[WARNING RSZ-0104] Net dcache/_3404_ only has one pin. Check if it is intended to be dangling.
[WARNING RSZ-0104] Net dcache/_3403_ only has one pin. Check if it is intended to be dangling.
[WARNING RSZ-0104] Net dcache/_3402_ only has one pin. Check if it is intended to be dangling.
[WARNING RSZ-0104] Net dcache/_3387_ only has one pin. Check if it is intended to be dangling.
[WARNING RSZ-0104] Net dcache/_3385_ only has one pin. Check if it is intended to be dangling.
[WARNING RSZ-0104] Net dcache/_3376_ only has one pin. Check if it is intended to be dangling.
[WARNING RSZ-0104] Net dcache/_3358_ only has one pin. Check if it is intended to be dangling.
[WARNING RSZ-0104] Net dcache/_3356_ only has one pin. Check if it is intended to be dangling.
[WARNING RSZ-0104] Net dcache/_3355_ only has one pin. Check if it is intended to be dangling.
[WARNING RSZ-0104] Net dcache/_3354_ only has one pin. Check if it is intended to be dangling.
    19000 |     +0.0% |       0 |       4 |            10 |     15784
[WARNING RSZ-0104] Net core/div/_2440_ only has one pin. Check if it is intended to be dangling.
[WARNING RSZ-0104] Net core/csr/_T_347\[6\] only has one pin. Check if it is intended to be dangling.
[WARNING RSZ-0104] Net core/csr/_T_311\[4\] only has one pin. Check if it is intended to be dangling.
[WARNING RSZ-0104] Net core/csr/_T_338\[4\] only has one pin. Check if it is intended to be dangling.
[WARNING RSZ-0104] Net core/csr/_T_284\[4\] only has one pin. Check if it is intended to be dangling.
[WARNING RSZ-0104] Net core/csr/_T_284\[5\] only has one pin. Check if it is intended to be dangling.
[WARNING RSZ-0104] Net core/csr/_T_293\[4\] only has one pin. Check if it is intended to be dangling.
[WARNING RSZ-0104] Net core/csr/_T_347\[5\] only has one pin. Check if it is intended to be dangling.
[WARNING RSZ-0104] Net core/csr/_T_338\[3\] only has one pin. Check if it is intended to be dangling.
[WARNING RSZ-0104] Net core/csr/_T_329\[5\] only has one pin. Check if it is intended to be dangling.
[WARNING RSZ-0104] Net core/csr/_T_329\[4\] only has one pin. Check if it is intended to be dangling.
[WARNING RSZ-0104] Net core/csr/_T_320\[5\] only has one pin. Check if it is intended to be dangling.
[WARNING RSZ-0104] Net core/csr/_T_320\[4\] only has one pin. Check if it is intended to be dangling.
[WARNING RSZ-0104] Net core/csr/_T_347\[4\] only has one pin. Check if it is intended to be dangling.
[WARNING RSZ-0104] Net core/csr/_T_302\[3\] only has one pin. Check if it is intended to be dangling.
[WARNING RSZ-0104] Net core/csr/_T_302\[4\] only has one pin. Check if it is intended to be dangling.
[WARNING RSZ-0104] Net core/csr/_T_302\[5\] only has one pin. Check if it is intended to be dangling.
[WARNING RSZ-0104] Net core/csr/_T_347\[3\] only has one pin. Check if it is intended to be dangling.
[WARNING RSZ-0104] Net core/csr/_T_293\[3\] only has one pin. Check if it is intended to be dangling.
    20000 |     +0.0% |       0 |       5 |            11 |     14784
[WARNING RSZ-0104] Net frontend/_3643_ only has one pin. Check if it is intended to be dangling.
[WARNING RSZ-0104] Net frontend/_3642_ only has one pin. Check if it is intended to be dangling.
[WARNING RSZ-0104] Net frontend/_3641_ only has one pin. Check if it is intended to be dangling.
[WARNING RSZ-0104] Net frontend/_3640_ only has one pin. Check if it is intended to be dangling.
[WARNING RSZ-0104] Net frontend/_3639_ only has one pin. Check if it is intended to be dangling.
[WARNING RSZ-0104] Net frontend/_3638_ only has one pin. Check if it is intended to be dangling.
[WARNING RSZ-0104] Net frontend/_3637_ only has one pin. Check if it is intended to be dangling.
[WARNING RSZ-0104] Net frontend/_3636_ only has one pin. Check if it is intended to be dangling.
[WARNING RSZ-0104] Net frontend/_3635_ only has one pin. Check if it is intended to be dangling.
[WARNING RSZ-0104] Net frontend/_3634_ only has one pin. Check if it is intended to be dangling.
[WARNING RSZ-0104] Net frontend/_3633_ only has one pin. Check if it is intended to be dangling.
[WARNING RSZ-0104] Net frontend/_3632_ only has one pin. Check if it is intended to be dangling.
[WARNING RSZ-0104] Net frontend/_3631_ only has one pin. Check if it is intended to be dangling.
[WARNING RSZ-0104] Net frontend/_3630_ only has one pin. Check if it is intended to be dangling.
[WARNING RSZ-0104] Net frontend/_3629_ only has one pin. Check if it is intended to be dangling.
[WARNING RSZ-0104] Net frontend/_3628_ only has one pin. Check if it is intended to be dangling.
[WARNING RSZ-0104] Net frontend/_3627_ only has one pin. Check if it is intended to be dangling.
[WARNING RSZ-0104] Net frontend/_3626_ only has one pin. Check if it is intended to be dangling.
[WARNING RSZ-0104] Net frontend/_3624_ only has one pin. Check if it is intended to be dangling.
[WARNING RSZ-0104] Net frontend/_3623_ only has one pin. Check if it is intended to be dangling.
[WARNING RSZ-0104] Net frontend/_3622_ only has one pin. Check if it is intended to be dangling.
[WARNING RSZ-0104] Net frontend/_3621_ only has one pin. Check if it is intended to be dangling.
[WARNING RSZ-0104] Net frontend/_3620_ only has one pin. Check if it is intended to be dangling.
[WARNING RSZ-0104] Net frontend/_3619_ only has one pin. Check if it is intended to be dangling.
[WARNING RSZ-0104] Net frontend/_3618_ only has one pin. Check if it is intended to be dangling.
[WARNING RSZ-0104] Net frontend/_3617_ only has one pin. Check if it is intended to be dangling.
[WARNING RSZ-0104] Net frontend/_3616_ only has one pin. Check if it is intended to be dangling.
[WARNING RSZ-0104] Net frontend/_3615_ only has one pin. Check if it is intended to be dangling.
[WARNING RSZ-0104] Net frontend/_3614_ only has one pin. Check if it is intended to be dangling.
[WARNING RSZ-0104] Net frontend/_3613_ only has one pin. Check if it is intended to be dangling.
[WARNING RSZ-0104] Net frontend/_3612_ only has one pin. Check if it is intended to be dangling.
[WARNING RSZ-0104] Net frontend/_3611_ only has one pin. Check if it is intended to be dangling.
[WARNING RSZ-0104] Net frontend/_3610_ only has one pin. Check if it is intended to be dangling.
[WARNING RSZ-0104] Net frontend/_3609_ only has one pin. Check if it is intended to be dangling.
[WARNING RSZ-0104] Net frontend/_3605_ only has one pin. Check if it is intended to be dangling.
[WARNING RSZ-0104] Net frontend/_3604_ only has one pin. Check if it is intended to be dangling.
[WARNING RSZ-0104] Net frontend/_3602_ only has one pin. Check if it is intended to be dangling.
[WARNING RSZ-0104] Net frontend/_3601_ only has one pin. Check if it is intended to be dangling.
[WARNING RSZ-0104] Net frontend/_3600_ only has one pin. Check if it is intended to be dangling.
[WARNING RSZ-0104] Net frontend/_3599_ only has one pin. Check if it is intended to be dangling.
[WARNING RSZ-0104] Net frontend/_3598_ only has one pin. Check if it is intended to be dangling.
[WARNING RSZ-0104] Net frontend/_3597_ only has one pin. Check if it is intended to be dangling.
[WARNING RSZ-0104] Net frontend/_3596_ only has one pin. Check if it is intended to be dangling.
[WARNING RSZ-0104] Net frontend/_3595_ only has one pin. Check if it is intended to be dangling.
[WARNING RSZ-0104] Net frontend/_3594_ only has one pin. Check if it is intended to be dangling.
[WARNING RSZ-0104] Net frontend/_3593_ only has one pin. Check if it is intended to be dangling.
[WARNING RSZ-0104] Net frontend/_3592_ only has one pin. Check if it is intended to be dangling.
[WARNING RSZ-0104] Net frontend/_3591_ only has one pin. Check if it is intended to be dangling.
[WARNING RSZ-0104] Net frontend/_3590_ only has one pin. Check if it is intended to be dangling.
[WARNING RSZ-0104] Net frontend/_3589_ only has one pin. Check if it is intended to be dangling.
[WARNING RSZ-0104] Net frontend/_3588_ only has one pin. Check if it is intended to be dangling.
[WARNING RSZ-0104] Net frontend/_3587_ only has one pin. Check if it is intended to be dangling.
[WARNING RSZ-0104] Net frontend/_3586_ only has one pin. Check if it is intended to be dangling.
[WARNING RSZ-0104] Net frontend/_3585_ only has one pin. Check if it is intended to be dangling.
[WARNING RSZ-0104] Net frontend/_3584_ only has one pin. Check if it is intended to be dangling.
[WARNING RSZ-0104] Net frontend/_3583_ only has one pin. Check if it is intended to be dangling.
[WARNING RSZ-0104] Net frontend/_3582_ only has one pin. Check if it is intended to be dangling.
[WARNING RSZ-0104] Net frontend/_3581_ only has one pin. Check if it is intended to be dangling.
[WARNING RSZ-0104] Net frontend/_3579_ only has one pin. Check if it is intended to be dangling.
[WARNING RSZ-0104] Net frontend/_3578_ only has one pin. Check if it is intended to be dangling.
[WARNING RSZ-0104] Net frontend/_3577_ only has one pin. Check if it is intended to be dangling.
[WARNING RSZ-0104] Net frontend/_3575_ only has one pin. Check if it is intended to be dangling.
[WARNING RSZ-0104] Net frontend/_3574_ only has one pin. Check if it is intended to be dangling.
[WARNING RSZ-0104] Net frontend/_3573_ only has one pin. Check if it is intended to be dangling.
[WARNING RSZ-0104] Net frontend/_3572_ only has one pin. Check if it is intended to be dangling.
[WARNING RSZ-0104] Net frontend/_3571_ only has one pin. Check if it is intended to be dangling.
[WARNING RSZ-0104] Net frontend/_3570_ only has one pin. Check if it is intended to be dangling.
[WARNING RSZ-0104] Net frontend/_3569_ only has one pin. Check if it is intended to be dangling.
[WARNING RSZ-0104] Net frontend/_3568_ only has one pin. Check if it is intended to be dangling.
[WARNING RSZ-0104] Net frontend/_3567_ only has one pin. Check if it is intended to be dangling.
[WARNING RSZ-0104] Net frontend/_3566_ only has one pin. Check if it is intended to be dangling.
[WARNING RSZ-0104] Net frontend/_3565_ only has one pin. Check if it is intended to be dangling.
[WARNING RSZ-0104] Net frontend/_3564_ only has one pin. Check if it is intended to be dangling.
[WARNING RSZ-0104] Net frontend/_3563_ only has one pin. Check if it is intended to be dangling.
[WARNING RSZ-0104] Net frontend/_3562_ only has one pin. Check if it is intended to be dangling.
[WARNING RSZ-0104] Net frontend/_3561_ only has one pin. Check if it is intended to be dangling.
[WARNING RSZ-0104] Net frontend/_3560_ only has one pin. Check if it is intended to be dangling.
[WARNING RSZ-0104] Net frontend/_3559_ only has one pin. Check if it is intended to be dangling.
[WARNING RSZ-0104] Net frontend/_3558_ only has one pin. Check if it is intended to be dangling.
[WARNING RSZ-0104] Net frontend/_3557_ only has one pin. Check if it is intended to be dangling.
[WARNING RSZ-0104] Net frontend/_3556_ only has one pin. Check if it is intended to be dangling.
[WARNING RSZ-0104] Net frontend/_3555_ only has one pin. Check if it is intended to be dangling.
[WARNING RSZ-0104] Net frontend/_3554_ only has one pin. Check if it is intended to be dangling.
[WARNING RSZ-0104] Net frontend/_3553_ only has one pin. Check if it is intended to be dangling.
[WARNING RSZ-0104] Net frontend/_3551_ only has one pin. Check if it is intended to be dangling.
[WARNING RSZ-0104] Net frontend/_3550_ only has one pin. Check if it is intended to be dangling.
[WARNING RSZ-0104] Net frontend/_3549_ only has one pin. Check if it is intended to be dangling.
[WARNING RSZ-0104] Net frontend/_3548_ only has one pin. Check if it is intended to be dangling.
[WARNING RSZ-0104] Net frontend/_3546_ only has one pin. Check if it is intended to be dangling.
[WARNING RSZ-0104] Net frontend/_3545_ only has one pin. Check if it is intended to be dangling.
[WARNING RSZ-0104] Net frontend/_3542_ only has one pin. Check if it is intended to be dangling.
[WARNING RSZ-0104] Net frontend/_3541_ only has one pin. Check if it is intended to be dangling.
[WARNING RSZ-0104] Net frontend/_3539_ only has one pin. Check if it is intended to be dangling.
[WARNING RSZ-0104] Net frontend/_3536_ only has one pin. Check if it is intended to be dangling.
[WARNING RSZ-0104] Net frontend/_3534_ only has one pin. Check if it is intended to be dangling.
[WARNING RSZ-0104] Net frontend/_3533_ only has one pin. Check if it is intended to be dangling.
[WARNING RSZ-0104] Net frontend/_3532_ only has one pin. Check if it is intended to be dangling.
[WARNING RSZ-0104] Net frontend/_3531_ only has one pin. Check if it is intended to be dangling.
[WARNING RSZ-0104] Net frontend/_3530_ only has one pin. Check if it is intended to be dangling.
[WARNING RSZ-0104] Net frontend/_3529_ only has one pin. Check if it is intended to be dangling.
[WARNING RSZ-0104] Net frontend/_3528_ only has one pin. Check if it is intended to be dangling.
[WARNING RSZ-0104] Net frontend/_3527_ only has one pin. Check if it is intended to be dangling.
[WARNING RSZ-0104] Net frontend/_3526_ only has one pin. Check if it is intended to be dangling.
[WARNING RSZ-0104] Net frontend/_3525_ only has one pin. Check if it is intended to be dangling.
[WARNING RSZ-0104] Net frontend/_3524_ only has one pin. Check if it is intended to be dangling.
[WARNING RSZ-0104] Net frontend/_3520_ only has one pin. Check if it is intended to be dangling.
[WARNING RSZ-0104] Net frontend/_3518_ only has one pin. Check if it is intended to be dangling.
[WARNING RSZ-0104] Net frontend/_3517_ only has one pin. Check if it is intended to be dangling.
[WARNING RSZ-0104] Net frontend/_3516_ only has one pin. Check if it is intended to be dangling.
[WARNING RSZ-0104] Net frontend/_3512_ only has one pin. Check if it is intended to be dangling.
[WARNING RSZ-0104] Net frontend/_3510_ only has one pin. Check if it is intended to be dangling.
[WARNING RSZ-0104] Net frontend/_3509_ only has one pin. Check if it is intended to be dangling.
[WARNING RSZ-0104] Net frontend/_3508_ only has one pin. Check if it is intended to be dangling.
[WARNING RSZ-0104] Net frontend/_3506_ only has one pin. Check if it is intended to be dangling.
[WARNING RSZ-0104] Net frontend/_3504_ only has one pin. Check if it is intended to be dangling.
[WARNING RSZ-0104] Net frontend/_3503_ only has one pin. Check if it is intended to be dangling.
[WARNING RSZ-0104] Net frontend/_3502_ only has one pin. Check if it is intended to be dangling.
[WARNING RSZ-0104] Net frontend/_3501_ only has one pin. Check if it is intended to be dangling.
[WARNING RSZ-0104] Net frontend/_3500_ only has one pin. Check if it is intended to be dangling.
[WARNING RSZ-0104] Net frontend/_3499_ only has one pin. Check if it is intended to be dangling.
[WARNING RSZ-0104] Net frontend/_3498_ only has one pin. Check if it is intended to be dangling.
[WARNING RSZ-0104] Net frontend/_3497_ only has one pin. Check if it is intended to be dangling.
[WARNING RSZ-0104] Net frontend/_3496_ only has one pin. Check if it is intended to be dangling.
[WARNING RSZ-0104] Net frontend/_3495_ only has one pin. Check if it is intended to be dangling.
[WARNING RSZ-0104] Net frontend/_3494_ only has one pin. Check if it is intended to be dangling.
[WARNING RSZ-0104] Net frontend/_3493_ only has one pin. Check if it is intended to be dangling.
[WARNING RSZ-0104] Net frontend/_3492_ only has one pin. Check if it is intended to be dangling.
[WARNING RSZ-0104] Net frontend/_3491_ only has one pin. Check if it is intended to be dangling.
[WARNING RSZ-0104] Net frontend/_3490_ only has one pin. Check if it is intended to be dangling.
[WARNING RSZ-0104] Net frontend/_3484_ only has one pin. Check if it is intended to be dangling.
[WARNING RSZ-0104] Net frontend/_3483_ only has one pin. Check if it is intended to be dangling.
[WARNING RSZ-0104] Net frontend/_3482_ only has one pin. Check if it is intended to be dangling.
[WARNING RSZ-0104] Net frontend/_3481_ only has one pin. Check if it is intended to be dangling.
[WARNING RSZ-0104] Net frontend/_3480_ only has one pin. Check if it is intended to be dangling.
[WARNING RSZ-0104] Net frontend/_3479_ only has one pin. Check if it is intended to be dangling.
[WARNING RSZ-0104] Net frontend/_3478_ only has one pin. Check if it is intended to be dangling.
[WARNING RSZ-0104] Net frontend/_3477_ only has one pin. Check if it is intended to be dangling.
[WARNING RSZ-0104] Net frontend/_3476_ only has one pin. Check if it is intended to be dangling.
[WARNING RSZ-0104] Net frontend/_3475_ only has one pin. Check if it is intended to be dangling.
[WARNING RSZ-0104] Net frontend/_3474_ only has one pin. Check if it is intended to be dangling.
[WARNING RSZ-0104] Net frontend/_3473_ only has one pin. Check if it is intended to be dangling.
[WARNING RSZ-0104] Net frontend/_3472_ only has one pin. Check if it is intended to be dangling.
[WARNING RSZ-0104] Net frontend/_3471_ only has one pin. Check if it is intended to be dangling.
[WARNING RSZ-0104] Net frontend/_3470_ only has one pin. Check if it is intended to be dangling.
[WARNING RSZ-0104] Net frontend/_3469_ only has one pin. Check if it is intended to be dangling.
[WARNING RSZ-0104] Net frontend/_3468_ only has one pin. Check if it is intended to be dangling.
[WARNING RSZ-0104] Net frontend/_3467_ only has one pin. Check if it is intended to be dangling.
[WARNING RSZ-0104] Net frontend/_3466_ only has one pin. Check if it is intended to be dangling.
[WARNING RSZ-0104] Net frontend/_3463_ only has one pin. Check if it is intended to be dangling.
[WARNING RSZ-0104] Net frontend/_3462_ only has one pin. Check if it is intended to be dangling.
[WARNING RSZ-0104] Net frontend/_3461_ only has one pin. Check if it is intended to be dangling.
[WARNING RSZ-0104] Net frontend/_3460_ only has one pin. Check if it is intended to be dangling.
[WARNING RSZ-0104] Net frontend/_3459_ only has one pin. Check if it is intended to be dangling.
[WARNING RSZ-0104] Net frontend/_3458_ only has one pin. Check if it is intended to be dangling.
[WARNING RSZ-0104] Net frontend/_3457_ only has one pin. Check if it is intended to be dangling.
[WARNING RSZ-0104] Net frontend/_3456_ only has one pin. Check if it is intended to be dangling.
[WARNING RSZ-0104] Net frontend/_3454_ only has one pin. Check if it is intended to be dangling.
[WARNING RSZ-0104] Net frontend/_3453_ only has one pin. Check if it is intended to be dangling.
[WARNING RSZ-0104] Net frontend/_3452_ only has one pin. Check if it is intended to be dangling.
[WARNING RSZ-0104] Net frontend/_3451_ only has one pin. Check if it is intended to be dangling.
[WARNING RSZ-0104] Net frontend/_3450_ only has one pin. Check if it is intended to be dangling.
[WARNING RSZ-0104] Net frontend/_3449_ only has one pin. Check if it is intended to be dangling.
[WARNING RSZ-0104] Net frontend/_3448_ only has one pin. Check if it is intended to be dangling.
[WARNING RSZ-0104] Net frontend/_3447_ only has one pin. Check if it is intended to be dangling.
[WARNING RSZ-0104] Net frontend/_3446_ only has one pin. Check if it is intended to be dangling.
[WARNING RSZ-0104] Net frontend/_3445_ only has one pin. Check if it is intended to be dangling.
[WARNING RSZ-0104] Net frontend/_3444_ only has one pin. Check if it is intended to be dangling.
[WARNING RSZ-0104] Net frontend/_3443_ only has one pin. Check if it is intended to be dangling.
[WARNING RSZ-0104] Net frontend/_3442_ only has one pin. Check if it is intended to be dangling.
[WARNING RSZ-0104] Net frontend/_3441_ only has one pin. Check if it is intended to be dangling.
[WARNING RSZ-0104] Net frontend/_3440_ only has one pin. Check if it is intended to be dangling.
[WARNING RSZ-0104] Net frontend/_3439_ only has one pin. Check if it is intended to be dangling.
[WARNING RSZ-0104] Net frontend/_3438_ only has one pin. Check if it is intended to be dangling.
[WARNING RSZ-0104] Net frontend/_3437_ only has one pin. Check if it is intended to be dangling.
[WARNING RSZ-0104] Net frontend/_3436_ only has one pin. Check if it is intended to be dangling.
[WARNING RSZ-0104] Net frontend/_3435_ only has one pin. Check if it is intended to be dangling.
[WARNING RSZ-0104] Net frontend/_3431_ only has one pin. Check if it is intended to be dangling.
[WARNING RSZ-0104] Net frontend/_3430_ only has one pin. Check if it is intended to be dangling.
[WARNING RSZ-0104] Net frontend/_3429_ only has one pin. Check if it is intended to be dangling.
[WARNING RSZ-0104] Net frontend/_3428_ only has one pin. Check if it is intended to be dangling.
[WARNING RSZ-0104] Net frontend/_3427_ only has one pin. Check if it is intended to be dangling.
[WARNING RSZ-0104] Net frontend/_3426_ only has one pin. Check if it is intended to be dangling.
[WARNING RSZ-0104] Net frontend/_3425_ only has one pin. Check if it is intended to be dangling.
[WARNING RSZ-0104] Net frontend/_3424_ only has one pin. Check if it is intended to be dangling.
[WARNING RSZ-0104] Net frontend/_3423_ only has one pin. Check if it is intended to be dangling.
[WARNING RSZ-0104] Net frontend/_3422_ only has one pin. Check if it is intended to be dangling.
[WARNING RSZ-0104] Net frontend/_3421_ only has one pin. Check if it is intended to be dangling.
[WARNING RSZ-0104] Net frontend/_3420_ only has one pin. Check if it is intended to be dangling.
[WARNING RSZ-0104] Net frontend/_3419_ only has one pin. Check if it is intended to be dangling.
[WARNING RSZ-0104] Net frontend/_3418_ only has one pin. Check if it is intended to be dangling.
[WARNING RSZ-0104] Net frontend/_3417_ only has one pin. Check if it is intended to be dangling.
[WARNING RSZ-0104] Net frontend/_3416_ only has one pin. Check if it is intended to be dangling.
[WARNING RSZ-0104] Net frontend/_3415_ only has one pin. Check if it is intended to be dangling.
[WARNING RSZ-0104] Net frontend/_3414_ only has one pin. Check if it is intended to be dangling.
[WARNING RSZ-0104] Net frontend/_3413_ only has one pin. Check if it is intended to be dangling.
[WARNING RSZ-0104] Net frontend/_3412_ only has one pin. Check if it is intended to be dangling.
[WARNING RSZ-0104] Net frontend/_3411_ only has one pin. Check if it is intended to be dangling.
[WARNING RSZ-0104] Net frontend/_3410_ only has one pin. Check if it is intended to be dangling.
[WARNING RSZ-0104] Net frontend/_3409_ only has one pin. Check if it is intended to be dangling.
[WARNING RSZ-0104] Net frontend/_3408_ only has one pin. Check if it is intended to be dangling.
[WARNING RSZ-0104] Net frontend/_3407_ only has one pin. Check if it is intended to be dangling.
[WARNING RSZ-0104] Net frontend/_3406_ only has one pin. Check if it is intended to be dangling.
[WARNING RSZ-0104] Net frontend/_3403_ only has one pin. Check if it is intended to be dangling.
[WARNING RSZ-0104] Net frontend/_3402_ only has one pin. Check if it is intended to be dangling.
    21000 |     +0.0% |       0 |       5 |            11 |     13784
[WARNING RSZ-0104] Net frontend/_3399_ only has one pin. Check if it is intended to be dangling.
[WARNING RSZ-0104] Net dcache/_3566_ only has one pin. Check if it is intended to be dangling.
[WARNING RSZ-0104] Net dcache/_3565_ only has one pin. Check if it is intended to be dangling.
[WARNING RSZ-0104] Net dcache/_3564_ only has one pin. Check if it is intended to be dangling.
[WARNING RSZ-0104] Net dcache/_3563_ only has one pin. Check if it is intended to be dangling.
[WARNING RSZ-0104] Net dcache/_3562_ only has one pin. Check if it is intended to be dangling.
[WARNING RSZ-0104] Net dcache/_3561_ only has one pin. Check if it is intended to be dangling.
[WARNING RSZ-0104] Net dcache/_3560_ only has one pin. Check if it is intended to be dangling.
[WARNING RSZ-0104] Net dcache/_3559_ only has one pin. Check if it is intended to be dangling.
[WARNING RSZ-0104] Net dcache/_3558_ only has one pin. Check if it is intended to be dangling.
[WARNING RSZ-0104] Net dcache/_3557_ only has one pin. Check if it is intended to be dangling.
[WARNING RSZ-0104] Net dcache/_3556_ only has one pin. Check if it is intended to be dangling.
[WARNING RSZ-0104] Net dcache/_3555_ only has one pin. Check if it is intended to be dangling.
[WARNING RSZ-0104] Net dcache/_3554_ only has one pin. Check if it is intended to be dangling.
[WARNING RSZ-0104] Net dcache/_3553_ only has one pin. Check if it is intended to be dangling.
[WARNING RSZ-0104] Net dcache/_3552_ only has one pin. Check if it is intended to be dangling.
[WARNING RSZ-0104] Net dcache/_3550_ only has one pin. Check if it is intended to be dangling.
[WARNING RSZ-0104] Net dcache/_3549_ only has one pin. Check if it is intended to be dangling.
[WARNING RSZ-0104] Net dcache/_3548_ only has one pin. Check if it is intended to be dangling.
[WARNING RSZ-0104] Net dcache/_3547_ only has one pin. Check if it is intended to be dangling.
[WARNING RSZ-0104] Net dcache/_3546_ only has one pin. Check if it is intended to be dangling.
[WARNING RSZ-0104] Net dcache/_3545_ only has one pin. Check if it is intended to be dangling.
[WARNING RSZ-0104] Net dcache/_3544_ only has one pin. Check if it is intended to be dangling.
[WARNING RSZ-0104] Net dcache/_3543_ only has one pin. Check if it is intended to be dangling.
[WARNING RSZ-0104] Net dcache/_3542_ only has one pin. Check if it is intended to be dangling.
[WARNING RSZ-0104] Net dcache/_3541_ only has one pin. Check if it is intended to be dangling.
[WARNING RSZ-0104] Net dcache/_3538_ only has one pin. Check if it is intended to be dangling.
[WARNING RSZ-0104] Net dcache/_3537_ only has one pin. Check if it is intended to be dangling.
[WARNING RSZ-0104] Net dcache/_3536_ only has one pin. Check if it is intended to be dangling.
[WARNING RSZ-0104] Net dcache/_3535_ only has one pin. Check if it is intended to be dangling.
[WARNING RSZ-0104] Net dcache/_3534_ only has one pin. Check if it is intended to be dangling.
[WARNING RSZ-0104] Net dcache/_3533_ only has one pin. Check if it is intended to be dangling.
[WARNING RSZ-0104] Net dcache/_3532_ only has one pin. Check if it is intended to be dangling.
[WARNING RSZ-0104] Net dcache/_3531_ only has one pin. Check if it is intended to be dangling.
[WARNING RSZ-0104] Net dcache/_3530_ only has one pin. Check if it is intended to be dangling.
[WARNING RSZ-0104] Net dcache/_3529_ only has one pin. Check if it is intended to be dangling.
[WARNING RSZ-0104] Net dcache/_3528_ only has one pin. Check if it is intended to be dangling.
[WARNING RSZ-0104] Net dcache/_3527_ only has one pin. Check if it is intended to be dangling.
[WARNING RSZ-0104] Net dcache/_3526_ only has one pin. Check if it is intended to be dangling.
[WARNING RSZ-0104] Net dcache/_3525_ only has one pin. Check if it is intended to be dangling.
[WARNING RSZ-0104] Net dcache/_3524_ only has one pin. Check if it is intended to be dangling.
[WARNING RSZ-0104] Net dcache/_3518_ only has one pin. Check if it is intended to be dangling.
[WARNING RSZ-0104] Net dcache/_3517_ only has one pin. Check if it is intended to be dangling.
[WARNING RSZ-0104] Net dcache/_3515_ only has one pin. Check if it is intended to be dangling.
[WARNING RSZ-0104] Net dcache/_3514_ only has one pin. Check if it is intended to be dangling.
[WARNING RSZ-0104] Net dcache/_3513_ only has one pin. Check if it is intended to be dangling.
[WARNING RSZ-0104] Net dcache/_3512_ only has one pin. Check if it is intended to be dangling.
[WARNING RSZ-0104] Net dcache/_3511_ only has one pin. Check if it is intended to be dangling.
[WARNING RSZ-0104] Net dcache/_3510_ only has one pin. Check if it is intended to be dangling.
[WARNING RSZ-0104] Net dcache/_3509_ only has one pin. Check if it is intended to be dangling.
[WARNING RSZ-0104] Net dcache/_3508_ only has one pin. Check if it is intended to be dangling.
[WARNING RSZ-0104] Net dcache/_3507_ only has one pin. Check if it is intended to be dangling.
[WARNING RSZ-0104] Net dcache/_3506_ only has one pin. Check if it is intended to be dangling.
[WARNING RSZ-0104] Net dcache/_3505_ only has one pin. Check if it is intended to be dangling.
[WARNING RSZ-0104] Net dcache/_3504_ only has one pin. Check if it is intended to be dangling.
[WARNING RSZ-0104] Net dcache/_3503_ only has one pin. Check if it is intended to be dangling.
[WARNING RSZ-0104] Net dcache/_3502_ only has one pin. Check if it is intended to be dangling.
[WARNING RSZ-0104] Net dcache/_3501_ only has one pin. Check if it is intended to be dangling.
[WARNING RSZ-0104] Net dcache/_3500_ only has one pin. Check if it is intended to be dangling.
[WARNING RSZ-0104] Net dcache/_3499_ only has one pin. Check if it is intended to be dangling.
[WARNING RSZ-0104] Net dcache/_3498_ only has one pin. Check if it is intended to be dangling.
[WARNING RSZ-0104] Net dcache/_3497_ only has one pin. Check if it is intended to be dangling.
[WARNING RSZ-0104] Net dcache/_3496_ only has one pin. Check if it is intended to be dangling.
[WARNING RSZ-0104] Net dcache/_3494_ only has one pin. Check if it is intended to be dangling.
[WARNING RSZ-0104] Net dcache/_3493_ only has one pin. Check if it is intended to be dangling.
[WARNING RSZ-0104] Net dcache/_3492_ only has one pin. Check if it is intended to be dangling.
[WARNING RSZ-0104] Net dcache/_3491_ only has one pin. Check if it is intended to be dangling.
[WARNING RSZ-0104] Net dcache/_3489_ only has one pin. Check if it is intended to be dangling.
[WARNING RSZ-0104] Net dcache/_3488_ only has one pin. Check if it is intended to be dangling.
[WARNING RSZ-0104] Net dcache/_3487_ only has one pin. Check if it is intended to be dangling.
[WARNING RSZ-0104] Net dcache/_3486_ only has one pin. Check if it is intended to be dangling.
[WARNING RSZ-0104] Net dcache/_3483_ only has one pin. Check if it is intended to be dangling.
[WARNING RSZ-0104] Net dcache/_3482_ only has one pin. Check if it is intended to be dangling.
[WARNING RSZ-0104] Net dcache/_3481_ only has one pin. Check if it is intended to be dangling.
[WARNING RSZ-0104] Net dcache/_3480_ only has one pin. Check if it is intended to be dangling.
[WARNING RSZ-0104] Net dcache/_3479_ only has one pin. Check if it is intended to be dangling.
[WARNING RSZ-0104] Net dcache/_3478_ only has one pin. Check if it is intended to be dangling.
[WARNING RSZ-0104] Net dcache/_3477_ only has one pin. Check if it is intended to be dangling.
[WARNING RSZ-0104] Net dcache/_3476_ only has one pin. Check if it is intended to be dangling.
[WARNING RSZ-0104] Net dcache/_3475_ only has one pin. Check if it is intended to be dangling.
[WARNING RSZ-0104] Net dcache/_3474_ only has one pin. Check if it is intended to be dangling.
[WARNING RSZ-0104] Net dcache/_3473_ only has one pin. Check if it is intended to be dangling.
[WARNING RSZ-0104] Net dcache/_3472_ only has one pin. Check if it is intended to be dangling.
[WARNING RSZ-0104] Net dcache/_3471_ only has one pin. Check if it is intended to be dangling.
[WARNING RSZ-0104] Net dcache/_3470_ only has one pin. Check if it is intended to be dangling.
[WARNING RSZ-0104] Net dcache/_3469_ only has one pin. Check if it is intended to be dangling.
[WARNING RSZ-0104] Net dcache/_3467_ only has one pin. Check if it is intended to be dangling.
[WARNING RSZ-0104] Net dcache/_3465_ only has one pin. Check if it is intended to be dangling.
[WARNING RSZ-0104] Net dcache/_3464_ only has one pin. Check if it is intended to be dangling.
[WARNING RSZ-0104] Net dcache/_3463_ only has one pin. Check if it is intended to be dangling.
[WARNING RSZ-0104] Net dcache/_3461_ only has one pin. Check if it is intended to be dangling.
[WARNING RSZ-0104] Net dcache/_3460_ only has one pin. Check if it is intended to be dangling.
[WARNING RSZ-0104] Net dcache/_3457_ only has one pin. Check if it is intended to be dangling.
[WARNING RSZ-0104] Net dcache/_3456_ only has one pin. Check if it is intended to be dangling.
[WARNING RSZ-0104] Net dcache/_3454_ only has one pin. Check if it is intended to be dangling.
[WARNING RSZ-0104] Net dcache/_3451_ only has one pin. Check if it is intended to be dangling.
[WARNING RSZ-0104] Net dcache/_3449_ only has one pin. Check if it is intended to be dangling.
[WARNING RSZ-0104] Net dcache/_3448_ only has one pin. Check if it is intended to be dangling.
[WARNING RSZ-0104] Net dcache/_3447_ only has one pin. Check if it is intended to be dangling.
[WARNING RSZ-0104] Net dcache/_3446_ only has one pin. Check if it is intended to be dangling.
[WARNING RSZ-0104] Net dcache/_3445_ only has one pin. Check if it is intended to be dangling.
[WARNING RSZ-0104] Net dcache/_3444_ only has one pin. Check if it is intended to be dangling.
[WARNING RSZ-0104] Net dcache/_3443_ only has one pin. Check if it is intended to be dangling.
[WARNING RSZ-0104] Net dcache/_3442_ only has one pin. Check if it is intended to be dangling.
[WARNING RSZ-0104] Net dcache/_3441_ only has one pin. Check if it is intended to be dangling.
[WARNING RSZ-0104] Net dcache/_3440_ only has one pin. Check if it is intended to be dangling.
[WARNING RSZ-0104] Net dcache/_3438_ only has one pin. Check if it is intended to be dangling.
[WARNING RSZ-0104] Net dcache/_3436_ only has one pin. Check if it is intended to be dangling.
[WARNING RSZ-0104] Net dcache/_3434_ only has one pin. Check if it is intended to be dangling.
[WARNING RSZ-0104] Net dcache/_3433_ only has one pin. Check if it is intended to be dangling.
[WARNING RSZ-0104] Net dcache/_3432_ only has one pin. Check if it is intended to be dangling.
[WARNING RSZ-0104] Net dcache/_3428_ only has one pin. Check if it is intended to be dangling.
[WARNING RSZ-0104] Net dcache/_3427_ only has one pin. Check if it is intended to be dangling.
[WARNING RSZ-0104] Net dcache/_3426_ only has one pin. Check if it is intended to be dangling.
[WARNING RSZ-0104] Net dcache/_3424_ only has one pin. Check if it is intended to be dangling.
[WARNING RSZ-0104] Net dcache/_3422_ only has one pin. Check if it is intended to be dangling.
[WARNING RSZ-0104] Net dcache/_3421_ only has one pin. Check if it is intended to be dangling.
[WARNING RSZ-0104] Net dcache/_3420_ only has one pin. Check if it is intended to be dangling.
[WARNING RSZ-0104] Net dcache/_3419_ only has one pin. Check if it is intended to be dangling.
[WARNING RSZ-0104] Net dcache/_3418_ only has one pin. Check if it is intended to be dangling.
[WARNING RSZ-0104] Net dcache/_3417_ only has one pin. Check if it is intended to be dangling.
[WARNING RSZ-0104] Net dcache/_3416_ only has one pin. Check if it is intended to be dangling.
[WARNING RSZ-0104] Net dcache/_3415_ only has one pin. Check if it is intended to be dangling.
[WARNING RSZ-0104] Net dcache/_3414_ only has one pin. Check if it is intended to be dangling.
[WARNING RSZ-0104] Net dcache/_3412_ only has one pin. Check if it is intended to be dangling.
[WARNING RSZ-0104] Net dcache/_3410_ only has one pin. Check if it is intended to be dangling.
[WARNING RSZ-0104] Net dcache/_3409_ only has one pin. Check if it is intended to be dangling.
[WARNING RSZ-0104] Net dcache/_3408_ only has one pin. Check if it is intended to be dangling.
[WARNING RSZ-0104] Net dcache/_3401_ only has one pin. Check if it is intended to be dangling.
[WARNING RSZ-0104] Net dcache/_3400_ only has one pin. Check if it is intended to be dangling.
[WARNING RSZ-0104] Net dcache/_3399_ only has one pin. Check if it is intended to be dangling.
[WARNING RSZ-0104] Net dcache/_3398_ only has one pin. Check if it is intended to be dangling.
[WARNING RSZ-0104] Net dcache/_3397_ only has one pin. Check if it is intended to be dangling.
[WARNING RSZ-0104] Net dcache/_3396_ only has one pin. Check if it is intended to be dangling.
[WARNING RSZ-0104] Net dcache/_3395_ only has one pin. Check if it is intended to be dangling.
[WARNING RSZ-0104] Net dcache/_3394_ only has one pin. Check if it is intended to be dangling.
[WARNING RSZ-0104] Net dcache/_3393_ only has one pin. Check if it is intended to be dangling.
[WARNING RSZ-0104] Net dcache/_3392_ only has one pin. Check if it is intended to be dangling.
[WARNING RSZ-0104] Net dcache/_3391_ only has one pin. Check if it is intended to be dangling.
[WARNING RSZ-0104] Net dcache/_3390_ only has one pin. Check if it is intended to be dangling.
[WARNING RSZ-0104] Net dcache/_3389_ only has one pin. Check if it is intended to be dangling.
[WARNING RSZ-0104] Net dcache/_3388_ only has one pin. Check if it is intended to be dangling.
[WARNING RSZ-0104] Net dcache/_3386_ only has one pin. Check if it is intended to be dangling.
[WARNING RSZ-0104] Net dcache/_3384_ only has one pin. Check if it is intended to be dangling.
[WARNING RSZ-0104] Net dcache/_3383_ only has one pin. Check if it is intended to be dangling.
[WARNING RSZ-0104] Net dcache/_3382_ only has one pin. Check if it is intended to be dangling.
[WARNING RSZ-0104] Net dcache/_3381_ only has one pin. Check if it is intended to be dangling.
[WARNING RSZ-0104] Net dcache/_3380_ only has one pin. Check if it is intended to be dangling.
[WARNING RSZ-0104] Net dcache/_3379_ only has one pin. Check if it is intended to be dangling.
[WARNING RSZ-0104] Net dcache/_3378_ only has one pin. Check if it is intended to be dangling.
[WARNING RSZ-0104] Net dcache/_3377_ only has one pin. Check if it is intended to be dangling.
[WARNING RSZ-0104] Net dcache/_3375_ only has one pin. Check if it is intended to be dangling.
[WARNING RSZ-0104] Net dcache/_3374_ only has one pin. Check if it is intended to be dangling.
[WARNING RSZ-0104] Net dcache/_3373_ only has one pin. Check if it is intended to be dangling.
[WARNING RSZ-0104] Net dcache/_3372_ only has one pin. Check if it is intended to be dangling.
[WARNING RSZ-0104] Net dcache/_3371_ only has one pin. Check if it is intended to be dangling.
[WARNING RSZ-0104] Net dcache/_3370_ only has one pin. Check if it is intended to be dangling.
[WARNING RSZ-0104] Net dcache/_3369_ only has one pin. Check if it is intended to be dangling.
[WARNING RSZ-0104] Net dcache/_3368_ only has one pin. Check if it is intended to be dangling.
[WARNING RSZ-0104] Net dcache/_3367_ only has one pin. Check if it is intended to be dangling.
[WARNING RSZ-0104] Net dcache/_3366_ only has one pin. Check if it is intended to be dangling.
[WARNING RSZ-0104] Net dcache/_3365_ only has one pin. Check if it is intended to be dangling.
[WARNING RSZ-0104] Net dcache/_3364_ only has one pin. Check if it is intended to be dangling.
[WARNING RSZ-0104] Net dcache/_3363_ only has one pin. Check if it is intended to be dangling.
[WARNING RSZ-0104] Net dcache/_3362_ only has one pin. Check if it is intended to be dangling.
[WARNING RSZ-0104] Net dcache/_3361_ only has one pin. Check if it is intended to be dangling.
[WARNING RSZ-0104] Net dcache/_3360_ only has one pin. Check if it is intended to be dangling.
[WARNING RSZ-0104] Net dcache/_3359_ only has one pin. Check if it is intended to be dangling.
[WARNING RSZ-0104] Net dcache/_3357_ only has one pin. Check if it is intended to be dangling.
[WARNING RSZ-0104] Net dcache/_3353_ only has one pin. Check if it is intended to be dangling.
[WARNING RSZ-0104] Net dcache/_3352_ only has one pin. Check if it is intended to be dangling.
[WARNING RSZ-0104] Net dcache/_3351_ only has one pin. Check if it is intended to be dangling.
[WARNING RSZ-0104] Net dcache/_3350_ only has one pin. Check if it is intended to be dangling.
[WARNING RSZ-0104] Net dcache/_3349_ only has one pin. Check if it is intended to be dangling.
[WARNING RSZ-0104] Net dcache/_3348_ only has one pin. Check if it is intended to be dangling.
[WARNING RSZ-0104] Net dcache/_3347_ only has one pin. Check if it is intended to be dangling.
[WARNING RSZ-0104] Net dcache/_3346_ only has one pin. Check if it is intended to be dangling.
[WARNING RSZ-0104] Net dcache/_3345_ only has one pin. Check if it is intended to be dangling.
[WARNING RSZ-0104] Net dcache/_3344_ only has one pin. Check if it is intended to be dangling.
[WARNING RSZ-0104] Net dcache/_3343_ only has one pin. Check if it is intended to be dangling.
[WARNING RSZ-0104] Net dcache/_3342_ only has one pin. Check if it is intended to be dangling.
[WARNING RSZ-0104] Net dcache/_3341_ only has one pin. Check if it is intended to be dangling.
[WARNING RSZ-0104] Net dcache/_3340_ only has one pin. Check if it is intended to be dangling.
[WARNING RSZ-0104] Net dcache/_3339_ only has one pin. Check if it is intended to be dangling.
[WARNING RSZ-0104] Net dcache/_3338_ only has one pin. Check if it is intended to be dangling.
[WARNING RSZ-0104] Net dcache/_3337_ only has one pin. Check if it is intended to be dangling.
[WARNING RSZ-0104] Net dcache/_3336_ only has one pin. Check if it is intended to be dangling.
[WARNING RSZ-0104] Net dcache/_3335_ only has one pin. Check if it is intended to be dangling.
[WARNING RSZ-0104] Net dcache/_3334_ only has one pin. Check if it is intended to be dangling.
[WARNING RSZ-0104] Net dcache/_3332_ only has one pin. Check if it is intended to be dangling.
[WARNING RSZ-0104] Net dcache/_3330_ only has one pin. Check if it is intended to be dangling.
[WARNING RSZ-0104] Net dcache/_3327_ only has one pin. Check if it is intended to be dangling.
[WARNING RSZ-0104] Net dcache/_3326_ only has one pin. Check if it is intended to be dangling.
[WARNING RSZ-0104] Net dcache/_3325_ only has one pin. Check if it is intended to be dangling.
[WARNING RSZ-0104] Net dcache/_3323_ only has one pin. Check if it is intended to be dangling.
[WARNING RSZ-0104] Net dcache/_3319_ only has one pin. Check if it is intended to be dangling.
    22000 |     +0.0% |       0 |       5 |            11 |     12784
[WARNING RSZ-0104] Net dcache/_3317_ only has one pin. Check if it is intended to be dangling.
[WARNING RSZ-0104] Net dcache/_3316_ only has one pin. Check if it is intended to be dangling.
[WARNING RSZ-0104] Net dcache/_3314_ only has one pin. Check if it is intended to be dangling.
[WARNING RSZ-0104] Net dcache/_3313_ only has one pin. Check if it is intended to be dangling.
[WARNING RSZ-0104] Net dcache/_3310_ only has one pin. Check if it is intended to be dangling.
[WARNING RSZ-0104] Net dcache/_3308_ only has one pin. Check if it is intended to be dangling.
[WARNING RSZ-0104] Net dcache/_3307_ only has one pin. Check if it is intended to be dangling.
[WARNING RSZ-0104] Net dcache/_3306_ only has one pin. Check if it is intended to be dangling.
[WARNING RSZ-0104] Net dcache/_3305_ only has one pin. Check if it is intended to be dangling.
[WARNING RSZ-0104] Net dcache/_3304_ only has one pin. Check if it is intended to be dangling.
[WARNING RSZ-0104] Net dcache/_3303_ only has one pin. Check if it is intended to be dangling.
[WARNING RSZ-0104] Net dcache/_3302_ only has one pin. Check if it is intended to be dangling.
[WARNING RSZ-0104] Net dcache/_3301_ only has one pin. Check if it is intended to be dangling.
[WARNING RSZ-0104] Net dcache/_3300_ only has one pin. Check if it is intended to be dangling.
[WARNING RSZ-0104] Net dcache/_3299_ only has one pin. Check if it is intended to be dangling.
[WARNING RSZ-0104] Net dcache/_3298_ only has one pin. Check if it is intended to be dangling.
[WARNING RSZ-0104] Net dcache/_3294_ only has one pin. Check if it is intended to be dangling.
[WARNING RSZ-0104] Net dcache/_3292_ only has one pin. Check if it is intended to be dangling.
[WARNING RSZ-0104] Net dcache/_3291_ only has one pin. Check if it is intended to be dangling.
[WARNING RSZ-0104] Net dcache/_3290_ only has one pin. Check if it is intended to be dangling.
[WARNING RSZ-0104] Net dcache/_3289_ only has one pin. Check if it is intended to be dangling.
[WARNING RSZ-0104] Net dcache/_3288_ only has one pin. Check if it is intended to be dangling.
[WARNING RSZ-0104] Net dcache/_3287_ only has one pin. Check if it is intended to be dangling.
[WARNING RSZ-0104] Net dcache/_3285_ only has one pin. Check if it is intended to be dangling.
[WARNING RSZ-0104] Net dcache/_3282_ only has one pin. Check if it is intended to be dangling.
[WARNING RSZ-0104] Net dcache/_3280_ only has one pin. Check if it is intended to be dangling.
[WARNING RSZ-0104] Net dcache/_3278_ only has one pin. Check if it is intended to be dangling.
[WARNING RSZ-0104] Net dcache/_3277_ only has one pin. Check if it is intended to be dangling.
[WARNING RSZ-0104] Net dcache/_3276_ only has one pin. Check if it is intended to be dangling.
[WARNING RSZ-0104] Net dcache/_3275_ only has one pin. Check if it is intended to be dangling.
[WARNING RSZ-0104] Net dcache/_3274_ only has one pin. Check if it is intended to be dangling.
[WARNING RSZ-0104] Net dcache/_3273_ only has one pin. Check if it is intended to be dangling.
[WARNING RSZ-0104] Net dcache/_3267_ only has one pin. Check if it is intended to be dangling.
[WARNING RSZ-0104] Net dcache/_3266_ only has one pin. Check if it is intended to be dangling.
[WARNING RSZ-0104] Net dcache/_3261_ only has one pin. Check if it is intended to be dangling.
[WARNING RSZ-0104] Net dcache/_3255_ only has one pin. Check if it is intended to be dangling.
[WARNING RSZ-0104] Net dcache/_3251_ only has one pin. Check if it is intended to be dangling.
[WARNING RSZ-0104] Net core/csr/_T_284\[3\] only has one pin. Check if it is intended to be dangling.
[WARNING RSZ-0104] Net core/csr/_T_329\[3\] only has one pin. Check if it is intended to be dangling.
[WARNING RSZ-0104] Net core/csr/_T_329\[2\] only has one pin. Check if it is intended to be dangling.
[WARNING RSZ-0104] Net core/csr/_T_311\[2\] only has one pin. Check if it is intended to be dangling.
[WARNING RSZ-0104] Net core/csr/_T_347\[2\] only has one pin. Check if it is intended to be dangling.
[WARNING RSZ-0104] Net core/csr/_T_320\[3\] only has one pin. Check if it is intended to be dangling.
[WARNING RSZ-0104] Net core/csr/_T_320\[2\] only has one pin. Check if it is intended to be dangling.
[WARNING RSZ-0104] Net core/csr/_T_302\[2\] only has one pin. Check if it is intended to be dangling.
[WARNING RSZ-0104] Net core/csr/_T_311\[3\] only has one pin. Check if it is intended to be dangling.
[WARNING RSZ-0104] Net core/csr/_T_338\[2\] only has one pin. Check if it is intended to be dangling.
[WARNING RSZ-0104] Net core/csr/_T_293\[2\] only has one pin. Check if it is intended to be dangling.
[WARNING RSZ-0104] Net core/csr/_T_284\[2\] only has one pin. Check if it is intended to be dangling.
    23000 |     +0.0% |       0 |       5 |            13 |     11784
[WARNING RSZ-0104] Net frontend/_3405_ only has one pin. Check if it is intended to be dangling.
[WARNING RSZ-0104] Net frontend/_3404_ only has one pin. Check if it is intended to be dangling.
[WARNING RSZ-0104] Net frontend/_3401_ only has one pin. Check if it is intended to be dangling.
[WARNING RSZ-0104] Net frontend/_3400_ only has one pin. Check if it is intended to be dangling.
    24000 |     +0.0% |       0 |       5 |            13 |     10784
[WARNING RSZ-0104] Net dcache/_3522_ only has one pin. Check if it is intended to be dangling.
[WARNING RSZ-0104] Net dcache/_3324_ only has one pin. Check if it is intended to be dangling.
[WARNING RSZ-0104] Net dcache/_3321_ only has one pin. Check if it is intended to be dangling.
[WARNING RSZ-0104] Net dcache/_3315_ only has one pin. Check if it is intended to be dangling.
[WARNING RSZ-0104] Net dcache/_3312_ only has one pin. Check if it is intended to be dangling.
[WARNING RSZ-0104] Net dcache/_3297_ only has one pin. Check if it is intended to be dangling.
[WARNING RSZ-0104] Net dcache/_3296_ only has one pin. Check if it is intended to be dangling.
[WARNING RSZ-0104] Net dcache/_3279_ only has one pin. Check if it is intended to be dangling.
[WARNING RSZ-0104] Net dcache/_3272_ only has one pin. Check if it is intended to be dangling.
[WARNING RSZ-0104] Net dcache/_3271_ only has one pin. Check if it is intended to be dangling.
[WARNING RSZ-0104] Net core/div/_2445_ only has one pin. Check if it is intended to be dangling.
[WARNING RSZ-0104] Net core/div/_2444_ only has one pin. Check if it is intended to be dangling.
[WARNING RSZ-0104] Net core/div/_2443_ only has one pin. Check if it is intended to be dangling.
[WARNING RSZ-0104] Net core/csr/_T_338\[1\] only has one pin. Check if it is intended to be dangling.
[WARNING RSZ-0104] Net core/csr/_T_329\[1\] only has one pin. Check if it is intended to be dangling.
[WARNING RSZ-0104] Net core/csr/_T_347\[1\] only has one pin. Check if it is intended to be dangling.
[WARNING RSZ-0104] Net core/csr/_T_320\[1\] only has one pin. Check if it is intended to be dangling.
[WARNING RSZ-0104] Net core/csr/_T_311\[1\] only has one pin. Check if it is intended to be dangling.
[WARNING RSZ-0104] Net core/csr/_T_302\[1\] only has one pin. Check if it is intended to be dangling.
[WARNING RSZ-0104] Net core/csr/_T_293\[1\] only has one pin. Check if it is intended to be dangling.
[WARNING RSZ-0104] Net core/csr/_T_284\[1\] only has one pin. Check if it is intended to be dangling.
    25000 |     +0.0% |       0 |       5 |            13 |      9784
[WARNING RSZ-0104] Net _1486_ only has one pin. Check if it is intended to be dangling.
[WARNING RSZ-0104] Net _1485_ only has one pin. Check if it is intended to be dangling.
[WARNING RSZ-0104] Net _1487_ only has one pin. Check if it is intended to be dangling.
[WARNING RSZ-0104] Net _2132_ only has one pin. Check if it is intended to be dangling.
[WARNING RSZ-0104] Net _2131_ only has one pin. Check if it is intended to be dangling.
[WARNING RSZ-0104] Net frontend/_3162_ only has one pin. Check if it is intended to be dangling.
[WARNING RSZ-0104] Net frontend/_3161_ only has one pin. Check if it is intended to be dangling.
[WARNING RSZ-0104] Net frontend/_3160_ only has one pin. Check if it is intended to be dangling.
[WARNING RSZ-0104] Net frontend/_3159_ only has one pin. Check if it is intended to be dangling.
[WARNING RSZ-0104] Net frontend/_3158_ only has one pin. Check if it is intended to be dangling.
[WARNING RSZ-0104] Net frontend/_3157_ only has one pin. Check if it is intended to be dangling.
[WARNING RSZ-0104] Net frontend/_3156_ only has one pin. Check if it is intended to be dangling.
[WARNING RSZ-0104] Net frontend/_2857_ only has one pin. Check if it is intended to be dangling.
[WARNING RSZ-0104] Net frontend/_3183_ only has one pin. Check if it is intended to be dangling.
[WARNING RSZ-0104] Net frontend/_3155_ only has one pin. Check if it is intended to be dangling.
[WARNING RSZ-0104] Net frontend/_3182_ only has one pin. Check if it is intended to be dangling.
[WARNING RSZ-0104] Net frontend/_3181_ only has one pin. Check if it is intended to be dangling.
[WARNING RSZ-0104] Net frontend/_3180_ only has one pin. Check if it is intended to be dangling.
[WARNING RSZ-0104] Net frontend/_3179_ only has one pin. Check if it is intended to be dangling.
[WARNING RSZ-0104] Net frontend/_3178_ only has one pin. Check if it is intended to be dangling.
[WARNING RSZ-0104] Net frontend/_3177_ only has one pin. Check if it is intended to be dangling.
[WARNING RSZ-0104] Net frontend/_3176_ only has one pin. Check if it is intended to be dangling.
[WARNING RSZ-0104] Net frontend/_3175_ only has one pin. Check if it is intended to be dangling.
[WARNING RSZ-0104] Net frontend/_3174_ only has one pin. Check if it is intended to be dangling.
[WARNING RSZ-0104] Net frontend/_3173_ only has one pin. Check if it is intended to be dangling.
[WARNING RSZ-0104] Net frontend/_3154_ only has one pin. Check if it is intended to be dangling.
[WARNING RSZ-0104] Net frontend/_3172_ only has one pin. Check if it is intended to be dangling.
[WARNING RSZ-0104] Net frontend/_3171_ only has one pin. Check if it is intended to be dangling.
[WARNING RSZ-0104] Net frontend/_3170_ only has one pin. Check if it is intended to be dangling.
[WARNING RSZ-0104] Net frontend/_3169_ only has one pin. Check if it is intended to be dangling.
[WARNING RSZ-0104] Net frontend/_3168_ only has one pin. Check if it is intended to be dangling.
[WARNING RSZ-0104] Net frontend/_3167_ only has one pin. Check if it is intended to be dangling.
[WARNING RSZ-0104] Net frontend/_3166_ only has one pin. Check if it is intended to be dangling.
[WARNING RSZ-0104] Net frontend/_3165_ only has one pin. Check if it is intended to be dangling.
[WARNING RSZ-0104] Net frontend/_3164_ only has one pin. Check if it is intended to be dangling.
[WARNING RSZ-0104] Net frontend/_3163_ only has one pin. Check if it is intended to be dangling.
[WARNING RSZ-0104] Net frontend/_2853_ only has one pin. Check if it is intended to be dangling.
[WARNING RSZ-0104] Net frontend/_3386_ only has one pin. Check if it is intended to be dangling.
[WARNING RSZ-0104] Net frontend/_3387_ only has one pin. Check if it is intended to be dangling.
[WARNING RSZ-0104] Net frontend/_3388_ only has one pin. Check if it is intended to be dangling.
[WARNING RSZ-0104] Net frontend/_3389_ only has one pin. Check if it is intended to be dangling.
[WARNING RSZ-0104] Net frontend/_3390_ only has one pin. Check if it is intended to be dangling.
[WARNING RSZ-0104] Net frontend/_3391_ only has one pin. Check if it is intended to be dangling.
[WARNING RSZ-0104] Net frontend/_3392_ only has one pin. Check if it is intended to be dangling.
[WARNING RSZ-0104] Net frontend/_3373_ only has one pin. Check if it is intended to be dangling.
[WARNING RSZ-0104] Net frontend/_3374_ only has one pin. Check if it is intended to be dangling.
[WARNING RSZ-0104] Net frontend/_3375_ only has one pin. Check if it is intended to be dangling.
[WARNING RSZ-0104] Net frontend/_3376_ only has one pin. Check if it is intended to be dangling.
[WARNING RSZ-0104] Net frontend/_3377_ only has one pin. Check if it is intended to be dangling.
[WARNING RSZ-0104] Net frontend/_3378_ only has one pin. Check if it is intended to be dangling.
[WARNING RSZ-0104] Net frontend/_3184_ only has one pin. Check if it is intended to be dangling.
[WARNING RSZ-0104] Net frontend/_3379_ only has one pin. Check if it is intended to be dangling.
[WARNING RSZ-0104] Net frontend/_3380_ only has one pin. Check if it is intended to be dangling.
[WARNING RSZ-0104] Net frontend/_3381_ only has one pin. Check if it is intended to be dangling.
[WARNING RSZ-0104] Net frontend/_3382_ only has one pin. Check if it is intended to be dangling.
[WARNING RSZ-0104] Net frontend/_3383_ only has one pin. Check if it is intended to be dangling.
[WARNING RSZ-0104] Net frontend/_3384_ only has one pin. Check if it is intended to be dangling.
[WARNING RSZ-0104] Net frontend/_3385_ only has one pin. Check if it is intended to be dangling.
[WARNING RSZ-0104] Net frontend/_3397_ only has one pin. Check if it is intended to be dangling.
[WARNING RSZ-0104] Net frontend/_3370_ only has one pin. Check if it is intended to be dangling.
[WARNING RSZ-0104] Net frontend/_2893_ only has one pin. Check if it is intended to be dangling.
[WARNING RSZ-0104] Net frontend/_2892_ only has one pin. Check if it is intended to be dangling.
[WARNING RSZ-0104] Net frontend/_2891_ only has one pin. Check if it is intended to be dangling.
[WARNING RSZ-0104] Net frontend/_2890_ only has one pin. Check if it is intended to be dangling.
[WARNING RSZ-0104] Net frontend/_2889_ only has one pin. Check if it is intended to be dangling.
[WARNING RSZ-0104] Net frontend/_2888_ only has one pin. Check if it is intended to be dangling.
[WARNING RSZ-0104] Net frontend/_2887_ only has one pin. Check if it is intended to be dangling.
[WARNING RSZ-0104] Net frontend/_2886_ only has one pin. Check if it is intended to be dangling.
[WARNING RSZ-0104] Net frontend/_2883_ only has one pin. Check if it is intended to be dangling.
[WARNING RSZ-0104] Net frontend/_2907_ only has one pin. Check if it is intended to be dangling.
[WARNING RSZ-0104] Net frontend/_2906_ only has one pin. Check if it is intended to be dangling.
[WARNING RSZ-0104] Net frontend/_2905_ only has one pin. Check if it is intended to be dangling.
[WARNING RSZ-0104] Net frontend/_2904_ only has one pin. Check if it is intended to be dangling.
[WARNING RSZ-0104] Net frontend/_2885_ only has one pin. Check if it is intended to be dangling.
[WARNING RSZ-0104] Net frontend/_2903_ only has one pin. Check if it is intended to be dangling.
[WARNING RSZ-0104] Net frontend/_2902_ only has one pin. Check if it is intended to be dangling.
[WARNING RSZ-0104] Net frontend/_2901_ only has one pin. Check if it is intended to be dangling.
[WARNING RSZ-0104] Net frontend/_2900_ only has one pin. Check if it is intended to be dangling.
[WARNING RSZ-0104] Net frontend/_2899_ only has one pin. Check if it is intended to be dangling.
[WARNING RSZ-0104] Net frontend/_2898_ only has one pin. Check if it is intended to be dangling.
[WARNING RSZ-0104] Net frontend/_2897_ only has one pin. Check if it is intended to be dangling.
[WARNING RSZ-0104] Net frontend/_2896_ only has one pin. Check if it is intended to be dangling.
[WARNING RSZ-0104] Net frontend/_2895_ only has one pin. Check if it is intended to be dangling.
[WARNING RSZ-0104] Net frontend/_2894_ only has one pin. Check if it is intended to be dangling.
[WARNING RSZ-0104] Net frontend/_3393_ only has one pin. Check if it is intended to be dangling.
[WARNING RSZ-0104] Net frontend/_2917_ only has one pin. Check if it is intended to be dangling.
[WARNING RSZ-0104] Net frontend/_2916_ only has one pin. Check if it is intended to be dangling.
[WARNING RSZ-0104] Net frontend/_2915_ only has one pin. Check if it is intended to be dangling.
[WARNING RSZ-0104] Net frontend/_2914_ only has one pin. Check if it is intended to be dangling.
[WARNING RSZ-0104] Net frontend/_2913_ only has one pin. Check if it is intended to be dangling.
[WARNING RSZ-0104] Net frontend/_2912_ only has one pin. Check if it is intended to be dangling.
[WARNING RSZ-0104] Net frontend/_2911_ only has one pin. Check if it is intended to be dangling.
[WARNING RSZ-0104] Net frontend/_2910_ only has one pin. Check if it is intended to be dangling.
[WARNING RSZ-0104] Net frontend/_2882_ only has one pin. Check if it is intended to be dangling.
[WARNING RSZ-0104] Net frontend/_2931_ only has one pin. Check if it is intended to be dangling.
[WARNING RSZ-0104] Net frontend/_2930_ only has one pin. Check if it is intended to be dangling.
[WARNING RSZ-0104] Net frontend/_2929_ only has one pin. Check if it is intended to be dangling.
[WARNING RSZ-0104] Net frontend/_2928_ only has one pin. Check if it is intended to be dangling.
[WARNING RSZ-0104] Net frontend/_2909_ only has one pin. Check if it is intended to be dangling.
[WARNING RSZ-0104] Net frontend/_2927_ only has one pin. Check if it is intended to be dangling.
[WARNING RSZ-0104] Net frontend/_2926_ only has one pin. Check if it is intended to be dangling.
[WARNING RSZ-0104] Net frontend/_2925_ only has one pin. Check if it is intended to be dangling.
[WARNING RSZ-0104] Net frontend/_2924_ only has one pin. Check if it is intended to be dangling.
[WARNING RSZ-0104] Net frontend/_2923_ only has one pin. Check if it is intended to be dangling.
[WARNING RSZ-0104] Net frontend/_2922_ only has one pin. Check if it is intended to be dangling.
[WARNING RSZ-0104] Net frontend/_2921_ only has one pin. Check if it is intended to be dangling.
[WARNING RSZ-0104] Net frontend/_2920_ only has one pin. Check if it is intended to be dangling.
[WARNING RSZ-0104] Net frontend/_2919_ only has one pin. Check if it is intended to be dangling.
[WARNING RSZ-0104] Net frontend/_2918_ only has one pin. Check if it is intended to be dangling.
[WARNING RSZ-0104] Net frontend/_2908_ only has one pin. Check if it is intended to be dangling.
[WARNING RSZ-0104] Net frontend/_2941_ only has one pin. Check if it is intended to be dangling.
[WARNING RSZ-0104] Net frontend/_2940_ only has one pin. Check if it is intended to be dangling.
[WARNING RSZ-0104] Net frontend/_2939_ only has one pin. Check if it is intended to be dangling.
[WARNING RSZ-0104] Net frontend/_2938_ only has one pin. Check if it is intended to be dangling.
[WARNING RSZ-0104] Net frontend/_2937_ only has one pin. Check if it is intended to be dangling.
[WARNING RSZ-0104] Net frontend/_2936_ only has one pin. Check if it is intended to be dangling.
[WARNING RSZ-0104] Net frontend/_2935_ only has one pin. Check if it is intended to be dangling.
[WARNING RSZ-0104] Net frontend/_2934_ only has one pin. Check if it is intended to be dangling.
[WARNING RSZ-0104] Net frontend/_2881_ only has one pin. Check if it is intended to be dangling.
[WARNING RSZ-0104] Net frontend/_2955_ only has one pin. Check if it is intended to be dangling.
[WARNING RSZ-0104] Net frontend/_2954_ only has one pin. Check if it is intended to be dangling.
[WARNING RSZ-0104] Net frontend/_2953_ only has one pin. Check if it is intended to be dangling.
[WARNING RSZ-0104] Net frontend/_2952_ only has one pin. Check if it is intended to be dangling.
[WARNING RSZ-0104] Net frontend/_2933_ only has one pin. Check if it is intended to be dangling.
[WARNING RSZ-0104] Net frontend/_2951_ only has one pin. Check if it is intended to be dangling.
[WARNING RSZ-0104] Net frontend/_2950_ only has one pin. Check if it is intended to be dangling.
[WARNING RSZ-0104] Net frontend/_2949_ only has one pin. Check if it is intended to be dangling.
[WARNING RSZ-0104] Net frontend/_2948_ only has one pin. Check if it is intended to be dangling.
[WARNING RSZ-0104] Net frontend/_2947_ only has one pin. Check if it is intended to be dangling.
[WARNING RSZ-0104] Net frontend/_2946_ only has one pin. Check if it is intended to be dangling.
[WARNING RSZ-0104] Net frontend/_2945_ only has one pin. Check if it is intended to be dangling.
[WARNING RSZ-0104] Net frontend/_2944_ only has one pin. Check if it is intended to be dangling.
[WARNING RSZ-0104] Net frontend/_2943_ only has one pin. Check if it is intended to be dangling.
[WARNING RSZ-0104] Net frontend/_2942_ only has one pin. Check if it is intended to be dangling.
[WARNING RSZ-0104] Net frontend/_2932_ only has one pin. Check if it is intended to be dangling.
[WARNING RSZ-0104] Net frontend/_2965_ only has one pin. Check if it is intended to be dangling.
[WARNING RSZ-0104] Net frontend/_2964_ only has one pin. Check if it is intended to be dangling.
[WARNING RSZ-0104] Net frontend/_2963_ only has one pin. Check if it is intended to be dangling.
[WARNING RSZ-0104] Net frontend/_2962_ only has one pin. Check if it is intended to be dangling.
[WARNING RSZ-0104] Net frontend/_2961_ only has one pin. Check if it is intended to be dangling.
[WARNING RSZ-0104] Net frontend/_2960_ only has one pin. Check if it is intended to be dangling.
[WARNING RSZ-0104] Net frontend/_2959_ only has one pin. Check if it is intended to be dangling.
[WARNING RSZ-0104] Net frontend/_2958_ only has one pin. Check if it is intended to be dangling.
[WARNING RSZ-0104] Net frontend/_2880_ only has one pin. Check if it is intended to be dangling.
[WARNING RSZ-0104] Net frontend/_2979_ only has one pin. Check if it is intended to be dangling.
[WARNING RSZ-0104] Net frontend/_2978_ only has one pin. Check if it is intended to be dangling.
[WARNING RSZ-0104] Net frontend/_2977_ only has one pin. Check if it is intended to be dangling.
[WARNING RSZ-0104] Net frontend/_2976_ only has one pin. Check if it is intended to be dangling.
[WARNING RSZ-0104] Net frontend/_2957_ only has one pin. Check if it is intended to be dangling.
[WARNING RSZ-0104] Net frontend/_2975_ only has one pin. Check if it is intended to be dangling.
[WARNING RSZ-0104] Net frontend/_2974_ only has one pin. Check if it is intended to be dangling.
[WARNING RSZ-0104] Net frontend/_2973_ only has one pin. Check if it is intended to be dangling.
[WARNING RSZ-0104] Net frontend/_2972_ only has one pin. Check if it is intended to be dangling.
[WARNING RSZ-0104] Net frontend/_2971_ only has one pin. Check if it is intended to be dangling.
[WARNING RSZ-0104] Net frontend/_2970_ only has one pin. Check if it is intended to be dangling.
[WARNING RSZ-0104] Net frontend/_2969_ only has one pin. Check if it is intended to be dangling.
[WARNING RSZ-0104] Net frontend/_2968_ only has one pin. Check if it is intended to be dangling.
[WARNING RSZ-0104] Net frontend/_2967_ only has one pin. Check if it is intended to be dangling.
[WARNING RSZ-0104] Net frontend/_2966_ only has one pin. Check if it is intended to be dangling.
[WARNING RSZ-0104] Net frontend/_2956_ only has one pin. Check if it is intended to be dangling.
[WARNING RSZ-0104] Net frontend/_3395_ only has one pin. Check if it is intended to be dangling.
[WARNING RSZ-0104] Net frontend/_2855_ only has one pin. Check if it is intended to be dangling.
[WARNING RSZ-0104] Net frontend/_3348_ only has one pin. Check if it is intended to be dangling.
[WARNING RSZ-0104] Net frontend/_3347_ only has one pin. Check if it is intended to be dangling.
[WARNING RSZ-0104] Net frontend/_3346_ only has one pin. Check if it is intended to be dangling.
[WARNING RSZ-0104] Net frontend/_3345_ only has one pin. Check if it is intended to be dangling.
[WARNING RSZ-0104] Net frontend/_3344_ only has one pin. Check if it is intended to be dangling.
[WARNING RSZ-0104] Net frontend/_3343_ only has one pin. Check if it is intended to be dangling.
[WARNING RSZ-0104] Net frontend/_3342_ only has one pin. Check if it is intended to be dangling.
[WARNING RSZ-0104] Net frontend/_2856_ only has one pin. Check if it is intended to be dangling.
[WARNING RSZ-0104] Net frontend/_3369_ only has one pin. Check if it is intended to be dangling.
[WARNING RSZ-0104] Net frontend/_3341_ only has one pin. Check if it is intended to be dangling.
[WARNING RSZ-0104] Net frontend/_3368_ only has one pin. Check if it is intended to be dangling.
[WARNING RSZ-0104] Net frontend/_3367_ only has one pin. Check if it is intended to be dangling.
[WARNING RSZ-0104] Net frontend/_3366_ only has one pin. Check if it is intended to be dangling.
[WARNING RSZ-0104] Net frontend/_3365_ only has one pin. Check if it is intended to be dangling.
[WARNING RSZ-0104] Net frontend/_3364_ only has one pin. Check if it is intended to be dangling.
[WARNING RSZ-0104] Net frontend/_3363_ only has one pin. Check if it is intended to be dangling.
[WARNING RSZ-0104] Net frontend/_3362_ only has one pin. Check if it is intended to be dangling.
[WARNING RSZ-0104] Net frontend/_3361_ only has one pin. Check if it is intended to be dangling.
[WARNING RSZ-0104] Net frontend/_3360_ only has one pin. Check if it is intended to be dangling.
[WARNING RSZ-0104] Net frontend/_3359_ only has one pin. Check if it is intended to be dangling.
[WARNING RSZ-0104] Net frontend/_3340_ only has one pin. Check if it is intended to be dangling.
[WARNING RSZ-0104] Net frontend/_3358_ only has one pin. Check if it is intended to be dangling.
[WARNING RSZ-0104] Net frontend/_3357_ only has one pin. Check if it is intended to be dangling.
[WARNING RSZ-0104] Net frontend/_3356_ only has one pin. Check if it is intended to be dangling.
[WARNING RSZ-0104] Net frontend/_3355_ only has one pin. Check if it is intended to be dangling.
[WARNING RSZ-0104] Net frontend/_3354_ only has one pin. Check if it is intended to be dangling.
[WARNING RSZ-0104] Net frontend/_3353_ only has one pin. Check if it is intended to be dangling.
[WARNING RSZ-0104] Net frontend/_3352_ only has one pin. Check if it is intended to be dangling.
[WARNING RSZ-0104] Net frontend/_3351_ only has one pin. Check if it is intended to be dangling.
[WARNING RSZ-0104] Net frontend/_3350_ only has one pin. Check if it is intended to be dangling.
[WARNING RSZ-0104] Net frontend/_3349_ only has one pin. Check if it is intended to be dangling.
[WARNING RSZ-0104] Net frontend/_3339_ only has one pin. Check if it is intended to be dangling.
[WARNING RSZ-0104] Net frontend/_2854_ only has one pin. Check if it is intended to be dangling.
[WARNING RSZ-0104] Net frontend/_2858_ only has one pin. Check if it is intended to be dangling.
[WARNING RSZ-0104] Net frontend/_3132_ only has one pin. Check if it is intended to be dangling.
[WARNING RSZ-0104] Net frontend/_3131_ only has one pin. Check if it is intended to be dangling.
[WARNING RSZ-0104] Net frontend/_3130_ only has one pin. Check if it is intended to be dangling.
[WARNING RSZ-0104] Net frontend/_3394_ only has one pin. Check if it is intended to be dangling.
[WARNING RSZ-0104] Net frontend/_3153_ only has one pin. Check if it is intended to be dangling.
[WARNING RSZ-0104] Net frontend/_3152_ only has one pin. Check if it is intended to be dangling.
[WARNING RSZ-0104] Net frontend/_3151_ only has one pin. Check if it is intended to be dangling.
[WARNING RSZ-0104] Net frontend/_3150_ only has one pin. Check if it is intended to be dangling.
[WARNING RSZ-0104] Net frontend/_3149_ only has one pin. Check if it is intended to be dangling.
[WARNING RSZ-0104] Net frontend/_3148_ only has one pin. Check if it is intended to be dangling.
[WARNING RSZ-0104] Net frontend/_3147_ only has one pin. Check if it is intended to be dangling.
[WARNING RSZ-0104] Net frontend/_3146_ only has one pin. Check if it is intended to be dangling.
[WARNING RSZ-0104] Net frontend/_3145_ only has one pin. Check if it is intended to be dangling.
[WARNING RSZ-0104] Net frontend/_3144_ only has one pin. Check if it is intended to be dangling.
[WARNING RSZ-0104] Net frontend/_3143_ only has one pin. Check if it is intended to be dangling.
[WARNING RSZ-0104] Net frontend/_3142_ only has one pin. Check if it is intended to be dangling.
[WARNING RSZ-0104] Net frontend/_3141_ only has one pin. Check if it is intended to be dangling.
[WARNING RSZ-0104] Net frontend/_3140_ only has one pin. Check if it is intended to be dangling.
[WARNING RSZ-0104] Net frontend/_3139_ only has one pin. Check if it is intended to be dangling.
[WARNING RSZ-0104] Net frontend/_3138_ only has one pin. Check if it is intended to be dangling.
[WARNING RSZ-0104] Net frontend/_3137_ only has one pin. Check if it is intended to be dangling.
[WARNING RSZ-0104] Net frontend/_3136_ only has one pin. Check if it is intended to be dangling.
[WARNING RSZ-0104] Net frontend/_3135_ only has one pin. Check if it is intended to be dangling.
[WARNING RSZ-0104] Net frontend/_3134_ only has one pin. Check if it is intended to be dangling.
[WARNING RSZ-0104] Net frontend/_3133_ only has one pin. Check if it is intended to be dangling.
    26000 |     +0.0% |       0 |       5 |            13 |      8784
[WARNING RSZ-0104] Net frontend/_3396_ only has one pin. Check if it is intended to be dangling.
[WARNING RSZ-0104] Net frontend/_2875_ only has one pin. Check if it is intended to be dangling.
[WARNING RSZ-0104] Net frontend/_2874_ only has one pin. Check if it is intended to be dangling.
[WARNING RSZ-0104] Net frontend/_2988_ only has one pin. Check if it is intended to be dangling.
[WARNING RSZ-0104] Net frontend/_2987_ only has one pin. Check if it is intended to be dangling.
[WARNING RSZ-0104] Net frontend/_2986_ only has one pin. Check if it is intended to be dangling.
[WARNING RSZ-0104] Net frontend/_2985_ only has one pin. Check if it is intended to be dangling.
[WARNING RSZ-0104] message limit (1000) reached. This message will no longer print.
    27000 |     +0.0% |       0 |       5 |            13 |      7784
    28000 |     +0.0% |       0 |       5 |            14 |      6784
    29000 |     +0.0% |       0 |       5 |            14 |      5784
    30000 |     +0.0% |       0 |       5 |            14 |      4784
    31000 |     +0.0% |       0 |       5 |            14 |      3784
    32000 |     +0.0% |       0 |       5 |            14 |      2784
    33000 |     +0.0% |       0 |       5 |            14 |      1784
    34000 |     +0.0% |       0 |       5 |            14 |       784
    final |     +0.0% |       0 |       5 |            14 |         0
---------------------------------------------------------------------
[INFO RSZ-0036] Found 14 capacitance violations.
[INFO RSZ-0038] Inserted 5 buffers in 14 nets.
[INFO RSZ-0504] Runtime: 3.64s
global_route -start_incremental
detailed_placement
[INFO DPL-0006] Core area: 88535.44 um^2
[INFO DPL-0007] Movable instances area: 52830.53 um^2
[INFO DPL-0008] Fixed instances area within core: 2693.78 um^2
[INFO DPL-0009] Utilization: 62.7%
[INFO DPL-0005] Diamond search max displacement: +/- 500 sites horizontally, +/- 100 rows vertically.
[INFO DPL-1102] Legalizing using negotiation legalizer.
[INFO DPL-1103] Negotiation base search window: +/-20 sites horizontally, +/-5 rows vertically 
	Automatic search window extension enabled.
	Search window extendable up to the max displacement cap of +/-500 sites, +/-100 rows near walls.
[INFO DPL-1104] NegotiationLegalizer DRC penalty: 5.
[INFO DPL-0392] Negotiation cell height distribution (2 unique row-count(s)):
[INFO DPL-0393]   height 1 row(s): 29656 cells
[INFO DPL-0393]   height 44 row(s): 2 cells
          |      Total |  Illegal |  Illegal
Iteration | Violations |    Cells |    Sites
---------------------------------------------
        0 |         16 |         2 |        14
        1 |          0 |         0 |         0
Negotiation phase 1 converged at iteration 1.
[INFO DPL-0500] Runtime: 0.18s
Placement Analysis
---------------------------------
total displacement          0.9 u
average displacement        0.0 u
max displacement            0.4 u
original HPWL          430787.1 u
legalized HPWL         430786.5 u
delta HPWL                    0 %

global_route -end_incremental -congestion_report_file /work/reports/nangate45/tinyRocket/base/congestion_post_repair_design.rpt
Repair setup and hold violations...
estimate_parasitics -global_routing
repair_timing -setup_margin 0 -hold_margin 0 -repair_tns 100 -verbose
[INFO RSZ-0100] Repair move sequence: UnbufferMove SizeUpMove SwapPinsMove BufferMove CloneMove SplitLoadMove 
[INFO RSZ-0094] Found 610 endpoints with setup violations.
[INFO RSZ-0099] Repairing 610 out of 610 (100.00%) violating endpoints...
   Iter   | Removed | Resized | Inserted | Cloned |  Pin  |   Area   |    WNS   |   StTNS    |   EnTNS    |  Viol  |  Worst  
          | Buffers |  Gates  | Buffers  |  Gates | Swaps |          |          |            |            | Endpts | St/EnPt 
------------------------------------------------------------------------------------------------------------------------------
       0* |       0 |       0 |        0 |      0 |     0 |    +0.0% |   -0.145 |       -5.9 |      -28.9 |    610 | core/div/remainder\[57\]$_SDFFE_PP0P_/D
      10* |       0 |       2 |        1 |      0 |     6 |    +0.0% |   -0.142 |       -5.6 |      -29.0 |    610 | core/div/remainder\[64\]$_SDFFE_PP0P_/D
      20* |       0 |       5 |        1 |      0 |    13 |    +0.0% |   -0.137 |       -5.5 |      -28.9 |    610 | core/div/remainder\[64\]$_SDFFE_PP0P_/D
      30* |       0 |       5 |        3 |      1 |    20 |    +0.0% |   -0.172 |       -6.1 |      -29.6 |    610 | core/div/remainder\[64\]$_SDFFE_PP0P_/D
      40* |       0 |       8 |        7 |      1 |    25 |    +0.0% |   -0.166 |       -6.1 |      -29.7 |    610 | core/div/remainder\[64\]$_SDFFE_PP0P_/D
      49* |       0 |       5 |        1 |      0 |    13 |    +0.0% |   -0.137 |       -5.5 |      -28.9 |    610 | core/div/remainder\[64\]$_SDFFE_PP0P_/D
      50* |       0 |       5 |        1 |      0 |    13 |    +0.0% |   -0.137 |       -5.5 |      -28.9 |    610 | core/div/remainder\[64\]$_SDFFE_PP0P_/D
      60* |       0 |       7 |        3 |      0 |    20 |    +0.0% |   -0.158 |       -5.7 |      -29.3 |    610 | core/div/remainder\[64\]$_SDFFE_PP0P_/D
      70* |       0 |      11 |        7 |      1 |    21 |    +0.0% |   -0.146 |       -5.6 |      -29.2 |    610 | core/div/remainder\[64\]$_SDFFE_PP0P_/D
      75* |       0 |       7 |        3 |      0 |    15 |    +0.0% |   -0.134 |       -5.4 |      -28.9 |    610 | core/div/remainder\[64\]$_SDFFE_PP0P_/D
      80* |       0 |       7 |        5 |      1 |    16 |    +0.0% |   -0.139 |       -5.3 |      -29.0 |    610 | core/div/remainder\[64\]$_SDFFE_PP0P_/D
      90* |       0 |       9 |        8 |      1 |    21 |    +0.0% |   -0.152 |       -5.3 |      -29.5 |    610 | core/div/remainder\[64\]$_SDFFE_PP0P_/D
     100* |       0 |      13 |        8 |      1 |    27 |    +0.0% |   -0.137 |       -5.3 |      -29.1 |    610 | core/div/remainder\[64\]$_SDFFE_PP0P_/D
     110* |       0 |      19 |        8 |      1 |    31 |    +0.0% |   -0.138 |       -5.3 |      -29.1 |    610 | core/div/remainder\[57\]$_SDFFE_PP0P_/D
     120* |       0 |      22 |       11 |      1 |    35 |    +0.1% |   -0.147 |       -5.5 |      -29.3 |    610 | core/div/remainder\[64\]$_SDFFE_PP0P_/D
     120* |       0 |       7 |        4 |      0 |    16 |    +0.0% |   -0.132 |       -5.3 |      -28.9 |    610 | core/div/remainder\[64\]$_SDFFE_PP0P_/D
     130* |       0 |      10 |        5 |      1 |    20 |    +0.0% |   -0.143 |       -5.5 |      -29.0 |    610 | core/div/remainder\[64\]$_SDFFE_PP0P_/D
     140* |       0 |      11 |        9 |      1 |    26 |    +0.0% |   -0.160 |       -5.6 |      -29.5 |    610 | core/div/remainder\[64\]$_SDFFE_PP0P_/D
     150* |       0 |      17 |       11 |      1 |    28 |    +0.0% |   -0.147 |       -5.5 |      -29.2 |    610 | core/div/remainder\[64\]$_SDFFE_PP0P_/D
     153* |       0 |       7 |        4 |      0 |    16 |    +0.0% |   -0.132 |       -5.3 |      -28.9 |    610 | core/div/remainder\[64\]$_SDFFE_PP0P_/D
     160* |       0 |       9 |        5 |      1 |    18 |    +0.0% |   -0.142 |       -5.5 |      -29.0 |    610 | core/div/remainder\[64\]$_SDFFE_PP0P_/D
     170* |       0 |      13 |        9 |      1 |    20 |    +0.0% |   -0.143 |       -5.4 |      -29.2 |    610 | core/div/remainder\[64\]$_SDFFE_PP0P_/D
     178* |       0 |       7 |        4 |      0 |    16 |    +0.0% |   -0.132 |       -5.3 |      -28.9 |    610 | core/div/remainder\[64\]$_SDFFE_PP0P_/D
     180* |       0 |       7 |        4 |      0 |    17 |    +0.0% |   -0.132 |       -5.3 |      -28.9 |    610 | core/div/remainder\[64\]$_SDFFE_PP0P_/D
     190* |       0 |       9 |        8 |      2 |    20 |    +0.0% |   -0.147 |       -5.4 |      -29.2 |    610 | core/div/remainder\[64\]$_SDFFE_PP0P_/D
     198* |       0 |       7 |        5 |      0 |    19 |    +0.0% |   -0.130 |       -5.3 |      -28.9 |    610 | core/div/remainder\[64\]$_SDFFE_PP0P_/D
     200* |       0 |       7 |        5 |      0 |    20 |    +0.0% |   -0.130 |       -5.3 |      -28.9 |    610 | core/div/remainder\[64\]$_SDFFE_PP0P_/D
     210* |       0 |      11 |        7 |      0 |    24 |    +0.0% |   -0.150 |       -5.8 |      -29.3 |    610 | core/div/remainder\[65\]$_SDFFE_PP0P_/D
     220* |       0 |      11 |        8 |      0 |    33 |    +0.0% |   -0.147 |       -5.7 |      -29.2 |    610 | core/div/remainder\[57\]$_SDFFE_PP0P_/D
     230* |       0 |      13 |        9 |      0 |    40 |    +0.0% |   -0.145 |       -5.5 |      -29.0 |    610 | core/div/remainder\[64\]$_SDFFE_PP0P_/D
     240* |       0 |      15 |       10 |      0 |    47 |    +0.0% |   -0.145 |       -5.4 |      -29.0 |    610 | core/div/remainder\[64\]$_SDFFE_PP0P_/D
     250* |       0 |      18 |       12 |      0 |    52 |    +0.0% |   -0.145 |       -5.2 |      -29.0 |    610 | core/div/remainder\[64\]$_SDFFE_PP0P_/D
     250* |       0 |       7 |        5 |      0 |    20 |    +0.0% |   -0.130 |       -5.3 |      -28.9 |    610 | core/div/remainder\[64\]$_SDFFE_PP0P_/D
     260* |       0 |      10 |        7 |      1 |    23 |    +0.0% |   -0.139 |       -5.5 |      -29.1 |    610 | core/div/remainder\[64\]$_SDFFE_PP0P_/D
     270* |       0 |      15 |        7 |      1 |    28 |    +0.0% |   -0.136 |       -5.4 |      -29.0 |    610 | core/div/remainder\[57\]$_SDFFE_PP0P_/D
     280* |       0 |      17 |        9 |      2 |    33 |    +0.0% |   -0.143 |       -5.5 |      -29.1 |    610 | core/div/remainder\[64\]$_SDFFE_PP0P_/D
     290* |       0 |      19 |       13 |      2 |    37 |    +0.1% |   -0.167 |       -5.4 |      -29.6 |    610 | core/div/remainder\[57\]$_SDFFE_PP0P_/D
     300* |       0 |      22 |       14 |      2 |    43 |    +0.1% |   -0.153 |       -5.4 |      -29.4 |    610 | core/div/remainder\[57\]$_SDFFE_PP0P_/D
     301* |       0 |       7 |        5 |      0 |    20 |    +0.0% |   -0.130 |       -5.3 |      -28.9 |    610 | core/div/remainder\[64\]$_SDFFE_PP0P_/D
     310* |       0 |      10 |        6 |      1 |    23 |    +0.0% |   -0.153 |       -5.3 |      -29.5 |    610 | core/div/remainder\[64\]$_SDFFE_PP0P_/D
     320* |       0 |      13 |        8 |      2 |    27 |    +0.0% |   -0.157 |       -5.4 |      -29.5 |    610 | core/div/remainder\[64\]$_SDFFE_PP0P_/D
     330* |       1 |      20 |        9 |      2 |    28 |    +0.0% |   -0.143 |       -5.4 |      -29.3 |    610 | core/div/remainder\[57\]$_SDFFE_PP0P_/D
     330* |       0 |      10 |        6 |      0 |    23 |    +0.0% |   -0.129 |       -5.3 |      -28.9 |    610 | core/div/remainder\[64\]$_SDFFE_PP0P_/D
     340* |       0 |      14 |        8 |      0 |    26 |    +0.0% |   -0.131 |       -5.3 |      -28.9 |    610 | core/div/remainder\[64\]$_SDFFE_PP0P_/D
     350* |       0 |      17 |        9 |      1 |    31 |    +0.0% |   -0.143 |       -5.4 |      -29.0 |    610 | core/div/remainder\[64\]$_SDFFE_PP0P_/D
     360* |       0 |      20 |       11 |      1 |    36 |    +0.0% |   -0.146 |       -5.5 |      -29.1 |    610 | core/div/remainder\[57\]$_SDFFE_PP0P_/D
     370* |       0 |      27 |       11 |      1 |    39 |    +0.1% |   -0.143 |       -5.5 |      -29.0 |    610 | core/div/remainder\[64\]$_SDFFE_PP0P_/D
     380* |       0 |      32 |       13 |      1 |    42 |    +0.1% |   -0.143 |       -5.5 |      -29.1 |    610 | core/div/remainder\[64\]$_SDFFE_PP0P_/D
     381* |       0 |      10 |        6 |      0 |    23 |    +0.0% |   -0.129 |       -5.3 |      -28.9 |    610 | core/div/remainder\[64\]$_SDFFE_PP0P_/D
     390* |       0 |      14 |        8 |      1 |    24 |    +0.0% |   -0.139 |       -5.5 |      -29.1 |    610 | core/div/remainder\[64\]$_SDFFE_PP0P_/D
     400* |       0 |      21 |        9 |      1 |    26 |    +0.0% |   -0.136 |       -5.5 |      -29.1 |    610 | core/div/remainder\[57\]$_SDFFE_PP0P_/D
     410* |       0 |      25 |       10 |      3 |    29 |    +0.1% |   -0.143 |       -5.5 |      -29.2 |    610 | core/div/remainder\[57\]$_SDFFE_PP0P_/D
     420* |       0 |      29 |       13 |      3 |    32 |    +0.1% |   -0.146 |       -5.5 |      -29.4 |    610 | core/div/remainder\[57\]$_SDFFE_PP0P_/D
     425* |       0 |      11 |        6 |      0 |    24 |    +0.0% |   -0.129 |       -5.3 |      -28.9 |    610 | core/div/remainder\[64\]$_SDFFE_PP0P_/D
     430* |       0 |      13 |        9 |      0 |    24 |    +0.0% |   -0.131 |       -5.3 |      -28.9 |    610 | core/div/remainder\[64\]$_SDFFE_PP0P_/D
     440* |       0 |      19 |       13 |      0 |    25 |    +0.0% |   -0.150 |       -5.5 |      -29.2 |    610 | core/div/remainder\[57\]$_SDFFE_PP0P_/D
     450* |       0 |      27 |       13 |      0 |    27 |    +0.1% |   -0.138 |       -5.4 |      -28.9 |    610 | core/div/remainder\[64\]$_SDFFE_PP0P_/D
     451* |       0 |      11 |        6 |      0 |    24 |    +0.0% |   -0.129 |       -5.3 |      -28.9 |    610 | core/div/remainder\[64\]$_SDFFE_PP0P_/D
     460* |       0 |      15 |       11 |      0 |    25 |    +0.0% |   -0.138 |       -5.4 |      -28.9 |    610 | core/div/remainder\[64\]$_SDFFE_PP0P_/D
     470* |       0 |      23 |       13 |      0 |    25 |    +0.0% |   -0.138 |       -5.4 |      -29.0 |    610 | core/div/remainder\[64\]$_SDFFE_PP0P_/D
     480* |       0 |      31 |       14 |      0 |    26 |    +0.1% |   -0.138 |       -5.4 |      -29.0 |    610 | core/div/remainder\[64\]$_SDFFE_PP0P_/D
     488* |       0 |      11 |        6 |      0 |    24 |    +0.0% |   -0.129 |       -5.3 |      -28.9 |    610 | core/div/remainder\[64\]$_SDFFE_PP0P_/D
     490* |       0 |      11 |        6 |      0 |    25 |    +0.0% |   -0.129 |       -5.3 |      -28.9 |    610 | core/div/remainder\[64\]$_SDFFE_PP0P_/D
     500* |       0 |      17 |        8 |      2 |    25 |    +0.0% |   -0.139 |       -5.3 |      -29.2 |    610 | core/div/remainder\[65\]$_SDFFE_PP0P_/D
     510* |       1 |      24 |        9 |      2 |    26 |    +0.0% |   -0.138 |       -5.3 |      -29.1 |    610 | core/div/remainder\[65\]$_SDFFE_PP0P_/D
     512* |       0 |      11 |        6 |      0 |    24 |    +0.0% |   -0.129 |       -5.3 |      -28.9 |    610 | core/div/remainder\[64\]$_SDFFE_PP0P_/D
     520* |       0 |      15 |        9 |      0 |    25 |    +0.0% |   -0.138 |       -5.4 |      -28.9 |    610 | core/div/remainder\[64\]$_SDFFE_PP0P_/D
     530* |       0 |      21 |       13 |      0 |    26 |    +0.0% |   -0.139 |       -5.4 |      -29.1 |    610 | core/div/remainder\[57\]$_SDFFE_PP0P_/D
     540* |       0 |      29 |       15 |      0 |    26 |    +0.1% |   -0.138 |       -5.4 |      -29.1 |    610 | core/div/remainder\[64\]$_SDFFE_PP0P_/D
     550* |       0 |      35 |       17 |      0 |    28 |    +0.1% |   -0.138 |       -5.4 |      -29.1 |    610 | core/div/remainder\[64\]$_SDFFE_PP0P_/D
     556* |       0 |      11 |        6 |      0 |    24 |    +0.0% |   -0.129 |       -5.3 |      -28.9 |    610 | core/div/remainder\[64\]$_SDFFE_PP0P_/D
     560* |       0 |      11 |        7 |      1 |    25 |    +0.0% |   -0.137 |       -5.3 |      -29.0 |    610 | core/div/remainder\[64\]$_SDFFE_PP0P_/D
     570* |       0 |      18 |        8 |      2 |    26 |    +0.0% |   -0.139 |       -5.4 |      -29.2 |    610 | core/div/remainder\[65\]$_SDFFE_PP0P_/D
     579* |       0 |      11 |        6 |      0 |    25 |    +0.0% |   -0.129 |       -5.3 |      -28.9 |    610 | core/div/remainder\[64\]$_SDFFE_PP0P_/D
     580* |       0 |      11 |        6 |      0 |    25 |    +0.0% |   -0.129 |       -5.3 |      -28.9 |    610 | core/div/remainder\[64\]$_SDFFE_PP0P_/D
     590* |       0 |      14 |       11 |      1 |    26 |    +0.0% |   -0.139 |       -5.3 |      -29.0 |    610 | core/div/remainder\[64\]$_SDFFE_PP0P_/D
     600* |       0 |      21 |       13 |      1 |    27 |    +0.0% |   -0.145 |       -5.3 |      -29.3 |    610 | core/div/remainder\[64\]$_SDFFE_PP0P_/D
     610* |       0 |      29 |       15 |      1 |    27 |    +0.1% |   -0.151 |       -5.4 |      -29.4 |    610 | core/div/remainder\[64\]$_SDFFE_PP0P_/D
     620* |       0 |      36 |       15 |      1 |    30 |    +0.1% |   -0.152 |       -5.5 |      -29.3 |    610 | core/div/remainder\[64\]$_SDFFE_PP0P_/D
     630* |       0 |      41 |       16 |      1 |    34 |    +0.1% |   -0.152 |       -5.5 |      -29.3 |    610 | core/div/remainder\[64\]$_SDFFE_PP0P_/D
     632* |       0 |      12 |        7 |      0 |    25 |    +0.0% |   -0.129 |       -5.3 |      -28.9 |    610 | core/div/remainder\[64\]$_SDFFE_PP0P_/D
     640* |       0 |      14 |        8 |      0 |    29 |    +0.0% |   -0.129 |       -5.4 |      -31.5 |    610 | core/div/remainder\[64\]$_SDFFE_PP0P_/D
     650* |       0 |      19 |        9 |      0 |    33 |    +0.0% |   -0.129 |       -5.4 |      -29.3 |    610 | core/div/remainder\[64\]$_SDFFE_PP0P_/D
     660* |       0 |      28 |       10 |      0 |    33 |    +0.1% |   -0.129 |       -5.4 |      -29.2 |    610 | core/div/remainder\[64\]$_SDFFE_PP0P_/D
     670* |       0 |      34 |       11 |      0 |    36 |    +0.1% |   -0.129 |       -5.3 |      -26.5 |    610 | core/div/remainder\[64\]$_SDFFE_PP0P_/D
     680* |       0 |      39 |       12 |      0 |    40 |    +0.1% |   -0.129 |       -5.3 |      -27.9 |    610 | core/div/remainder\[64\]$_SDFFE_PP0P_/D
     690* |       0 |      47 |       12 |      0 |    42 |    +0.1% |   -0.129 |       -5.3 |      -25.8 |    610 | core/div/remainder\[64\]$_SDFFE_PP0P_/D
     700* |       0 |      54 |       14 |      0 |    43 |    +0.1% |   -0.129 |       -5.3 |      -26.2 |    610 | core/div/remainder\[64\]$_SDFFE_PP0P_/D
     710* |       0 |      61 |       16 |      0 |    45 |    +0.1% |   -0.129 |       -5.2 |      -24.1 |    610 | core/div/remainder\[64\]$_SDFFE_PP0P_/D
     720* |       0 |      68 |       17 |      0 |    47 |    +0.1% |   -0.129 |       -5.2 |      -23.5 |    610 | core/div/remainder\[64\]$_SDFFE_PP0P_/D
     730* |       0 |      76 |       17 |      0 |    49 |    +0.1% |   -0.129 |       -5.2 |      -22.4 |    610 | core/div/remainder\[64\]$_SDFFE_PP0P_/D
     740* |       0 |      83 |       17 |      0 |    52 |    +0.1% |   -0.129 |       -5.2 |      -23.6 |    610 | core/div/remainder\[64\]$_SDFFE_PP0P_/D
     750* |       0 |      88 |       23 |      0 |    54 |    +0.2% |   -0.129 |       -5.3 |      -29.2 |    610 | core/div/remainder\[64\]$_SDFFE_PP0P_/D
     760* |       0 |      92 |       25 |      1 |    57 |    +0.2% |   -0.129 |       -5.3 |      -29.4 |    610 | core/div/remainder\[64\]$_SDFFE_PP0P_/D
     770* |       1 |      96 |       27 |      2 |    59 |    +0.2% |   -0.129 |       -5.3 |      -26.5 |    610 | core/div/remainder\[64\]$_SDFFE_PP0P_/D
     773* |       1 |      98 |       27 |      2 |    60 |    +0.2% |   -0.129 |       -5.3 |      -26.5 |    610 | core/div/remainder\[64\]$_SDFFE_PP0P_/D
     774* |       1 |      98 |       27 |      2 |    60 |    +0.2% |   -0.129 |       -5.3 |      -26.5 |    610 | core/div/remainder\[64\]$_SDFFE_PP0P_/D
     775* |       1 |      98 |       27 |      2 |    60 |    +0.2% |   -0.129 |       -5.3 |      -26.5 |    610 | core/div/remainder\[64\]$_SDFFE_PP0P_/D
     780* |       1 |      98 |       28 |      3 |    62 |    +0.2% |   -0.137 |       -5.3 |      -26.6 |    610 | core/div/remainder\[64\]$_SDFFE_PP0P_/D
     790* |       1 |     106 |       29 |      4 |    62 |    +0.2% |   -0.140 |       -5.3 |      -26.7 |    610 | core/div/remainder\[65\]$_SDFFE_PP0P_/D
     800* |       2 |     113 |       30 |      4 |    63 |    +0.2% |   -0.139 |       -5.3 |      -26.7 |    610 | core/div/remainder\[65\]$_SDFFE_PP0P_/D
     800* |       1 |      98 |       27 |      2 |    60 |    +0.2% |   -0.129 |       -5.3 |      -26.5 |    610 | core/div/remainder\[64\]$_SDFFE_PP0P_/D
     802* |       1 |      99 |       27 |      2 |    60 |    +0.2% |   -0.129 |       -5.3 |      -26.6 |    610 | core/div/remainder\[64\]$_SDFFE_PP0P_/D
     803* |       1 |      99 |       27 |      2 |    60 |    +0.2% |   -0.129 |       -5.3 |      -26.6 |    610 | core/div/remainder\[64\]$_SDFFE_PP0P_/D
     810* |       1 |     100 |       29 |      4 |    61 |    +0.2% |   -0.142 |       -5.3 |      -26.9 |    610 | core/div/remainder\[64\]$_SDFFE_PP0P_/D
     820* |       1 |     108 |       29 |      4 |    63 |    +0.2% |   -0.140 |       -5.4 |      -26.8 |    610 | core/div/remainder\[65\]$_SDFFE_PP0P_/D
     830* |       1 |     116 |       30 |      4 |    64 |    +0.2% |   -0.139 |       -5.4 |      -26.8 |    610 | core/div/remainder\[65\]$_SDFFE_PP0P_/D
     833* |       1 |      99 |       27 |      2 |    60 |    +0.2% |   -0.129 |       -5.3 |      -26.6 |    610 | core/div/remainder\[64\]$_SDFFE_PP0P_/D
     840* |       1 |     102 |       27 |      4 |    61 |    +0.2% |   -0.129 |       -5.3 |      -27.1 |    610 | core/div/remainder\[64\]$_SDFFE_PP0P_/D
     840* |       1 |     101 |       27 |      2 |    61 |    +0.2% |   -0.129 |       -5.3 |      -26.6 |    610 | core/div/remainder\[64\]$_SDFFE_PP0P_/D
     841* |       1 |     101 |       27 |      2 |    61 |    +0.2% |   -0.129 |       -5.3 |      -26.6 |    610 | core/div/remainder\[64\]$_SDFFE_PP0P_/D
     842* |       1 |     101 |       27 |      2 |    61 |    +0.2% |   -0.129 |       -5.3 |      -26.6 |    610 | core/div/remainder\[64\]$_SDFFE_PP0P_/D
     843* |       1 |     101 |       27 |      2 |    61 |    +0.2% |   -0.129 |       -5.3 |      -26.6 |    610 | core/div/remainder\[64\]$_SDFFE_PP0P_/D
     844* |       1 |     101 |       27 |      2 |    61 |    +0.2% |   -0.129 |       -5.3 |      -26.6 |    610 | core/div/remainder\[64\]$_SDFFE_PP0P_/D
     845* |       1 |     101 |       27 |      2 |    61 |    +0.2% |   -0.129 |       -5.3 |      -26.6 |    610 | core/div/remainder\[64\]$_SDFFE_PP0P_/D
     846* |       1 |     101 |       27 |      2 |    61 |    +0.2% |   -0.129 |       -5.3 |      -26.6 |    610 | core/div/remainder\[64\]$_SDFFE_PP0P_/D
     847* |       1 |     101 |       27 |      2 |    61 |    +0.2% |   -0.129 |       -5.3 |      -26.6 |    610 | core/div/remainder\[64\]$_SDFFE_PP0P_/D
     848* |       1 |     101 |       27 |      2 |    61 |    +0.2% |   -0.129 |       -5.3 |      -26.6 |    610 | core/div/remainder\[64\]$_SDFFE_PP0P_/D
     849* |       1 |     101 |       27 |      2 |    61 |    +0.2% |   -0.129 |       -5.3 |      -26.6 |    610 | core/div/remainder\[64\]$_SDFFE_PP0P_/D
     850* |       1 |     101 |       27 |      2 |    61 |    +0.2% |   -0.129 |       -5.3 |      -26.6 |    610 | core/div/remainder\[64\]$_SDFFE_PP0P_/D
     850* |       1 |     101 |       27 |      2 |    61 |    +0.2% |   -0.129 |       -5.3 |      -26.6 |    610 | core/div/remainder\[64\]$_SDFFE_PP0P_/D
     854* |       1 |     101 |       27 |      2 |    61 |    +0.2% |   -0.129 |       -5.3 |      -26.6 |    610 | core/div/remainder\[64\]$_SDFFE_PP0P_/D
     858* |       1 |     101 |       27 |      2 |    61 |    +0.2% |   -0.129 |       -5.3 |      -26.6 |    610 | core/div/remainder\[64\]$_SDFFE_PP0P_/D
     859* |       1 |     101 |       27 |      2 |    61 |    +0.2% |   -0.129 |       -5.3 |      -26.6 |    610 | core/div/remainder\[64\]$_SDFFE_PP0P_/D
     860* |       1 |     101 |       27 |      2 |    61 |    +0.2% |   -0.129 |       -5.3 |      -26.6 |    610 | core/div/remainder\[64\]$_SDFFE_PP0P_/D
     863* |       1 |     101 |       27 |      2 |    61 |    +0.2% |   -0.129 |       -5.3 |      -26.6 |    610 | core/div/remainder\[64\]$_SDFFE_PP0P_/D
     867* |       1 |     101 |       27 |      2 |    61 |    +0.2% |   -0.129 |       -5.3 |      -26.6 |    610 | core/div/remainder\[64\]$_SDFFE_PP0P_/D
     870* |       1 |     102 |       27 |      3 |    61 |    +0.2% |   -0.129 |       -5.3 |      -26.6 |    610 | core/div/remainder\[64\]$_SDFFE_PP0P_/D
     870* |       1 |     102 |       27 |      3 |    61 |    +0.2% |   -0.129 |       -5.3 |      -26.6 |    610 | core/div/remainder\[64\]$_SDFFE_PP0P_/D
     873* |       1 |     104 |       27 |      3 |    61 |    +0.2% |   -0.129 |       -5.3 |      -26.9 |    610 | core/div/remainder\[64\]$_SDFFE_PP0P_/D
     877* |       1 |     104 |       27 |      3 |    61 |    +0.2% |   -0.129 |       -5.3 |      -26.9 |    610 | core/div/remainder\[64\]$_SDFFE_PP0P_/D
     878* |       1 |     104 |       27 |      3 |    61 |    +0.2% |   -0.129 |       -5.3 |      -26.9 |    610 | core/div/remainder\[64\]$_SDFFE_PP0P_/D
     879* |       1 |     104 |       27 |      3 |    61 |    +0.2% |   -0.129 |       -5.3 |      -26.9 |    610 | core/div/remainder\[64\]$_SDFFE_PP0P_/D
     880* |       1 |     104 |       27 |      3 |    61 |    +0.2% |   -0.129 |       -5.3 |      -26.9 |    610 | core/div/remainder\[64\]$_SDFFE_PP0P_/D
     880* |       1 |     104 |       27 |      3 |    61 |    +0.2% |   -0.129 |       -5.3 |      -26.9 |    610 | core/div/remainder\[64\]$_SDFFE_PP0P_/D
     884* |       1 |     104 |       27 |      3 |    61 |    +0.2% |   -0.129 |       -5.3 |      -26.9 |    610 | core/div/remainder\[64\]$_SDFFE_PP0P_/D
     885* |       1 |     104 |       27 |      3 |    61 |    +0.2% |   -0.129 |       -5.3 |      -26.9 |    610 | core/div/remainder\[64\]$_SDFFE_PP0P_/D
     886* |       1 |     104 |       27 |      3 |    61 |    +0.2% |   -0.129 |       -5.3 |      -26.9 |    610 | core/div/remainder\[64\]$_SDFFE_PP0P_/D
     887* |       1 |     104 |       27 |      3 |    61 |    +0.2% |   -0.129 |       -5.3 |      -26.9 |    610 | core/div/remainder\[64\]$_SDFFE_PP0P_/D
     890* |       1 |     104 |       27 |      5 |    61 |    +0.2% |   -0.129 |       -5.3 |      -27.5 |    610 | core/div/remainder\[64\]$_SDFFE_PP0P_/D
     892* |       1 |     105 |       31 |      5 |    61 |    +0.3% |   -0.129 |       -5.3 |      -27.2 |    610 | core/div/remainder\[64\]$_SDFFE_PP0P_/D
     893* |       1 |     105 |       31 |      5 |    61 |    +0.3% |   -0.129 |       -5.3 |      -27.2 |    610 | core/div/remainder\[64\]$_SDFFE_PP0P_/D
     894* |       1 |     105 |       31 |      5 |    61 |    +0.3% |   -0.129 |       -5.3 |      -27.2 |    610 | core/div/remainder\[64\]$_SDFFE_PP0P_/D
     897* |       1 |     105 |       31 |      7 |    61 |    +0.3% |   -0.129 |       -5.3 |      -27.2 |    610 | core/div/remainder\[64\]$_SDFFE_PP0P_/D
     900* |       1 |     105 |       31 |      9 |    61 |    +0.3% |   -0.129 |       -5.3 |      -27.4 |    610 | core/div/remainder\[64\]$_SDFFE_PP0P_/D
     901* |       1 |     106 |       31 |      9 |    61 |    +0.3% |   -0.129 |       -5.3 |      -27.7 |    610 | core/div/remainder\[64\]$_SDFFE_PP0P_/D
     902* |       1 |     106 |       31 |      9 |    61 |    +0.3% |   -0.129 |       -5.3 |      -27.7 |    610 | core/div/remainder\[64\]$_SDFFE_PP0P_/D
     903* |       1 |     106 |       31 |      9 |    61 |    +0.3% |   -0.129 |       -5.3 |      -27.7 |    610 | core/div/remainder\[64\]$_SDFFE_PP0P_/D
     904* |       1 |     106 |       31 |      9 |    61 |    +0.3% |   -0.129 |       -5.3 |      -27.7 |    610 | core/div/remainder\[64\]$_SDFFE_PP0P_/D
     905* |       1 |     106 |       31 |      9 |    61 |    +0.3% |   -0.129 |       -5.3 |      -27.7 |    610 | core/div/remainder\[64\]$_SDFFE_PP0P_/D
     910* |       1 |     108 |       31 |     10 |    62 |    +0.3% |   -0.129 |       -5.3 |      -27.6 |    610 | core/div/remainder\[64\]$_SDFFE_PP0P_/D
     912* |       1 |     107 |       31 |      9 |    62 |    +0.3% |   -0.129 |       -5.3 |      -27.4 |    610 | core/div/remainder\[64\]$_SDFFE_PP0P_/D
     913* |       1 |     107 |       31 |      9 |    62 |    +0.3% |   -0.129 |       -5.3 |      -27.4 |    610 | core/div/remainder\[64\]$_SDFFE_PP0P_/D
     914* |       1 |     107 |       31 |      9 |    62 |    +0.3% |   -0.129 |       -5.3 |      -27.4 |    610 | core/div/remainder\[64\]$_SDFFE_PP0P_/D
     915* |       1 |     107 |       31 |      9 |    62 |    +0.3% |   -0.129 |       -5.3 |      -27.4 |    610 | core/div/remainder\[64\]$_SDFFE_PP0P_/D
     916* |       1 |     107 |       31 |      9 |    62 |    +0.3% |   -0.129 |       -5.3 |      -27.4 |    610 | core/div/remainder\[64\]$_SDFFE_PP0P_/D
     917* |       1 |     107 |       31 |      9 |    62 |    +0.3% |   -0.129 |       -5.3 |      -27.4 |    610 | core/div/remainder\[64\]$_SDFFE_PP0P_/D
     920* |       1 |     108 |       31 |     10 |    62 |    +0.3% |   -0.129 |       -5.3 |      -27.6 |    610 | core/div/remainder\[64\]$_SDFFE_PP0P_/D
     922* |       1 |     107 |       31 |      9 |    62 |    +0.3% |   -0.129 |       -5.3 |      -27.4 |    610 | core/div/remainder\[64\]$_SDFFE_PP0P_/D
     923* |       1 |     107 |       31 |      9 |    62 |    +0.3% |   -0.129 |       -5.3 |      -27.4 |    610 | core/div/remainder\[64\]$_SDFFE_PP0P_/D
     928* |       1 |     107 |       31 |      9 |    62 |    +0.3% |   -0.129 |       -5.3 |      -27.4 |    610 | core/div/remainder\[64\]$_SDFFE_PP0P_/D
     929* |       1 |     107 |       31 |      9 |    62 |    +0.3% |   -0.129 |       -5.3 |      -27.4 |    610 | core/div/remainder\[64\]$_SDFFE_PP0P_/D
     930* |       1 |     107 |       31 |      9 |    62 |    +0.3% |   -0.129 |       -5.3 |      -27.4 |    610 | core/div/remainder\[64\]$_SDFFE_PP0P_/D
     930* |       1 |     107 |       31 |      9 |    62 |    +0.3% |   -0.129 |       -5.3 |      -27.4 |    610 | core/div/remainder\[64\]$_SDFFE_PP0P_/D
     931* |       1 |     107 |       31 |      9 |    62 |    +0.3% |   -0.129 |       -5.3 |      -27.4 |    610 | core/div/remainder\[64\]$_SDFFE_PP0P_/D
     932* |       1 |     107 |       31 |      9 |    62 |    +0.3% |   -0.129 |       -5.3 |      -27.4 |    610 | core/div/remainder\[64\]$_SDFFE_PP0P_/D
     937* |       1 |     107 |       31 |      9 |    62 |    +0.3% |   -0.129 |       -5.3 |      -27.4 |    610 | core/div/remainder\[64\]$_SDFFE_PP0P_/D
     940* |       1 |     108 |       31 |     10 |    62 |    +0.3% |   -0.129 |       -5.3 |      -27.6 |    610 | core/div/remainder\[64\]$_SDFFE_PP0P_/D
     942* |       1 |     107 |       31 |      9 |    62 |    +0.3% |   -0.129 |       -5.3 |      -27.4 |    610 | core/div/remainder\[64\]$_SDFFE_PP0P_/D
     943* |       1 |     107 |       31 |      9 |    62 |    +0.3% |   -0.129 |       -5.3 |      -27.4 |    610 | core/div/remainder\[64\]$_SDFFE_PP0P_/D
     946* |       1 |     107 |       31 |      9 |    62 |    +0.3% |   -0.129 |       -5.3 |      -27.4 |    610 | core/div/remainder\[64\]$_SDFFE_PP0P_/D
     947* |       1 |     107 |       31 |      9 |    62 |    +0.3% |   -0.129 |       -5.3 |      -27.4 |    610 | core/div/remainder\[64\]$_SDFFE_PP0P_/D
     948* |       1 |     107 |       31 |      9 |    62 |    +0.3% |   -0.129 |       -5.3 |      -27.4 |    610 | core/div/remainder\[64\]$_SDFFE_PP0P_/D
     949* |       1 |     107 |       31 |      9 |    62 |    +0.3% |   -0.129 |       -5.3 |      -27.4 |    610 | core/div/remainder\[64\]$_SDFFE_PP0P_/D
     950* |       1 |     107 |       31 |      9 |    62 |    +0.3% |   -0.129 |       -5.3 |      -27.4 |    610 | core/div/remainder\[64\]$_SDFFE_PP0P_/D
     950* |       1 |     107 |       31 |      9 |    62 |    +0.3% |   -0.129 |       -5.3 |      -27.4 |    610 | core/div/remainder\[64\]$_SDFFE_PP0P_/D
     953* |       1 |     109 |       31 |      9 |    62 |    +0.3% |   -0.129 |       -5.3 |      -27.4 |    610 | core/div/remainder\[64\]$_SDFFE_PP0P_/D
     954* |       1 |     109 |       31 |      9 |    62 |    +0.3% |   -0.129 |       -5.3 |      -27.4 |    610 | core/div/remainder\[64\]$_SDFFE_PP0P_/D
     955* |       1 |     109 |       31 |      9 |    62 |    +0.3% |   -0.129 |       -5.3 |      -27.4 |    610 | core/div/remainder\[64\]$_SDFFE_PP0P_/D
     956* |       1 |     109 |       31 |      9 |    62 |    +0.3% |   -0.129 |       -5.3 |      -27.4 |    610 | core/div/remainder\[64\]$_SDFFE_PP0P_/D
     960* |       1 |     110 |       31 |     11 |    62 |    +0.3% |   -0.129 |       -5.3 |      -27.7 |    610 | core/div/remainder\[64\]$_SDFFE_PP0P_/D
     961* |       1 |     109 |       31 |      9 |    62 |    +0.3% |   -0.129 |       -5.3 |      -27.4 |    610 | core/div/remainder\[64\]$_SDFFE_PP0P_/D
     966* |       1 |     109 |       31 |      9 |    62 |    +0.3% |   -0.129 |       -5.3 |      -27.4 |    610 | core/div/remainder\[64\]$_SDFFE_PP0P_/D
     967* |       1 |     109 |       31 |      9 |    62 |    +0.3% |   -0.129 |       -5.3 |      -27.4 |    610 | core/div/remainder\[64\]$_SDFFE_PP0P_/D
     968* |       1 |     109 |       31 |      9 |    62 |    +0.3% |   -0.129 |       -5.3 |      -27.4 |    610 | core/div/remainder\[64\]$_SDFFE_PP0P_/D
     970* |       1 |     110 |       31 |      9 |    62 |    +0.3% |   -0.129 |       -5.3 |      -27.5 |    610 | core/div/remainder\[64\]$_SDFFE_PP0P_/D
     971* |       1 |     109 |       31 |      9 |    62 |    +0.3% |   -0.129 |       -5.3 |      -27.4 |    610 | core/div/remainder\[64\]$_SDFFE_PP0P_/D
     974* |       1 |     109 |       31 |      9 |    62 |    +0.3% |   -0.129 |       -5.3 |      -27.4 |    610 | core/div/remainder\[64\]$_SDFFE_PP0P_/D
     975* |       1 |     109 |       31 |      9 |    62 |    +0.3% |   -0.129 |       -5.3 |      -27.4 |    610 | core/div/remainder\[64\]$_SDFFE_PP0P_/D
     976* |       1 |     109 |       31 |      9 |    62 |    +0.3% |   -0.129 |       -5.3 |      -27.4 |    610 | core/div/remainder\[64\]$_SDFFE_PP0P_/D
     980* |       1 |     110 |       34 |      9 |    62 |    +0.3% |   -0.131 |       -5.3 |      -27.4 |    610 | core/div/remainder\[64\]$_SDFFE_PP0P_/D
     990* |       1 |     116 |       38 |      9 |    63 |    +0.3% |   -0.138 |       -5.5 |      -27.6 |    610 | core/div/remainder\[64\]$_SDFFE_PP0P_/D
    1000* |       1 |     125 |       38 |      9 |    64 |    +0.3% |   -0.138 |       -5.4 |      -27.4 |    610 | core/div/remainder\[64\]$_SDFFE_PP0P_/D
    1005* |       1 |     109 |       31 |      9 |    62 |    +0.3% |   -0.129 |       -5.3 |      -27.4 |    610 | core/div/remainder\[64\]$_SDFFE_PP0P_/D
    1007* |       1 |     109 |       31 |      9 |    62 |    +0.3% |   -0.129 |       -5.3 |      -27.4 |    610 | core/div/remainder\[64\]$_SDFFE_PP0P_/D
    1008* |       1 |     109 |       31 |      9 |    62 |    +0.3% |   -0.129 |       -5.3 |      -27.4 |    610 | core/div/remainder\[64\]$_SDFFE_PP0P_/D
    1010* |       1 |     110 |       31 |      9 |    62 |    +0.3% |   -0.129 |       -5.3 |      -27.5 |    610 | core/div/remainder\[64\]$_SDFFE_PP0P_/D
    1011* |       1 |     109 |       31 |      9 |    62 |    +0.3% |   -0.129 |       -5.3 |      -27.4 |    610 | core/div/remainder\[64\]$_SDFFE_PP0P_/D
    1012* |       1 |     109 |       31 |      9 |    62 |    +0.3% |   -0.129 |       -5.3 |      -27.4 |    610 | core/div/remainder\[64\]$_SDFFE_PP0P_/D
    1013* |       1 |     109 |       31 |      9 |    62 |    +0.3% |   -0.129 |       -5.3 |      -27.4 |    610 | core/div/remainder\[64\]$_SDFFE_PP0P_/D
    1014* |       1 |     109 |       31 |      9 |    62 |    +0.3% |   -0.129 |       -5.3 |      -27.4 |    610 | core/div/remainder\[64\]$_SDFFE_PP0P_/D
    1019* |       1 |     109 |       31 |      9 |    62 |    +0.3% |   -0.129 |       -5.3 |      -27.4 |    610 | core/div/remainder\[64\]$_SDFFE_PP0P_/D
    1020* |       1 |     109 |       31 |      9 |    62 |    +0.3% |   -0.129 |       -5.3 |      -27.4 |    610 | core/div/remainder\[64\]$_SDFFE_PP0P_/D
    1024* |       1 |     109 |       31 |      9 |    62 |    +0.3% |   -0.129 |       -5.3 |      -27.4 |    610 | core/div/remainder\[64\]$_SDFFE_PP0P_/D
    1029* |       1 |     109 |       31 |      9 |    62 |    +0.3% |   -0.129 |       -5.3 |      -27.4 |    610 | core/div/remainder\[64\]$_SDFFE_PP0P_/D
    1030* |       1 |     109 |       31 |      9 |    62 |    +0.3% |   -0.129 |       -5.3 |      -27.4 |    610 | core/div/remainder\[64\]$_SDFFE_PP0P_/D
    1030* |       1 |     109 |       31 |      9 |    62 |    +0.3% |   -0.129 |       -5.3 |      -27.4 |    610 | core/div/remainder\[64\]$_SDFFE_PP0P_/D
    1032* |       1 |     110 |       31 |      9 |    62 |    +0.3% |   -0.129 |       -5.3 |      -27.4 |    610 | core/div/remainder\[64\]$_SDFFE_PP0P_/D
    1035* |       1 |     110 |       31 |      9 |    62 |    +0.3% |   -0.129 |       -5.3 |      -27.4 |    610 | core/div/remainder\[64\]$_SDFFE_PP0P_/D
    1040* |       1 |     112 |       31 |     11 |    62 |    +0.4% |   -0.129 |       -5.3 |      -28.0 |    610 | core/div/remainder\[64\]$_SDFFE_PP0P_/D
    1040* |       1 |     110 |       31 |      9 |    62 |    +0.3% |   -0.129 |       -5.3 |      -27.4 |    610 | core/div/remainder\[64\]$_SDFFE_PP0P_/D
    1045* |       1 |     110 |       31 |      9 |    62 |    +0.3% |   -0.129 |       -5.3 |      -27.4 |    610 | core/div/remainder\[64\]$_SDFFE_PP0P_/D
    1046* |       1 |     110 |       31 |      9 |    62 |    +0.3% |   -0.129 |       -5.3 |      -27.4 |    610 | core/div/remainder\[64\]$_SDFFE_PP0P_/D
    1050* |       1 |     111 |       31 |     11 |    62 |    +0.4% |   -0.129 |       -5.3 |      -27.7 |    610 | core/div/remainder\[64\]$_SDFFE_PP0P_/D
    1051* |       1 |     110 |       31 |      9 |    62 |    +0.3% |   -0.129 |       -5.3 |      -27.4 |    610 | core/div/remainder\[64\]$_SDFFE_PP0P_/D
    1054* |       1 |     110 |       31 |      9 |    62 |    +0.3% |   -0.129 |       -5.3 |      -27.4 |    610 | core/div/remainder\[64\]$_SDFFE_PP0P_/D
    1057* |       1 |     110 |       31 |      9 |    62 |    +0.3% |   -0.129 |       -5.3 |      -27.4 |    610 | core/div/remainder\[64\]$_SDFFE_PP0P_/D
    1058* |       1 |     110 |       31 |      9 |    62 |    +0.3% |   -0.129 |       -5.3 |      -27.4 |    610 | core/div/remainder\[64\]$_SDFFE_PP0P_/D
    1059* |       1 |     110 |       31 |      9 |    62 |    +0.3% |   -0.129 |       -5.3 |      -27.4 |    610 | core/div/remainder\[64\]$_SDFFE_PP0P_/D
    1060* |       1 |     110 |       31 |      9 |    62 |    +0.3% |   -0.129 |       -5.3 |      -27.4 |    610 | core/div/remainder\[64\]$_SDFFE_PP0P_/D
    1062* |       1 |     110 |       31 |      9 |    62 |    +0.3% |   -0.129 |       -5.3 |      -27.4 |    610 | core/div/remainder\[64\]$_SDFFE_PP0P_/D
    1068* |       1 |     110 |       31 |      9 |    62 |    +0.3% |   -0.129 |       -5.3 |      -27.4 |    610 | core/div/remainder\[64\]$_SDFFE_PP0P_/D
    1070* |       1 |     111 |       31 |      9 |    62 |    +0.3% |   -0.129 |       -5.3 |      -27.5 |    610 | core/div/remainder\[64\]$_SDFFE_PP0P_/D
    1073* |       1 |     110 |       31 |      9 |    62 |    +0.3% |   -0.129 |       -5.3 |      -27.4 |    610 | core/div/remainder\[64\]$_SDFFE_PP0P_/D
    1078* |       1 |     110 |       31 |      9 |    62 |    +0.3% |   -0.129 |       -5.3 |      -27.4 |    610 | core/div/remainder\[64\]$_SDFFE_PP0P_/D
    1080* |       1 |     111 |       31 |      9 |    62 |    +0.3% |   -0.129 |       -5.3 |      -27.4 |    610 | core/div/remainder\[64\]$_SDFFE_PP0P_/D
    1081* |       1 |     112 |       31 |      9 |    62 |    +0.3% |   -0.129 |       -5.3 |      -27.6 |    610 | core/div/remainder\[64\]$_SDFFE_PP0P_/D
    1082* |       1 |     112 |       31 |      9 |    62 |    +0.3% |   -0.129 |       -5.3 |      -27.6 |    610 | core/div/remainder\[64\]$_SDFFE_PP0P_/D
    1084* |       1 |     112 |       31 |     10 |    62 |    +0.3% |   -0.129 |       -5.3 |      -27.7 |    610 | core/div/remainder\[64\]$_SDFFE_PP0P_/D
    1085* |       1 |     112 |       31 |     10 |    62 |    +0.3% |   -0.129 |       -5.3 |      -27.7 |    610 | core/div/remainder\[64\]$_SDFFE_PP0P_/D
    1086* |       1 |     112 |       31 |     10 |    62 |    +0.3% |   -0.129 |       -5.3 |      -27.7 |    610 | core/div/remainder\[64\]$_SDFFE_PP0P_/D
    1090* |       1 |     113 |       31 |     12 |    62 |    +0.4% |   -0.129 |       -5.3 |      -27.9 |    610 | core/div/remainder\[64\]$_SDFFE_PP0P_/D
    1092* |       1 |     112 |       31 |     10 |    62 |    +0.3% |   -0.129 |       -5.3 |      -27.7 |    610 | core/div/remainder\[64\]$_SDFFE_PP0P_/D
    1093* |       1 |     112 |       31 |     10 |    62 |    +0.3% |   -0.129 |       -5.3 |      -27.7 |    610 | core/div/remainder\[64\]$_SDFFE_PP0P_/D
    1096* |       1 |     112 |       31 |     10 |    62 |    +0.3% |   -0.129 |       -5.3 |      -27.7 |    610 | core/div/remainder\[64\]$_SDFFE_PP0P_/D
    1097* |       1 |     112 |       31 |     10 |    62 |    +0.3% |   -0.129 |       -5.3 |      -27.7 |    610 | core/div/remainder\[64\]$_SDFFE_PP0P_/D
    1100* |       1 |     113 |       31 |     11 |    62 |    +0.4% |   -0.129 |       -5.3 |      -27.8 |    610 | core/div/remainder\[64\]$_SDFFE_PP0P_/D
    1100* |       1 |     112 |       31 |     10 |    62 |    +0.3% |   -0.129 |       -5.3 |      -27.7 |    610 | core/div/remainder\[64\]$_SDFFE_PP0P_/D
    1105* |       1 |     112 |       31 |     10 |    62 |    +0.3% |   -0.129 |       -5.3 |      -27.7 |    610 | core/div/remainder\[64\]$_SDFFE_PP0P_/D
    1110* |       1 |     114 |       31 |     12 |    62 |    +0.4% |   -0.129 |       -5.3 |      -28.1 |    610 | core/div/remainder\[64\]$_SDFFE_PP0P_/D
    1111* |       1 |     112 |       31 |     10 |    62 |    +0.3% |   -0.129 |       -5.3 |      -27.7 |    610 | core/div/remainder\[64\]$_SDFFE_PP0P_/D
    1112* |       1 |     112 |       31 |     10 |    62 |    +0.3% |   -0.129 |       -5.3 |      -27.7 |    610 | core/div/remainder\[64\]$_SDFFE_PP0P_/D
    1113* |       1 |     112 |       31 |     10 |    62 |    +0.3% |   -0.129 |       -5.3 |      -27.7 |    610 | core/div/remainder\[64\]$_SDFFE_PP0P_/D
    1114* |       1 |     112 |       31 |     10 |    62 |    +0.3% |   -0.129 |       -5.3 |      -27.7 |    610 | core/div/remainder\[64\]$_SDFFE_PP0P_/D
    1115* |       1 |     112 |       31 |     10 |    62 |    +0.3% |   -0.129 |       -5.3 |      -27.7 |    610 | core/div/remainder\[64\]$_SDFFE_PP0P_/D
    1118* |       1 |     112 |       31 |     10 |    62 |    +0.3% |   -0.129 |       -5.3 |      -27.7 |    610 | core/div/remainder\[64\]$_SDFFE_PP0P_/D
    1119* |       1 |     112 |       31 |     10 |    62 |    +0.3% |   -0.129 |       -5.3 |      -27.7 |    610 | core/div/remainder\[64\]$_SDFFE_PP0P_/D
    1120* |       1 |     112 |       31 |     10 |    62 |    +0.3% |   -0.129 |       -5.3 |      -27.7 |    610 | core/div/remainder\[64\]$_SDFFE_PP0P_/D
    1124* |       1 |     112 |       31 |     10 |    62 |    +0.3% |   -0.129 |       -5.3 |      -27.7 |    610 | core/div/remainder\[64\]$_SDFFE_PP0P_/D
    1125* |       1 |     112 |       31 |     10 |    62 |    +0.3% |   -0.129 |       -5.3 |      -27.7 |    610 | core/div/remainder\[64\]$_SDFFE_PP0P_/D
    1126* |       1 |     112 |       31 |     10 |    62 |    +0.3% |   -0.129 |       -5.3 |      -27.7 |    610 | core/div/remainder\[64\]$_SDFFE_PP0P_/D
    1130* |       1 |     113 |       31 |     12 |    62 |    +0.4% |   -0.129 |       -5.3 |      -27.9 |    610 | core/div/remainder\[64\]$_SDFFE_PP0P_/D
    1131* |       1 |     112 |       31 |     10 |    62 |    +0.3% |   -0.129 |       -5.3 |      -27.7 |    610 | core/div/remainder\[64\]$_SDFFE_PP0P_/D
    1132* |       1 |     112 |       31 |     10 |    62 |    +0.3% |   -0.129 |       -5.3 |      -27.7 |    610 | core/div/remainder\[64\]$_SDFFE_PP0P_/D
    1138* |       1 |     112 |       31 |     10 |    62 |    +0.3% |   -0.129 |       -5.3 |      -27.7 |    610 | core/div/remainder\[64\]$_SDFFE_PP0P_/D
    1139* |       1 |     112 |       31 |     10 |    62 |    +0.3% |   -0.129 |       -5.3 |      -27.7 |    610 | core/div/remainder\[64\]$_SDFFE_PP0P_/D
    1140* |       1 |     112 |       31 |     10 |    62 |    +0.3% |   -0.129 |       -5.3 |      -27.7 |    610 | core/div/remainder\[64\]$_SDFFE_PP0P_/D
    1140* |       1 |     112 |       31 |     10 |    62 |    +0.3% |   -0.129 |       -5.3 |      -27.7 |    610 | core/div/remainder\[64\]$_SDFFE_PP0P_/D
    1141* |       1 |     112 |       31 |     10 |    62 |    +0.3% |   -0.129 |       -5.3 |      -27.7 |    610 | core/div/remainder\[64\]$_SDFFE_PP0P_/D
    1142* |       1 |     112 |       31 |     10 |    62 |    +0.3% |   -0.129 |       -5.3 |      -27.7 |    610 | core/div/remainder\[64\]$_SDFFE_PP0P_/D
    1143* |       1 |     112 |       31 |     10 |    62 |    +0.3% |   -0.129 |       -5.3 |      -27.7 |    610 | core/div/remainder\[64\]$_SDFFE_PP0P_/D
    1144* |       1 |     112 |       31 |     10 |    62 |    +0.3% |   -0.129 |       -5.3 |      -27.7 |    610 | core/div/remainder\[64\]$_SDFFE_PP0P_/D
    1145* |       1 |     112 |       31 |     10 |    62 |    +0.3% |   -0.129 |       -5.3 |      -27.7 |    610 | core/div/remainder\[64\]$_SDFFE_PP0P_/D
    1146* |       1 |     112 |       31 |     10 |    62 |    +0.3% |   -0.129 |       -5.3 |      -27.7 |    610 | core/div/remainder\[64\]$_SDFFE_PP0P_/D
    1147* |       1 |     112 |       31 |     10 |    62 |    +0.3% |   -0.129 |       -5.3 |      -27.7 |    610 | core/div/remainder\[64\]$_SDFFE_PP0P_/D
    1148* |       1 |     112 |       31 |     10 |    62 |    +0.3% |   -0.129 |       -5.3 |      -27.7 |    610 | core/div/remainder\[64\]$_SDFFE_PP0P_/D
    1149* |       1 |     112 |       31 |     10 |    62 |    +0.3% |   -0.129 |       -5.3 |      -27.7 |    610 | core/div/remainder\[64\]$_SDFFE_PP0P_/D
    1150* |       1 |     112 |       31 |     10 |    62 |    +0.3% |   -0.129 |       -5.3 |      -27.7 |    610 | core/div/remainder\[64\]$_SDFFE_PP0P_/D
    1150* |       1 |     112 |       31 |     10 |    62 |    +0.3% |   -0.129 |       -5.3 |      -27.7 |    610 | core/div/remainder\[64\]$_SDFFE_PP0P_/D
    1155* |       1 |     112 |       31 |     10 |    62 |    +0.3% |   -0.129 |       -5.3 |      -27.7 |    610 | core/div/remainder\[64\]$_SDFFE_PP0P_/D
    1156* |       1 |     112 |       31 |     10 |    62 |    +0.3% |   -0.129 |       -5.3 |      -27.7 |    610 | core/div/remainder\[64\]$_SDFFE_PP0P_/D
    1157* |       1 |     112 |       31 |     10 |    62 |    +0.3% |   -0.129 |       -5.3 |      -27.7 |    610 | core/div/remainder\[64\]$_SDFFE_PP0P_/D
    1158* |       1 |     112 |       31 |     10 |    62 |    +0.3% |   -0.129 |       -5.3 |      -27.7 |    610 | core/div/remainder\[64\]$_SDFFE_PP0P_/D
    1159* |       1 |     112 |       31 |     10 |    62 |    +0.3% |   -0.129 |       -5.3 |      -27.7 |    610 | core/div/remainder\[64\]$_SDFFE_PP0P_/D
    1160* |       1 |     112 |       31 |     10 |    62 |    +0.3% |   -0.129 |       -5.3 |      -27.7 |    610 | core/div/remainder\[64\]$_SDFFE_PP0P_/D
    1160* |       1 |     112 |       31 |     10 |    62 |    +0.3% |   -0.129 |       -5.3 |      -27.7 |    610 | core/div/remainder\[64\]$_SDFFE_PP0P_/D
    1161* |       1 |     112 |       31 |     10 |    62 |    +0.3% |   -0.129 |       -5.3 |      -27.7 |    610 | core/div/remainder\[64\]$_SDFFE_PP0P_/D
    1164* |       1 |     114 |       31 |     10 |    62 |    +0.3% |   -0.129 |       -5.3 |      -27.6 |    610 | core/div/remainder\[64\]$_SDFFE_PP0P_/D
    1169* |       1 |     114 |       31 |     10 |    62 |    +0.3% |   -0.129 |       -5.3 |      -27.6 |    610 | core/div/remainder\[64\]$_SDFFE_PP0P_/D
    1170* |       1 |     114 |       31 |     10 |    62 |    +0.3% |   -0.129 |       -5.3 |      -27.6 |    610 | core/div/remainder\[64\]$_SDFFE_PP0P_/D
    1170* |       1 |     114 |       31 |     10 |    62 |    +0.3% |   -0.129 |       -5.3 |      -27.6 |    610 | core/div/remainder\[64\]$_SDFFE_PP0P_/D
    1171* |       1 |     114 |       31 |     10 |    62 |    +0.3% |   -0.129 |       -5.3 |      -27.6 |    610 | core/div/remainder\[64\]$_SDFFE_PP0P_/D
    1172* |       1 |     114 |       31 |     10 |    62 |    +0.3% |   -0.129 |       -5.3 |      -27.6 |    610 | core/div/remainder\[64\]$_SDFFE_PP0P_/D
    1173* |       1 |     114 |       31 |     10 |    62 |    +0.3% |   -0.129 |       -5.3 |      -27.6 |    610 | core/div/remainder\[64\]$_SDFFE_PP0P_/D
    1179* |       1 |     114 |       31 |     10 |    62 |    +0.3% |   -0.129 |       -5.3 |      -27.6 |    610 | core/div/remainder\[64\]$_SDFFE_PP0P_/D
    1180* |       1 |     114 |       31 |     10 |    62 |    +0.3% |   -0.129 |       -5.3 |      -27.6 |    610 | core/div/remainder\[64\]$_SDFFE_PP0P_/D
    1181* |       1 |     115 |       31 |     10 |    62 |    +0.3% |   -0.129 |       -5.3 |      -27.7 |    610 | core/div/remainder\[64\]$_SDFFE_PP0P_/D
    1182* |       1 |     115 |       31 |     10 |    62 |    +0.3% |   -0.129 |       -5.3 |      -27.7 |    610 | core/div/remainder\[64\]$_SDFFE_PP0P_/D
    1183* |       1 |     115 |       31 |     10 |    62 |    +0.3% |   -0.129 |       -5.3 |      -27.7 |    610 | core/div/remainder\[64\]$_SDFFE_PP0P_/D
    1184* |       1 |     115 |       31 |     10 |    62 |    +0.3% |   -0.129 |       -5.3 |      -27.7 |    610 | core/div/remainder\[64\]$_SDFFE_PP0P_/D
    1189* |       1 |     115 |       31 |     10 |    62 |    +0.3% |   -0.129 |       -5.3 |      -27.7 |    610 | core/div/remainder\[64\]$_SDFFE_PP0P_/D
    1190* |       1 |     115 |       31 |     10 |    62 |    +0.3% |   -0.129 |       -5.3 |      -27.7 |    610 | core/div/remainder\[64\]$_SDFFE_PP0P_/D
    1190* |       1 |     115 |       31 |     10 |    62 |    +0.3% |   -0.129 |       -5.3 |      -27.7 |    610 | core/div/remainder\[64\]$_SDFFE_PP0P_/D
    1191* |       1 |     115 |       31 |     10 |    62 |    +0.3% |   -0.129 |       -5.3 |      -27.7 |    610 | core/div/remainder\[64\]$_SDFFE_PP0P_/D
    1192* |       1 |     115 |       31 |     10 |    62 |    +0.3% |   -0.129 |       -5.3 |      -27.7 |    610 | core/div/remainder\[64\]$_SDFFE_PP0P_/D
    1193* |       1 |     115 |       31 |     10 |    62 |    +0.3% |   -0.129 |       -5.3 |      -27.7 |    610 | core/div/remainder\[64\]$_SDFFE_PP0P_/D
    1194* |       1 |     115 |       31 |     10 |    62 |    +0.3% |   -0.129 |       -5.3 |      -27.7 |    610 | core/div/remainder\[64\]$_SDFFE_PP0P_/D
    1195* |       1 |     115 |       31 |     10 |    62 |    +0.3% |   -0.129 |       -5.3 |      -27.7 |    610 | core/div/remainder\[64\]$_SDFFE_PP0P_/D
    1196* |       1 |     115 |       31 |     10 |    62 |    +0.3% |   -0.129 |       -5.3 |      -27.7 |    610 | core/div/remainder\[64\]$_SDFFE_PP0P_/D
    1197* |       1 |     115 |       31 |     10 |    62 |    +0.3% |   -0.129 |       -5.3 |      -27.7 |    610 | core/div/remainder\[64\]$_SDFFE_PP0P_/D
    1200* |       1 |     117 |       31 |     10 |    62 |    +0.3% |   -0.129 |       -5.3 |      -27.7 |    610 | core/div/remainder\[64\]$_SDFFE_PP0P_/D
    1201* |       1 |     118 |       31 |     10 |    62 |    +0.4% |   -0.129 |       -5.3 |      -27.7 |    610 | core/div/remainder\[64\]$_SDFFE_PP0P_/D
    1202* |       1 |     118 |       31 |     10 |    62 |    +0.4% |   -0.129 |       -5.3 |      -27.7 |    610 | core/div/remainder\[64\]$_SDFFE_PP0P_/D
    1203* |       1 |     118 |       31 |     10 |    62 |    +0.4% |   -0.129 |       -5.3 |      -27.7 |    610 | core/div/remainder\[64\]$_SDFFE_PP0P_/D
    1204* |       1 |     118 |       31 |     10 |    62 |    +0.4% |   -0.129 |       -5.3 |      -27.7 |    610 | core/div/remainder\[64\]$_SDFFE_PP0P_/D
    1205* |       1 |     118 |       31 |     10 |    62 |    +0.4% |   -0.129 |       -5.3 |      -27.7 |    610 | core/div/remainder\[64\]$_SDFFE_PP0P_/D
    1206* |       1 |     118 |       31 |     10 |    62 |    +0.4% |   -0.129 |       -5.3 |      -27.7 |    610 | core/div/remainder\[64\]$_SDFFE_PP0P_/D
    1207* |       1 |     118 |       31 |     10 |    62 |    +0.4% |   -0.129 |       -5.3 |      -27.7 |    610 | core/div/remainder\[64\]$_SDFFE_PP0P_/D
    1208* |       1 |     118 |       31 |     10 |    62 |    +0.4% |   -0.129 |       -5.3 |      -27.7 |    610 | core/div/remainder\[64\]$_SDFFE_PP0P_/D
    1209* |       1 |     118 |       31 |     10 |    62 |    +0.4% |   -0.129 |       -5.3 |      -27.7 |    610 | core/div/remainder\[64\]$_SDFFE_PP0P_/D
    1210* |       1 |     118 |       31 |     10 |    62 |    +0.4% |   -0.129 |       -5.3 |      -27.7 |    610 | core/div/remainder\[64\]$_SDFFE_PP0P_/D
    1210* |       1 |     118 |       31 |     10 |    62 |    +0.4% |   -0.129 |       -5.3 |      -27.7 |    610 | core/div/remainder\[64\]$_SDFFE_PP0P_/D
    1211* |       1 |     118 |       31 |     10 |    62 |    +0.4% |   -0.129 |       -5.3 |      -27.7 |    610 | core/div/remainder\[64\]$_SDFFE_PP0P_/D
    1212* |       1 |     118 |       31 |     10 |    62 |    +0.4% |   -0.129 |       -5.3 |      -27.7 |    610 | core/div/remainder\[64\]$_SDFFE_PP0P_/D
    1216* |       1 |     119 |       31 |     10 |    62 |    +0.4% |   -0.129 |       -5.3 |      -27.7 |    610 | core/div/remainder\[64\]$_SDFFE_PP0P_/D
    1217* |       1 |     119 |       31 |     10 |    62 |    +0.4% |   -0.129 |       -5.3 |      -27.7 |    610 | core/div/remainder\[64\]$_SDFFE_PP0P_/D
    1218* |       1 |     119 |       31 |     10 |    62 |    +0.4% |   -0.129 |       -5.3 |      -27.7 |    610 | core/div/remainder\[64\]$_SDFFE_PP0P_/D
    1219* |       1 |     119 |       31 |     10 |    62 |    +0.4% |   -0.129 |       -5.3 |      -27.7 |    610 | core/div/remainder\[64\]$_SDFFE_PP0P_/D
    1220* |       1 |     119 |       31 |     10 |    62 |    +0.4% |   -0.129 |       -5.3 |      -27.7 |    610 | core/div/remainder\[64\]$_SDFFE_PP0P_/D
    1222* |       1 |     121 |       31 |     10 |    62 |    +0.4% |   -0.129 |       -5.3 |      -27.7 |    610 | core/div/remainder\[64\]$_SDFFE_PP0P_/D
    1223* |       1 |     121 |       31 |     10 |    62 |    +0.4% |   -0.129 |       -5.3 |      -27.7 |    610 | core/div/remainder\[64\]$_SDFFE_PP0P_/D
    1230* |       1 |     122 |       32 |     10 |    66 |    +0.4% |   -0.129 |       -5.3 |      -27.8 |    610 | core/div/remainder\[64\]$_SDFFE_PP0P_/D
    1240* |       1 |     126 |       33 |     10 |    71 |    +0.4% |   -0.130 |       -5.3 |      -27.8 |    610 | core/div/remainder\[64\]$_SDFFE_PP0P_/D
    1250* |       1 |     131 |       35 |     10 |    75 |    +0.4% |   -0.135 |       -5.4 |      -27.8 |    610 | core/div/remainder\[64\]$_SDFFE_PP0P_/D
    1260* |       1 |     138 |       36 |     11 |    76 |    +0.4% |   -0.140 |       -5.4 |      -27.9 |    610 | core/div/remainder\[64\]$_SDFFE_PP0P_/D
    1270* |       2 |     141 |       39 |     11 |    79 |    +0.4% |   -0.150 |       -5.4 |      -28.2 |    610 | core/div/remainder\[64\]$_SDFFE_PP0P_/D
    1280* |       2 |     147 |       40 |     11 |    82 |    +0.4% |   -0.150 |       -5.4 |      -28.2 |    610 | core/div/remainder\[64\]$_SDFFE_PP0P_/D
    1288* |       1 |     125 |       33 |     10 |    70 |    +0.4% |   -0.129 |       -5.3 |      -27.7 |    610 | core/div/remainder\[64\]$_SDFFE_PP0P_/D
    1290* |       1 |     126 |       33 |     10 |    70 |    +0.4% |   -0.129 |       -5.3 |      -27.8 |    610 | core/div/remainder\[64\]$_SDFFE_PP0P_/D
    1291* |       1 |     125 |       33 |     10 |    70 |    +0.4% |   -0.129 |       -5.3 |      -27.7 |    610 | core/div/remainder\[64\]$_SDFFE_PP0P_/D
    1292* |       1 |     125 |       33 |     10 |    70 |    +0.4% |   -0.129 |       -5.3 |      -27.7 |    610 | core/div/remainder\[64\]$_SDFFE_PP0P_/D
    1293* |       1 |     125 |       33 |     10 |    70 |    +0.4% |   -0.129 |       -5.3 |      -27.7 |    610 | core/div/remainder\[64\]$_SDFFE_PP0P_/D
    1296* |       1 |     125 |       33 |     10 |    70 |    +0.4% |   -0.129 |       -5.3 |      -27.7 |    610 | core/div/remainder\[64\]$_SDFFE_PP0P_/D
    1297* |       1 |     125 |       33 |     10 |    70 |    +0.4% |   -0.129 |       -5.3 |      -27.7 |    610 | core/div/remainder\[64\]$_SDFFE_PP0P_/D
    1298* |       1 |     125 |       33 |     10 |    70 |    +0.4% |   -0.129 |       -5.3 |      -27.7 |    610 | core/div/remainder\[64\]$_SDFFE_PP0P_/D
    1299* |       1 |     125 |       33 |     10 |    70 |    +0.4% |   -0.129 |       -5.3 |      -27.7 |    610 | core/div/remainder\[64\]$_SDFFE_PP0P_/D
    1300* |       1 |     125 |       33 |     10 |    70 |    +0.4% |   -0.129 |       -5.3 |      -27.7 |    610 | core/div/remainder\[64\]$_SDFFE_PP0P_/D
    1300* |       1 |     125 |       33 |     10 |    70 |    +0.4% |   -0.129 |       -5.3 |      -27.7 |    610 | core/div/remainder\[64\]$_SDFFE_PP0P_/D
    1301* |       1 |     125 |       33 |     10 |    70 |    +0.4% |   -0.129 |       -5.3 |      -27.7 |    610 | core/div/remainder\[64\]$_SDFFE_PP0P_/D
    1302* |       1 |     125 |       33 |     10 |    70 |    +0.4% |   -0.129 |       -5.3 |      -27.7 |    610 | core/div/remainder\[64\]$_SDFFE_PP0P_/D
    1303* |       1 |     125 |       33 |     10 |    70 |    +0.4% |   -0.129 |       -5.3 |      -27.7 |    610 | core/div/remainder\[64\]$_SDFFE_PP0P_/D
    1306* |       1 |     125 |       33 |     10 |    70 |    +0.4% |   -0.129 |       -5.3 |      -27.7 |    610 | core/div/remainder\[64\]$_SDFFE_PP0P_/D
    1307* |       1 |     125 |       33 |     10 |    70 |    +0.4% |   -0.129 |       -5.3 |      -27.7 |    610 | core/div/remainder\[64\]$_SDFFE_PP0P_/D
    1308* |       1 |     125 |       33 |     10 |    70 |    +0.4% |   -0.129 |       -5.3 |      -27.7 |    610 | core/div/remainder\[64\]$_SDFFE_PP0P_/D
    1309* |       1 |     125 |       33 |     10 |    70 |    +0.4% |   -0.129 |       -5.3 |      -27.7 |    610 | core/div/remainder\[64\]$_SDFFE_PP0P_/D
    1310* |       1 |     125 |       33 |     10 |    70 |    +0.4% |   -0.129 |       -5.3 |      -27.7 |    610 | core/div/remainder\[64\]$_SDFFE_PP0P_/D
    1312* |       1 |     125 |       33 |     10 |    70 |    +0.4% |   -0.129 |       -5.3 |      -27.7 |    610 | core/div/remainder\[64\]$_SDFFE_PP0P_/D
    1315* |       1 |     125 |       33 |     10 |    70 |    +0.4% |   -0.129 |       -5.3 |      -27.7 |    610 | core/div/remainder\[64\]$_SDFFE_PP0P_/D
    1316* |       1 |     125 |       33 |     10 |    70 |    +0.4% |   -0.129 |       -5.3 |      -27.7 |    610 | core/div/remainder\[64\]$_SDFFE_PP0P_/D
    1319* |       1 |     126 |       33 |     11 |    70 |    +0.4% |   -0.129 |       -5.3 |      -27.8 |    610 | core/div/remainder\[64\]$_SDFFE_PP0P_/D
    1320* |       1 |     126 |       33 |     11 |    70 |    +0.4% |   -0.129 |       -5.3 |      -27.8 |    610 | core/div/remainder\[64\]$_SDFFE_PP0P_/D
    1320* |       1 |     126 |       33 |     11 |    70 |    +0.4% |   -0.129 |       -5.3 |      -27.8 |    610 | core/div/remainder\[64\]$_SDFFE_PP0P_/D
    1321* |       1 |     126 |       33 |     11 |    70 |    +0.4% |   -0.129 |       -5.3 |      -27.8 |    610 | core/div/remainder\[64\]$_SDFFE_PP0P_/D
    1322* |       1 |     126 |       33 |     11 |    70 |    +0.4% |   -0.129 |       -5.3 |      -27.8 |    610 | core/div/remainder\[64\]$_SDFFE_PP0P_/D
    1323* |       1 |     126 |       33 |     11 |    70 |    +0.4% |   -0.129 |       -5.3 |      -27.8 |    610 | core/div/remainder\[64\]$_SDFFE_PP0P_/D
    1324* |       1 |     126 |       33 |     11 |    70 |    +0.4% |   -0.129 |       -5.3 |      -27.8 |    610 | core/div/remainder\[64\]$_SDFFE_PP0P_/D
    1327* |       1 |     126 |       33 |     11 |    70 |    +0.4% |   -0.129 |       -5.3 |      -27.8 |    610 | core/div/remainder\[64\]$_SDFFE_PP0P_/D
    1328* |       1 |     126 |       33 |     11 |    70 |    +0.4% |   -0.129 |       -5.3 |      -27.8 |    610 | core/div/remainder\[64\]$_SDFFE_PP0P_/D
    1330* |       1 |     127 |       33 |     11 |    70 |    +0.4% |   -0.129 |       -5.3 |      -27.9 |    610 | core/div/remainder\[64\]$_SDFFE_PP0P_/D
    1330* |       1 |     127 |       33 |     11 |    70 |    +0.4% |   -0.129 |       -5.3 |      -27.9 |    610 | core/div/remainder\[64\]$_SDFFE_PP0P_/D
    1331* |       1 |     127 |       33 |     11 |    70 |    +0.4% |   -0.129 |       -5.3 |      -27.9 |    610 | core/div/remainder\[64\]$_SDFFE_PP0P_/D
    1334* |       1 |     127 |       33 |     11 |    70 |    +0.4% |   -0.129 |       -5.3 |      -27.9 |    610 | core/div/remainder\[64\]$_SDFFE_PP0P_/D
    1335* |       1 |     127 |       33 |     11 |    70 |    +0.4% |   -0.129 |       -5.3 |      -27.9 |    610 | core/div/remainder\[64\]$_SDFFE_PP0P_/D
    1336* |       1 |     127 |       33 |     11 |    70 |    +0.4% |   -0.129 |       -5.3 |      -27.9 |    610 | core/div/remainder\[64\]$_SDFFE_PP0P_/D
    1337* |       1 |     127 |       33 |     11 |    70 |    +0.4% |   -0.129 |       -5.3 |      -27.9 |    610 | core/div/remainder\[64\]$_SDFFE_PP0P_/D
    1338* |       1 |     127 |       33 |     11 |    70 |    +0.4% |   -0.129 |       -5.3 |      -27.9 |    610 | core/div/remainder\[64\]$_SDFFE_PP0P_/D
    1339* |       1 |     127 |       33 |     11 |    70 |    +0.4% |   -0.129 |       -5.3 |      -27.9 |    610 | core/div/remainder\[64\]$_SDFFE_PP0P_/D
    1340* |       1 |     127 |       33 |     11 |    70 |    +0.4% |   -0.129 |       -5.3 |      -27.9 |    610 | core/div/remainder\[64\]$_SDFFE_PP0P_/D
    1340* |       1 |     127 |       33 |     11 |    70 |    +0.4% |   -0.129 |       -5.3 |      -27.9 |    610 | core/div/remainder\[64\]$_SDFFE_PP0P_/D
    1341* |       1 |     127 |       33 |     11 |    70 |    +0.4% |   -0.129 |       -5.3 |      -27.9 |    610 | core/div/remainder\[64\]$_SDFFE_PP0P_/D
    1342* |       1 |     127 |       33 |     11 |    70 |    +0.4% |   -0.129 |       -5.3 |      -27.9 |    610 | core/div/remainder\[64\]$_SDFFE_PP0P_/D
    1345* |       1 |     127 |       33 |     11 |    70 |    +0.4% |   -0.129 |       -5.3 |      -27.9 |    610 | core/div/remainder\[64\]$_SDFFE_PP0P_/D
    1346* |       1 |     127 |       33 |     11 |    70 |    +0.4% |   -0.129 |       -5.3 |      -27.9 |    610 | core/div/remainder\[64\]$_SDFFE_PP0P_/D
    1349* |       1 |     127 |       33 |     11 |    70 |    +0.4% |   -0.129 |       -5.3 |      -27.9 |    610 | core/div/remainder\[64\]$_SDFFE_PP0P_/D
    1350* |       1 |     127 |       33 |     11 |    70 |    +0.4% |   -0.129 |       -5.3 |      -27.9 |    610 | core/div/remainder\[64\]$_SDFFE_PP0P_/D
    1350* |       1 |     127 |       33 |     11 |    70 |    +0.4% |   -0.129 |       -5.3 |      -27.9 |    610 | core/div/remainder\[64\]$_SDFFE_PP0P_/D
    1351* |       1 |     127 |       33 |     11 |    70 |    +0.4% |   -0.129 |       -5.3 |      -27.9 |    610 | core/div/remainder\[64\]$_SDFFE_PP0P_/D
    1352* |       1 |     127 |       33 |     11 |    70 |    +0.4% |   -0.129 |       -5.3 |      -27.9 |    610 | core/div/remainder\[64\]$_SDFFE_PP0P_/D
    1353* |       1 |     127 |       33 |     11 |    70 |    +0.4% |   -0.129 |       -5.3 |      -27.9 |    610 | core/div/remainder\[64\]$_SDFFE_PP0P_/D
    1354* |       1 |     127 |       33 |     11 |    70 |    +0.4% |   -0.129 |       -5.3 |      -27.9 |    610 | core/div/remainder\[64\]$_SDFFE_PP0P_/D
    1357* |       1 |     127 |       33 |     11 |    70 |    +0.4% |   -0.129 |       -5.3 |      -27.9 |    610 | core/div/remainder\[64\]$_SDFFE_PP0P_/D
    1358* |       1 |     127 |       33 |     11 |    70 |    +0.4% |   -0.129 |       -5.3 |      -27.9 |    610 | core/div/remainder\[64\]$_SDFFE_PP0P_/D
    1359* |       1 |     127 |       33 |     11 |    70 |    +0.4% |   -0.129 |       -5.3 |      -27.9 |    610 | core/div/remainder\[64\]$_SDFFE_PP0P_/D
    1360* |       1 |     127 |       33 |     11 |    70 |    +0.4% |   -0.129 |       -5.3 |      -27.9 |    610 | core/div/remainder\[64\]$_SDFFE_PP0P_/D
    1360* |       1 |     127 |       33 |     11 |    70 |    +0.4% |   -0.129 |       -5.3 |      -27.9 |    610 | core/div/remainder\[64\]$_SDFFE_PP0P_/D
    1361* |       1 |     127 |       33 |     11 |    70 |    +0.4% |   -0.129 |       -5.3 |      -27.9 |    610 | core/div/remainder\[64\]$_SDFFE_PP0P_/D
    1364* |       1 |     127 |       33 |     11 |    70 |    +0.4% |   -0.129 |       -5.3 |      -27.9 |    610 | core/div/remainder\[64\]$_SDFFE_PP0P_/D
    1365* |       1 |     127 |       33 |     11 |    70 |    +0.4% |   -0.129 |       -5.3 |      -27.9 |    610 | core/div/remainder\[64\]$_SDFFE_PP0P_/D
    1366* |       1 |     127 |       33 |     11 |    70 |    +0.4% |   -0.129 |       -5.3 |      -27.9 |    610 | core/div/remainder\[64\]$_SDFFE_PP0P_/D
    1367* |       1 |     127 |       33 |     11 |    70 |    +0.4% |   -0.129 |       -5.3 |      -27.9 |    610 | core/div/remainder\[64\]$_SDFFE_PP0P_/D
    1368* |       1 |     127 |       33 |     11 |    70 |    +0.4% |   -0.129 |       -5.3 |      -27.9 |    610 | core/div/remainder\[64\]$_SDFFE_PP0P_/D
    1369* |       1 |     127 |       33 |     11 |    70 |    +0.4% |   -0.129 |       -5.3 |      -27.9 |    610 | core/div/remainder\[64\]$_SDFFE_PP0P_/D
    1370* |       1 |     127 |       33 |     11 |    70 |    +0.4% |   -0.129 |       -5.3 |      -27.9 |    610 | core/div/remainder\[64\]$_SDFFE_PP0P_/D
    1372* |       1 |     127 |       33 |     11 |    70 |    +0.4% |   -0.129 |       -5.3 |      -27.9 |    610 | core/div/remainder\[64\]$_SDFFE_PP0P_/D
    1373* |       1 |     127 |       33 |     11 |    70 |    +0.4% |   -0.129 |       -5.3 |      -27.9 |    610 | core/div/remainder\[64\]$_SDFFE_PP0P_/D
    1374* |       1 |     127 |       33 |     11 |    70 |    +0.4% |   -0.129 |       -5.3 |      -27.9 |    610 | core/div/remainder\[64\]$_SDFFE_PP0P_/D
    1376* |       1 |     128 |       33 |     11 |    70 |    +0.4% |   -0.129 |       -5.3 |      -27.9 |    610 | core/div/remainder\[64\]$_SDFFE_PP0P_/D
    1377* |       1 |     128 |       33 |     11 |    70 |    +0.4% |   -0.129 |       -5.3 |      -27.9 |    610 | core/div/remainder\[64\]$_SDFFE_PP0P_/D
    1378* |       1 |     128 |       33 |     11 |    70 |    +0.4% |   -0.129 |       -5.3 |      -27.9 |    610 | core/div/remainder\[64\]$_SDFFE_PP0P_/D
    1379* |       1 |     128 |       33 |     11 |    70 |    +0.4% |   -0.129 |       -5.3 |      -27.9 |    610 | core/div/remainder\[64\]$_SDFFE_PP0P_/D
    1380* |       1 |     128 |       33 |     11 |    70 |    +0.4% |   -0.129 |       -5.3 |      -27.9 |    610 | core/div/remainder\[64\]$_SDFFE_PP0P_/D
    1380* |       1 |     128 |       33 |     11 |    70 |    +0.4% |   -0.129 |       -5.3 |      -27.9 |    610 | core/div/remainder\[64\]$_SDFFE_PP0P_/D
    1381* |       1 |     128 |       33 |     11 |    70 |    +0.4% |   -0.129 |       -5.3 |      -27.9 |    610 | core/div/remainder\[64\]$_SDFFE_PP0P_/D
    1387* |       1 |     133 |       33 |     11 |    70 |    +0.4% |   -0.129 |       -5.3 |      -23.8 |    610 | core/div/remainder\[64\]$_SDFFE_PP0P_/D
    1388* |       1 |     133 |       33 |     11 |    70 |    +0.4% |   -0.129 |       -5.3 |      -23.8 |    610 | core/div/remainder\[64\]$_SDFFE_PP0P_/D
    1390* |       1 |     133 |       35 |     11 |    70 |    +0.4% |   -0.129 |       -5.3 |      -23.8 |    610 | core/div/remainder\[64\]$_SDFFE_PP0P_/D
    1400* |       1 |     140 |       37 |     11 |    71 |    +0.4% |   -0.132 |       -5.3 |      -23.8 |    610 | core/div/remainder\[64\]$_SDFFE_PP0P_/D
    1410* |       1 |     147 |       38 |     11 |    73 |    +0.4% |   -0.132 |       -5.3 |      -23.8 |    610 | core/div/remainder\[64\]$_SDFFE_PP0P_/D
    1417* |       1 |     133 |       33 |     11 |    70 |    +0.4% |   -0.129 |       -5.3 |      -23.8 |    610 | core/div/remainder\[64\]$_SDFFE_PP0P_/D
    1418* |       1 |     133 |       33 |     11 |    70 |    +0.4% |   -0.129 |       -5.3 |      -23.8 |    610 | core/div/remainder\[64\]$_SDFFE_PP0P_/D
    1419* |       1 |     133 |       33 |     11 |    70 |    +0.4% |   -0.129 |       -5.3 |      -23.8 |    610 | core/div/remainder\[64\]$_SDFFE_PP0P_/D
    1420* |       1 |     133 |       33 |     11 |    70 |    +0.4% |   -0.129 |       -5.3 |      -23.8 |    610 | core/div/remainder\[64\]$_SDFFE_PP0P_/D
    1430* |       1 |     143 |       33 |     11 |    70 |    +0.4% |   -0.129 |       -5.3 |      -23.7 |    610 | core/div/remainder\[64\]$_SDFFE_PP0P_/D
    1438* |       1 |     150 |       33 |     11 |    71 |    +0.4% |   -0.129 |       -5.4 |      -25.3 |    610 | core/div/remainder\[64\]$_SDFFE_PP0P_/D
    1440* |       1 |     151 |       33 |     11 |    71 |    +0.4% |   -0.129 |       -5.4 |      -24.8 |    610 | core/div/remainder\[64\]$_SDFFE_PP0P_/D
    1446* |       2 |     154 |       33 |     11 |    71 |    +0.4% |   -0.129 |       -5.3 |      -23.4 |    610 | core/div/remainder\[64\]$_SDFFE_PP0P_/D
    1449* |       2 |     154 |       33 |     11 |    71 |    +0.4% |   -0.129 |       -5.3 |      -23.4 |    610 | core/div/remainder\[64\]$_SDFFE_PP0P_/D
    1450* |       2 |     154 |       33 |     11 |    71 |    +0.4% |   -0.129 |       -5.3 |      -23.4 |    610 | core/div/remainder\[64\]$_SDFFE_PP0P_/D
    1452* |       2 |     154 |       33 |     11 |    71 |    +0.4% |   -0.129 |       -5.3 |      -23.4 |    610 | core/div/remainder\[64\]$_SDFFE_PP0P_/D
    1458* |       3 |     158 |       33 |     11 |    71 |    +0.4% |   -0.129 |       -5.4 |      -23.7 |    610 | core/div/remainder\[64\]$_SDFFE_PP0P_/D
    1459* |       3 |     158 |       33 |     11 |    71 |    +0.4% |   -0.129 |       -5.4 |      -23.7 |    610 | core/div/remainder\[64\]$_SDFFE_PP0P_/D
    1460* |       3 |     158 |       33 |     11 |    71 |    +0.4% |   -0.129 |       -5.4 |      -23.7 |    610 | core/div/remainder\[64\]$_SDFFE_PP0P_/D
    1460* |       3 |     158 |       33 |     11 |    71 |    +0.4% |   -0.129 |       -5.4 |      -23.7 |    610 | core/div/remainder\[64\]$_SDFFE_PP0P_/D
    1461* |       3 |     158 |       33 |     11 |    71 |    +0.4% |   -0.129 |       -5.4 |      -23.7 |    610 | core/div/remainder\[64\]$_SDFFE_PP0P_/D
    1462* |       3 |     158 |       33 |     11 |    71 |    +0.4% |   -0.129 |       -5.4 |      -23.7 |    610 | core/div/remainder\[64\]$_SDFFE_PP0P_/D
    1463* |       3 |     158 |       33 |     11 |    71 |    +0.4% |   -0.129 |       -5.4 |      -23.7 |    610 | core/div/remainder\[64\]$_SDFFE_PP0P_/D
    1464* |       3 |     158 |       33 |     11 |    71 |    +0.4% |   -0.129 |       -5.4 |      -23.7 |    610 | core/div/remainder\[64\]$_SDFFE_PP0P_/D
    1465* |       3 |     158 |       33 |     11 |    71 |    +0.4% |   -0.129 |       -5.4 |      -23.7 |    610 | core/div/remainder\[64\]$_SDFFE_PP0P_/D
    1466* |       3 |     158 |       33 |     11 |    71 |    +0.4% |   -0.129 |       -5.4 |      -23.7 |    610 | core/div/remainder\[64\]$_SDFFE_PP0P_/D
    1467* |       3 |     158 |       33 |     11 |    71 |    +0.4% |   -0.129 |       -5.4 |      -23.7 |    610 | core/div/remainder\[64\]$_SDFFE_PP0P_/D
    1468* |       3 |     158 |       33 |     11 |    71 |    +0.4% |   -0.129 |       -5.4 |      -23.7 |    610 | core/div/remainder\[64\]$_SDFFE_PP0P_/D
    1470* |       3 |     159 |       33 |     11 |    71 |    +0.4% |   -0.129 |       -5.4 |      -23.7 |    610 | core/div/remainder\[64\]$_SDFFE_PP0P_/D
    1479* |       3 |     163 |       35 |     11 |    74 |    +0.4% |   -0.129 |       -5.3 |      -23.4 |    610 | core/div/remainder\[64\]$_SDFFE_PP0P_/D
    1480* |       3 |     163 |       35 |     11 |    74 |    +0.4% |   -0.129 |       -5.3 |      -23.4 |    610 | core/div/remainder\[64\]$_SDFFE_PP0P_/D
    1490* |       3 |     169 |       40 |     11 |    75 |    +0.4% |   -0.138 |       -5.4 |      -23.4 |    610 | core/div/remainder\[64\]$_SDFFE_PP0P_/D
    1500* |       3 |     176 |       43 |     11 |    75 |    +0.5% |   -0.138 |       -5.5 |      -23.5 |    610 | core/div/remainder\[64\]$_SDFFE_PP0P_/D
    1510* |       3 |     184 |       45 |     11 |    75 |    +0.5% |   -0.138 |       -5.5 |      -23.5 |    610 | core/div/remainder\[64\]$_SDFFE_PP0P_/D
    1515* |       3 |     163 |       35 |     11 |    74 |    +0.4% |   -0.129 |       -5.3 |      -23.4 |    610 | core/div/remainder\[64\]$_SDFFE_PP0P_/D
    1520* |       3 |     167 |       35 |     11 |    74 |    +0.4% |   -0.129 |       -5.4 |      -24.5 |    610 | core/div/remainder\[64\]$_SDFFE_PP0P_/D
    1530* |       3 |     177 |       35 |     11 |    74 |    +0.5% |   -0.129 |       -5.4 |      -24.5 |    610 | core/div/remainder\[64\]$_SDFFE_PP0P_/D
    1540* |       3 |     182 |       39 |     11 |    76 |    +0.5% |   -0.129 |       -5.4 |      -24.5 |    610 | core/div/remainder\[64\]$_SDFFE_PP0P_/D
    1547* |       3 |     187 |       39 |     11 |    78 |    +0.5% |   -0.129 |       -5.4 |      -24.5 |    610 | core/div/remainder\[64\]$_SDFFE_PP0P_/D
    1550* |       3 |     189 |       39 |     11 |    78 |    +0.5% |   -0.129 |       -5.4 |      -24.5 |    610 | core/div/remainder\[64\]$_SDFFE_PP0P_/D
    1554* |       3 |     193 |       39 |     11 |    78 |    +0.5% |   -0.129 |       -5.3 |      -24.4 |    610 | core/div/remainder\[64\]$_SDFFE_PP0P_/D
    1560* |       3 |     197 |       40 |     11 |    78 |    +0.5% |   -0.129 |       -5.3 |      -23.3 |    610 | core/div/remainder\[64\]$_SDFFE_PP0P_/D
    1560* |       3 |     197 |       40 |     11 |    78 |    +0.5% |   -0.129 |       -5.3 |      -23.3 |    610 | core/div/remainder\[64\]$_SDFFE_PP0P_/D
    1564* |       3 |     200 |       40 |     11 |    78 |    +0.5% |   -0.129 |       -5.3 |      -23.3 |    610 | core/div/remainder\[64\]$_SDFFE_PP0P_/D
    1565* |       3 |     200 |       40 |     11 |    78 |    +0.5% |   -0.129 |       -5.3 |      -23.3 |    610 | core/div/remainder\[64\]$_SDFFE_PP0P_/D
    1569* |       3 |     203 |       40 |     11 |    78 |    +0.5% |   -0.129 |       -5.3 |      -23.2 |    610 | core/div/remainder\[64\]$_SDFFE_PP0P_/D
    1570* |       3 |     203 |       40 |     11 |    78 |    +0.5% |   -0.129 |       -5.3 |      -23.2 |    610 | core/div/remainder\[64\]$_SDFFE_PP0P_/D
    1571* |       3 |     204 |       40 |     11 |    78 |    +0.5% |   -0.129 |       -5.3 |      -23.1 |    610 | core/div/remainder\[64\]$_SDFFE_PP0P_/D
    1575* |       3 |     207 |       40 |     11 |    78 |    +0.5% |   -0.129 |       -5.3 |      -23.1 |    610 | core/div/remainder\[64\]$_SDFFE_PP0P_/D
    1579* |       3 |     210 |       40 |     11 |    78 |    +0.5% |   -0.129 |       -5.3 |      -23.8 |    610 | core/div/remainder\[64\]$_SDFFE_PP0P_/D
    1580* |       3 |     210 |       40 |     11 |    78 |    +0.5% |   -0.129 |       -5.3 |      -23.8 |    610 | core/div/remainder\[64\]$_SDFFE_PP0P_/D
    1581* |       3 |     211 |       40 |     11 |    78 |    +0.5% |   -0.129 |       -5.3 |      -23.8 |    610 | core/div/remainder\[64\]$_SDFFE_PP0P_/D
    1585* |       4 |     213 |       40 |     11 |    78 |    +0.5% |   -0.129 |       -5.3 |      -23.8 |    610 | core/div/remainder\[64\]$_SDFFE_PP0P_/D
    1589* |       4 |     216 |       40 |     11 |    78 |    +0.5% |   -0.129 |       -5.3 |      -23.8 |    610 | core/div/remainder\[64\]$_SDFFE_PP0P_/D
    1590* |       4 |     216 |       40 |     11 |    78 |    +0.5% |   -0.129 |       -5.3 |      -23.8 |    610 | core/div/remainder\[64\]$_SDFFE_PP0P_/D
    1591* |       4 |     217 |       40 |     11 |    78 |    +0.5% |   -0.129 |       -5.3 |      -23.8 |    610 | core/div/remainder\[64\]$_SDFFE_PP0P_/D
    1592* |       4 |     217 |       40 |     11 |    78 |    +0.5% |   -0.129 |       -5.3 |      -23.8 |    610 | core/div/remainder\[64\]$_SDFFE_PP0P_/D
    1593* |       4 |     217 |       40 |     11 |    78 |    +0.5% |   -0.129 |       -5.3 |      -23.8 |    610 | core/div/remainder\[64\]$_SDFFE_PP0P_/D
    1594* |       4 |     217 |       40 |     11 |    78 |    +0.5% |   -0.129 |       -5.3 |      -23.8 |    610 | core/div/remainder\[64\]$_SDFFE_PP0P_/D
    1600* |       4 |     221 |       40 |     11 |    79 |    +0.5% |   -0.129 |       -5.3 |      -23.7 |    610 | core/div/remainder\[64\]$_SDFFE_PP0P_/D
    1600* |       4 |     221 |       40 |     11 |    79 |    +0.5% |   -0.129 |       -5.3 |      -23.7 |    610 | core/div/remainder\[64\]$_SDFFE_PP0P_/D
    1601* |       4 |     221 |       40 |     11 |    79 |    +0.5% |   -0.129 |       -5.3 |      -23.7 |    610 | core/div/remainder\[64\]$_SDFFE_PP0P_/D
    1602* |       4 |     221 |       40 |     11 |    79 |    +0.5% |   -0.129 |       -5.3 |      -23.7 |    610 | core/div/remainder\[64\]$_SDFFE_PP0P_/D
    1603* |       4 |     221 |       40 |     11 |    79 |    +0.5% |   -0.129 |       -5.3 |      -23.7 |    610 | core/div/remainder\[64\]$_SDFFE_PP0P_/D
    1604* |       4 |     221 |       40 |     11 |    79 |    +0.5% |   -0.129 |       -5.3 |      -23.7 |    610 | core/div/remainder\[64\]$_SDFFE_PP0P_/D
    1605* |       4 |     221 |       40 |     11 |    79 |    +0.5% |   -0.129 |       -5.3 |      -23.7 |    610 | core/div/remainder\[64\]$_SDFFE_PP0P_/D
    1606* |       4 |     221 |       40 |     11 |    79 |    +0.5% |   -0.129 |       -5.3 |      -23.7 |    610 | core/div/remainder\[64\]$_SDFFE_PP0P_/D
    1607* |       4 |     221 |       40 |     11 |    79 |    +0.5% |   -0.129 |       -5.3 |      -23.7 |    610 | core/div/remainder\[64\]$_SDFFE_PP0P_/D
    1608* |       4 |     221 |       40 |     11 |    79 |    +0.5% |   -0.129 |       -5.3 |      -23.7 |    610 | core/div/remainder\[64\]$_SDFFE_PP0P_/D
    1609* |       4 |     221 |       40 |     11 |    79 |    +0.5% |   -0.129 |       -5.3 |      -23.7 |    610 | core/div/remainder\[64\]$_SDFFE_PP0P_/D
    1610* |       4 |     221 |       40 |     11 |    79 |    +0.5% |   -0.129 |       -5.3 |      -23.7 |    610 | core/div/remainder\[64\]$_SDFFE_PP0P_/D
    1610* |       4 |     221 |       40 |     11 |    79 |    +0.5% |   -0.129 |       -5.3 |      -23.7 |    610 | core/div/remainder\[64\]$_SDFFE_PP0P_/D
    1611* |       4 |     221 |       40 |     11 |    79 |    +0.5% |   -0.129 |       -5.3 |      -23.7 |    610 | core/div/remainder\[64\]$_SDFFE_PP0P_/D
    1612* |       4 |     221 |       40 |     11 |    79 |    +0.5% |   -0.129 |       -5.3 |      -23.7 |    610 | core/div/remainder\[64\]$_SDFFE_PP0P_/D
    1613* |       4 |     221 |       40 |     11 |    79 |    +0.5% |   -0.129 |       -5.3 |      -23.7 |    610 | core/div/remainder\[64\]$_SDFFE_PP0P_/D
    1614* |       4 |     221 |       40 |     11 |    79 |    +0.5% |   -0.129 |       -5.3 |      -23.7 |    610 | core/div/remainder\[64\]$_SDFFE_PP0P_/D
    1615* |       4 |     221 |       40 |     11 |    79 |    +0.5% |   -0.129 |       -5.3 |      -23.7 |    610 | core/div/remainder\[64\]$_SDFFE_PP0P_/D
    1616* |       4 |     221 |       40 |     11 |    79 |    +0.5% |   -0.129 |       -5.3 |      -23.7 |    610 | core/div/remainder\[64\]$_SDFFE_PP0P_/D
    1617* |       4 |     221 |       40 |     11 |    79 |    +0.5% |   -0.129 |       -5.3 |      -23.7 |    610 | core/div/remainder\[64\]$_SDFFE_PP0P_/D
    1618* |       4 |     221 |       40 |     11 |    79 |    +0.5% |   -0.129 |       -5.3 |      -23.7 |    610 | core/div/remainder\[64\]$_SDFFE_PP0P_/D
    1619* |       4 |     221 |       40 |     11 |    79 |    +0.5% |   -0.129 |       -5.3 |      -23.7 |    610 | core/div/remainder\[64\]$_SDFFE_PP0P_/D
    1620* |       4 |     221 |       40 |     11 |    79 |    +0.5% |   -0.129 |       -5.3 |      -23.7 |    610 | core/div/remainder\[64\]$_SDFFE_PP0P_/D
    1620* |       4 |     221 |       40 |     11 |    79 |    +0.5% |   -0.129 |       -5.3 |      -23.7 |    610 | core/div/remainder\[64\]$_SDFFE_PP0P_/D
    1621* |       4 |     221 |       40 |     11 |    79 |    +0.5% |   -0.129 |       -5.3 |      -23.7 |    610 | core/div/remainder\[64\]$_SDFFE_PP0P_/D
    1622* |       4 |     221 |       40 |     11 |    79 |    +0.5% |   -0.129 |       -5.3 |      -23.7 |    610 | core/div/remainder\[64\]$_SDFFE_PP0P_/D
    1623* |       4 |     221 |       40 |     11 |    79 |    +0.5% |   -0.129 |       -5.3 |      -23.7 |    610 | core/div/remainder\[64\]$_SDFFE_PP0P_/D
    1624* |       4 |     221 |       40 |     11 |    79 |    +0.5% |   -0.129 |       -5.3 |      -23.7 |    610 | core/div/remainder\[64\]$_SDFFE_PP0P_/D
    1625* |       4 |     221 |       40 |     11 |    79 |    +0.5% |   -0.129 |       -5.3 |      -23.7 |    610 | core/div/remainder\[64\]$_SDFFE_PP0P_/D
    1627* |       4 |     222 |       40 |     11 |    79 |    +0.5% |   -0.129 |       -5.3 |      -23.7 |    610 | core/div/remainder\[64\]$_SDFFE_PP0P_/D
    1628* |       4 |     222 |       40 |     11 |    79 |    +0.5% |   -0.129 |       -5.3 |      -23.7 |    610 | core/div/remainder\[64\]$_SDFFE_PP0P_/D
    1630* |       4 |     223 |       40 |     11 |    79 |    +0.5% |   -0.129 |       -5.2 |      -23.3 |    610 | core/div/remainder\[64\]$_SDFFE_PP0P_/D
    1631* |       4 |     224 |       40 |     11 |    79 |    +0.6% |   -0.129 |       -5.2 |      -23.3 |    610 | core/div/remainder\[64\]$_SDFFE_PP0P_/D
    1633* |       4 |     225 |       40 |     11 |    79 |    +0.6% |   -0.129 |       -5.2 |      -23.3 |    610 | core/div/remainder\[64\]$_SDFFE_PP0P_/D
    1635* |       4 |     226 |       40 |     11 |    79 |    +0.6% |   -0.129 |       -5.2 |      -23.3 |    610 | core/div/remainder\[64\]$_SDFFE_PP0P_/D
    1636* |       4 |     226 |       40 |     11 |    79 |    +0.6% |   -0.129 |       -5.2 |      -23.3 |    610 | core/div/remainder\[64\]$_SDFFE_PP0P_/D
    1637* |       4 |     226 |       40 |     11 |    79 |    +0.6% |   -0.129 |       -5.2 |      -23.3 |    610 | core/div/remainder\[64\]$_SDFFE_PP0P_/D
    1638* |       4 |     226 |       40 |     11 |    79 |    +0.6% |   -0.129 |       -5.2 |      -23.3 |    610 | core/div/remainder\[64\]$_SDFFE_PP0P_/D
    1639* |       4 |     226 |       40 |     11 |    79 |    +0.6% |   -0.129 |       -5.2 |      -23.3 |    610 | core/div/remainder\[64\]$_SDFFE_PP0P_/D
    1640* |       4 |     226 |       40 |     11 |    79 |    +0.6% |   -0.129 |       -5.2 |      -23.3 |    610 | core/div/remainder\[64\]$_SDFFE_PP0P_/D
    1640* |       4 |     226 |       40 |     11 |    79 |    +0.6% |   -0.129 |       -5.2 |      -23.3 |    610 | core/div/remainder\[64\]$_SDFFE_PP0P_/D
    1641* |       4 |     226 |       40 |     11 |    79 |    +0.6% |   -0.129 |       -5.2 |      -23.3 |    610 | core/div/remainder\[64\]$_SDFFE_PP0P_/D
    1643* |       4 |     226 |       40 |     11 |    80 |    +0.6% |   -0.129 |       -5.2 |      -23.3 |    610 | core/div/remainder\[64\]$_SDFFE_PP0P_/D
    1644* |       4 |     226 |       40 |     11 |    80 |    +0.6% |   -0.129 |       -5.2 |      -23.3 |    610 | core/div/remainder\[64\]$_SDFFE_PP0P_/D
    1646* |       4 |     227 |       40 |     11 |    80 |    +0.6% |   -0.129 |       -5.2 |      -23.3 |    610 | core/div/remainder\[64\]$_SDFFE_PP0P_/D
    1647* |       4 |     227 |       40 |     11 |    80 |    +0.6% |   -0.129 |       -5.2 |      -23.3 |    610 | core/div/remainder\[64\]$_SDFFE_PP0P_/D
    1648* |       4 |     227 |       40 |     11 |    80 |    +0.6% |   -0.129 |       -5.2 |      -23.3 |    610 | core/div/remainder\[64\]$_SDFFE_PP0P_/D
    1649* |       4 |     227 |       40 |     11 |    80 |    +0.6% |   -0.129 |       -5.2 |      -23.3 |    610 | core/div/remainder\[64\]$_SDFFE_PP0P_/D
    1650* |       4 |     227 |       40 |     11 |    80 |    +0.6% |   -0.129 |       -5.2 |      -23.3 |    610 | core/div/remainder\[64\]$_SDFFE_PP0P_/D
    1650* |       4 |     227 |       40 |     11 |    80 |    +0.6% |   -0.129 |       -5.2 |      -23.3 |    610 | core/div/remainder\[64\]$_SDFFE_PP0P_/D
    1651* |       4 |     227 |       40 |     11 |    80 |    +0.6% |   -0.129 |       -5.2 |      -23.3 |    610 | core/div/remainder\[64\]$_SDFFE_PP0P_/D
    1652* |       4 |     227 |       40 |     11 |    80 |    +0.6% |   -0.129 |       -5.2 |      -23.3 |    610 | core/div/remainder\[64\]$_SDFFE_PP0P_/D
    1654* |       4 |     228 |       40 |     11 |    80 |    +0.6% |   -0.129 |       -5.2 |      -23.3 |    610 | core/div/remainder\[64\]$_SDFFE_PP0P_/D
    1655* |       4 |     228 |       40 |     11 |    80 |    +0.6% |   -0.129 |       -5.2 |      -23.3 |    610 | core/div/remainder\[64\]$_SDFFE_PP0P_/D
    1656* |       4 |     228 |       40 |     11 |    80 |    +0.6% |   -0.129 |       -5.2 |      -23.3 |    610 | core/div/remainder\[64\]$_SDFFE_PP0P_/D
    1657* |       4 |     228 |       40 |     11 |    80 |    +0.6% |   -0.129 |       -5.2 |      -23.3 |    610 | core/div/remainder\[64\]$_SDFFE_PP0P_/D
    1658* |       4 |     228 |       40 |     11 |    80 |    +0.6% |   -0.129 |       -5.2 |      -23.3 |    610 | core/div/remainder\[64\]$_SDFFE_PP0P_/D
    1659* |       4 |     228 |       40 |     11 |    80 |    +0.6% |   -0.129 |       -5.2 |      -23.3 |    610 | core/div/remainder\[64\]$_SDFFE_PP0P_/D
    1660* |       4 |     228 |       40 |     11 |    80 |    +0.6% |   -0.129 |       -5.2 |      -23.3 |    610 | core/div/remainder\[64\]$_SDFFE_PP0P_/D
    1660* |       4 |     228 |       40 |     11 |    80 |    +0.6% |   -0.129 |       -5.2 |      -23.3 |    610 | core/div/remainder\[64\]$_SDFFE_PP0P_/D
    1661* |       4 |     228 |       40 |     11 |    80 |    +0.6% |   -0.129 |       -5.2 |      -23.3 |    610 | core/div/remainder\[64\]$_SDFFE_PP0P_/D
    1663* |       4 |     229 |       40 |     11 |    80 |    +0.6% |   -0.129 |       -5.2 |      -23.3 |    610 | core/div/remainder\[64\]$_SDFFE_PP0P_/D
    1664* |       4 |     229 |       40 |     11 |    80 |    +0.6% |   -0.129 |       -5.2 |      -23.3 |    610 | core/div/remainder\[64\]$_SDFFE_PP0P_/D
    1665* |       4 |     229 |       40 |     11 |    80 |    +0.6% |   -0.129 |       -5.2 |      -23.3 |    610 | core/div/remainder\[64\]$_SDFFE_PP0P_/D
    1666* |       4 |     229 |       40 |     11 |    80 |    +0.6% |   -0.129 |       -5.2 |      -23.3 |    610 | core/div/remainder\[64\]$_SDFFE_PP0P_/D
    1667* |       4 |     229 |       40 |     11 |    80 |    +0.6% |   -0.129 |       -5.2 |      -23.3 |    610 | core/div/remainder\[64\]$_SDFFE_PP0P_/D
    1668* |       4 |     229 |       40 |     11 |    80 |    +0.6% |   -0.129 |       -5.2 |      -23.3 |    610 | core/div/remainder\[64\]$_SDFFE_PP0P_/D
    1669* |       4 |     229 |       40 |     11 |    80 |    +0.6% |   -0.129 |       -5.2 |      -23.3 |    610 | core/div/remainder\[64\]$_SDFFE_PP0P_/D
    1670* |       4 |     229 |       40 |     11 |    80 |    +0.6% |   -0.129 |       -5.2 |      -23.3 |    610 | core/div/remainder\[64\]$_SDFFE_PP0P_/D
    1670* |       4 |     229 |       40 |     11 |    80 |    +0.6% |   -0.129 |       -5.2 |      -23.3 |    610 | core/div/remainder\[64\]$_SDFFE_PP0P_/D
    1671* |       4 |     229 |       40 |     11 |    80 |    +0.6% |   -0.129 |       -5.2 |      -23.3 |    610 | core/div/remainder\[64\]$_SDFFE_PP0P_/D
    1672* |       4 |     229 |       40 |     11 |    80 |    +0.6% |   -0.129 |       -5.2 |      -23.3 |    610 | core/div/remainder\[64\]$_SDFFE_PP0P_/D
    1673* |       4 |     229 |       40 |     11 |    80 |    +0.6% |   -0.129 |       -5.2 |      -23.3 |    610 | core/div/remainder\[64\]$_SDFFE_PP0P_/D
    1674* |       4 |     229 |       40 |     11 |    80 |    +0.6% |   -0.129 |       -5.2 |      -23.3 |    610 | core/div/remainder\[64\]$_SDFFE_PP0P_/D
    1675* |       4 |     229 |       40 |     11 |    80 |    +0.6% |   -0.129 |       -5.2 |      -23.3 |    610 | core/div/remainder\[64\]$_SDFFE_PP0P_/D
    1676* |       4 |     229 |       40 |     11 |    80 |    +0.6% |   -0.129 |       -5.2 |      -23.3 |    610 | core/div/remainder\[64\]$_SDFFE_PP0P_/D
    1679* |       4 |     231 |       40 |     11 |    80 |    +0.6% |   -0.129 |       -5.2 |      -23.3 |    610 | core/div/remainder\[64\]$_SDFFE_PP0P_/D
    1680* |       4 |     231 |       40 |     11 |    80 |    +0.6% |   -0.129 |       -5.2 |      -23.3 |    610 | core/div/remainder\[64\]$_SDFFE_PP0P_/D
    1680* |       4 |     231 |       40 |     11 |    80 |    +0.6% |   -0.129 |       -5.2 |      -23.3 |    610 | core/div/remainder\[64\]$_SDFFE_PP0P_/D
    1681* |       4 |     231 |       40 |     11 |    80 |    +0.6% |   -0.129 |       -5.2 |      -23.3 |    610 | core/div/remainder\[64\]$_SDFFE_PP0P_/D
    1682* |       4 |     231 |       40 |     11 |    80 |    +0.6% |   -0.129 |       -5.2 |      -23.3 |    610 | core/div/remainder\[64\]$_SDFFE_PP0P_/D
    1683* |       4 |     231 |       40 |     11 |    80 |    +0.6% |   -0.129 |       -5.2 |      -23.3 |    610 | core/div/remainder\[64\]$_SDFFE_PP0P_/D
    1684* |       4 |     231 |       40 |     11 |    80 |    +0.6% |   -0.129 |       -5.2 |      -23.3 |    610 | core/div/remainder\[64\]$_SDFFE_PP0P_/D
    1685* |       4 |     231 |       40 |     11 |    80 |    +0.6% |   -0.129 |       -5.2 |      -23.3 |    610 | core/div/remainder\[64\]$_SDFFE_PP0P_/D
    1686* |       4 |     231 |       40 |     11 |    80 |    +0.6% |   -0.129 |       -5.2 |      -23.3 |    610 | core/div/remainder\[64\]$_SDFFE_PP0P_/D
    1687* |       4 |     231 |       40 |     11 |    80 |    +0.6% |   -0.129 |       -5.2 |      -23.3 |    610 | core/div/remainder\[64\]$_SDFFE_PP0P_/D
    1688* |       4 |     231 |       40 |     11 |    80 |    +0.6% |   -0.129 |       -5.2 |      -23.3 |    610 | core/div/remainder\[64\]$_SDFFE_PP0P_/D
    1689* |       4 |     231 |       40 |     11 |    80 |    +0.6% |   -0.129 |       -5.2 |      -23.3 |    610 | core/div/remainder\[64\]$_SDFFE_PP0P_/D
    1690* |       4 |     231 |       40 |     11 |    80 |    +0.6% |   -0.129 |       -5.2 |      -23.3 |    610 | core/div/remainder\[64\]$_SDFFE_PP0P_/D
    1690* |       4 |     231 |       40 |     11 |    80 |    +0.6% |   -0.129 |       -5.2 |      -23.3 |    610 | core/div/remainder\[64\]$_SDFFE_PP0P_/D
    1691* |       4 |     231 |       40 |     11 |    80 |    +0.6% |   -0.129 |       -5.2 |      -23.3 |    610 | core/div/remainder\[64\]$_SDFFE_PP0P_/D
    1692* |       4 |     231 |       40 |     11 |    80 |    +0.6% |   -0.129 |       -5.2 |      -23.3 |    610 | core/div/remainder\[64\]$_SDFFE_PP0P_/D
    1693* |       4 |     231 |       40 |     11 |    80 |    +0.6% |   -0.129 |       -5.2 |      -23.3 |    610 | core/div/remainder\[64\]$_SDFFE_PP0P_/D
    1694* |       4 |     231 |       40 |     11 |    80 |    +0.6% |   -0.129 |       -5.2 |      -23.3 |    610 | core/div/remainder\[64\]$_SDFFE_PP0P_/D
    1695* |       4 |     231 |       40 |     11 |    80 |    +0.6% |   -0.129 |       -5.2 |      -23.3 |    610 | core/div/remainder\[64\]$_SDFFE_PP0P_/D
    1696* |       4 |     231 |       40 |     11 |    80 |    +0.6% |   -0.129 |       -5.2 |      -23.3 |    610 | core/div/remainder\[64\]$_SDFFE_PP0P_/D
    1697* |       4 |     231 |       40 |     11 |    80 |    +0.6% |   -0.129 |       -5.2 |      -23.3 |    610 | core/div/remainder\[64\]$_SDFFE_PP0P_/D
    1698* |       4 |     231 |       40 |     11 |    80 |    +0.6% |   -0.129 |       -5.2 |      -23.3 |    610 | core/div/remainder\[64\]$_SDFFE_PP0P_/D
    1699* |       4 |     231 |       40 |     11 |    80 |    +0.6% |   -0.129 |       -5.2 |      -23.3 |    610 | core/div/remainder\[64\]$_SDFFE_PP0P_/D
    1700* |       4 |     231 |       40 |     11 |    80 |    +0.6% |   -0.129 |       -5.2 |      -23.3 |    610 | core/div/remainder\[64\]$_SDFFE_PP0P_/D
    1700* |       4 |     231 |       40 |     11 |    80 |    +0.6% |   -0.129 |       -5.2 |      -23.3 |    610 | core/div/remainder\[64\]$_SDFFE_PP0P_/D
    1701* |       4 |     231 |       40 |     11 |    80 |    +0.6% |   -0.129 |       -5.2 |      -23.3 |    610 | core/div/remainder\[64\]$_SDFFE_PP0P_/D
    1702* |       4 |     231 |       40 |     11 |    80 |    +0.6% |   -0.129 |       -5.2 |      -23.3 |    610 | core/div/remainder\[64\]$_SDFFE_PP0P_/D
    1703* |       4 |     231 |       40 |     11 |    80 |    +0.6% |   -0.129 |       -5.2 |      -23.3 |    610 | core/div/remainder\[64\]$_SDFFE_PP0P_/D
    1704* |       4 |     231 |       40 |     11 |    80 |    +0.6% |   -0.129 |       -5.2 |      -23.3 |    610 | core/div/remainder\[64\]$_SDFFE_PP0P_/D
    1705* |       4 |     231 |       40 |     11 |    80 |    +0.6% |   -0.129 |       -5.2 |      -23.3 |    610 | core/div/remainder\[64\]$_SDFFE_PP0P_/D
    1706* |       4 |     231 |       40 |     11 |    80 |    +0.6% |   -0.129 |       -5.2 |      -23.3 |    610 | core/div/remainder\[64\]$_SDFFE_PP0P_/D
    1707* |       4 |     231 |       40 |     11 |    80 |    +0.6% |   -0.129 |       -5.2 |      -23.3 |    610 | core/div/remainder\[64\]$_SDFFE_PP0P_/D
    1708* |       4 |     231 |       40 |     11 |    80 |    +0.6% |   -0.129 |       -5.2 |      -23.3 |    610 | core/div/remainder\[64\]$_SDFFE_PP0P_/D
    1709* |       4 |     231 |       40 |     11 |    80 |    +0.6% |   -0.129 |       -5.2 |      -23.3 |    610 | core/div/remainder\[64\]$_SDFFE_PP0P_/D
    1710* |       4 |     231 |       40 |     11 |    80 |    +0.6% |   -0.129 |       -5.2 |      -23.3 |    610 | core/div/remainder\[64\]$_SDFFE_PP0P_/D
    1710* |       4 |     231 |       40 |     11 |    80 |    +0.6% |   -0.129 |       -5.2 |      -23.3 |    610 | core/div/remainder\[64\]$_SDFFE_PP0P_/D
    1711* |       4 |     231 |       40 |     11 |    80 |    +0.6% |   -0.129 |       -5.2 |      -23.3 |    610 | core/div/remainder\[64\]$_SDFFE_PP0P_/D
    1712* |       4 |     231 |       40 |     11 |    80 |    +0.6% |   -0.129 |       -5.2 |      -23.3 |    610 | core/div/remainder\[64\]$_SDFFE_PP0P_/D
    1713* |       4 |     231 |       40 |     11 |    80 |    +0.6% |   -0.129 |       -5.2 |      -23.3 |    610 | core/div/remainder\[64\]$_SDFFE_PP0P_/D
    1714* |       4 |     231 |       40 |     11 |    80 |    +0.6% |   -0.129 |       -5.2 |      -23.3 |    610 | core/div/remainder\[64\]$_SDFFE_PP0P_/D
    1715* |       4 |     231 |       40 |     11 |    80 |    +0.6% |   -0.129 |       -5.2 |      -23.3 |    610 | core/div/remainder\[64\]$_SDFFE_PP0P_/D
    1716* |       4 |     231 |       40 |     11 |    80 |    +0.6% |   -0.129 |       -5.2 |      -23.3 |    610 | core/div/remainder\[64\]$_SDFFE_PP0P_/D
    1717* |       4 |     231 |       40 |     11 |    80 |    +0.6% |   -0.129 |       -5.2 |      -23.3 |    610 | core/div/remainder\[64\]$_SDFFE_PP0P_/D
    1718* |       4 |     231 |       40 |     11 |    80 |    +0.6% |   -0.129 |       -5.2 |      -23.3 |    610 | core/div/remainder\[64\]$_SDFFE_PP0P_/D
    1719* |       4 |     231 |       40 |     11 |    80 |    +0.6% |   -0.129 |       -5.2 |      -23.3 |    610 | core/div/remainder\[64\]$_SDFFE_PP0P_/D
    1720* |       4 |     231 |       40 |     11 |    80 |    +0.6% |   -0.129 |       -5.2 |      -23.3 |    610 | core/div/remainder\[64\]$_SDFFE_PP0P_/D
    1720* |       4 |     231 |       40 |     11 |    80 |    +0.6% |   -0.129 |       -5.2 |      -23.3 |    610 | core/div/remainder\[64\]$_SDFFE_PP0P_/D
    1721* |       4 |     231 |       40 |     11 |    80 |    +0.6% |   -0.129 |       -5.2 |      -23.3 |    610 | core/div/remainder\[64\]$_SDFFE_PP0P_/D
    1722* |       4 |     231 |       40 |     11 |    80 |    +0.6% |   -0.129 |       -5.2 |      -23.3 |    610 | core/div/remainder\[64\]$_SDFFE_PP0P_/D
    1723* |       4 |     231 |       40 |     11 |    80 |    +0.6% |   -0.129 |       -5.2 |      -23.3 |    610 | core/div/remainder\[64\]$_SDFFE_PP0P_/D
    1724* |       4 |     231 |       40 |     11 |    80 |    +0.6% |   -0.129 |       -5.2 |      -23.3 |    610 | core/div/remainder\[64\]$_SDFFE_PP0P_/D
    1725* |       4 |     231 |       40 |     11 |    80 |    +0.6% |   -0.129 |       -5.2 |      -23.3 |    610 | core/div/remainder\[64\]$_SDFFE_PP0P_/D
    1726* |       4 |     231 |       40 |     11 |    80 |    +0.6% |   -0.129 |       -5.2 |      -23.3 |    610 | core/div/remainder\[64\]$_SDFFE_PP0P_/D
    1727* |       4 |     231 |       40 |     11 |    80 |    +0.6% |   -0.129 |       -5.2 |      -23.3 |    610 | core/div/remainder\[64\]$_SDFFE_PP0P_/D
    1728* |       4 |     231 |       40 |     11 |    80 |    +0.6% |   -0.129 |       -5.2 |      -23.3 |    610 | core/div/remainder\[64\]$_SDFFE_PP0P_/D
    1730* |       4 |     231 |       41 |     11 |    80 |    +0.6% |   -0.129 |       -5.1 |      -22.5 |    610 | core/div/remainder\[64\]$_SDFFE_PP0P_/D
    1740* |       4 |     237 |       44 |     11 |    83 |    +0.6% |   -0.129 |       -5.1 |      -21.7 |    610 | core/div/remainder\[64\]$_SDFFE_PP0P_/D
    1750* |       4 |     242 |       47 |     13 |    84 |    +0.6% |   -0.129 |       -5.1 |      -22.5 |    610 | core/div/remainder\[64\]$_SDFFE_PP0P_/D
    1755* |       4 |     238 |       44 |     12 |    84 |    +0.6% |   -0.129 |       -5.1 |      -21.7 |    610 | core/div/remainder\[64\]$_SDFFE_PP0P_/D
    1756* |       4 |     238 |       44 |     12 |    84 |    +0.6% |   -0.129 |       -5.1 |      -21.7 |    610 | core/div/remainder\[64\]$_SDFFE_PP0P_/D
    1757* |       4 |     238 |       44 |     12 |    84 |    +0.6% |   -0.129 |       -5.1 |      -21.7 |    610 | core/div/remainder\[64\]$_SDFFE_PP0P_/D
    1758* |       4 |     238 |       44 |     12 |    84 |    +0.6% |   -0.129 |       -5.1 |      -21.7 |    610 | core/div/remainder\[64\]$_SDFFE_PP0P_/D
    1759* |       4 |     238 |       44 |     12 |    84 |    +0.6% |   -0.129 |       -5.1 |      -21.7 |    610 | core/div/remainder\[64\]$_SDFFE_PP0P_/D
    1760* |       4 |     238 |       44 |     12 |    84 |    +0.6% |   -0.129 |       -5.1 |      -21.7 |    610 | core/div/remainder\[64\]$_SDFFE_PP0P_/D
    1760* |       4 |     238 |       44 |     12 |    84 |    +0.6% |   -0.129 |       -5.1 |      -21.7 |    610 | core/div/remainder\[64\]$_SDFFE_PP0P_/D
    1761* |       4 |     238 |       44 |     12 |    84 |    +0.6% |   -0.129 |       -5.1 |      -21.7 |    610 | core/div/remainder\[64\]$_SDFFE_PP0P_/D
    1762* |       4 |     238 |       44 |     12 |    84 |    +0.6% |   -0.129 |       -5.1 |      -21.7 |    610 | core/div/remainder\[64\]$_SDFFE_PP0P_/D
    1763* |       4 |     238 |       44 |     12 |    84 |    +0.6% |   -0.129 |       -5.1 |      -21.7 |    610 | core/div/remainder\[64\]$_SDFFE_PP0P_/D
    1764* |       4 |     238 |       44 |     12 |    84 |    +0.6% |   -0.129 |       -5.1 |      -21.7 |    610 | core/div/remainder\[64\]$_SDFFE_PP0P_/D
    1765* |       4 |     238 |       44 |     12 |    84 |    +0.6% |   -0.129 |       -5.1 |      -21.7 |    610 | core/div/remainder\[64\]$_SDFFE_PP0P_/D
    1766* |       4 |     238 |       44 |     12 |    84 |    +0.6% |   -0.129 |       -5.1 |      -21.7 |    610 | core/div/remainder\[64\]$_SDFFE_PP0P_/D
    1767* |       4 |     238 |       44 |     12 |    84 |    +0.6% |   -0.129 |       -5.1 |      -21.7 |    610 | core/div/remainder\[64\]$_SDFFE_PP0P_/D
    1768* |       4 |     238 |       44 |     12 |    84 |    +0.6% |   -0.129 |       -5.1 |      -21.7 |    610 | core/div/remainder\[64\]$_SDFFE_PP0P_/D
    1770* |       4 |     238 |       46 |     12 |    84 |    +0.6% |   -0.129 |       -5.1 |      -21.8 |    610 | core/div/remainder\[64\]$_SDFFE_PP0P_/D
    1780* |       4 |     245 |       47 |     14 |    84 |    +0.6% |   -0.129 |       -5.1 |      -22.5 |    610 | core/div/remainder\[64\]$_SDFFE_PP0P_/D
    1780* |       4 |     238 |       44 |     12 |    84 |    +0.6% |   -0.129 |       -5.1 |      -21.7 |    610 | core/div/remainder\[64\]$_SDFFE_PP0P_/D
    1781* |       4 |     238 |       44 |     12 |    84 |    +0.6% |   -0.129 |       -5.1 |      -21.7 |    610 | core/div/remainder\[64\]$_SDFFE_PP0P_/D
    1782* |       4 |     238 |       44 |     12 |    84 |    +0.6% |   -0.129 |       -5.1 |      -21.7 |    610 | core/div/remainder\[64\]$_SDFFE_PP0P_/D
    1790* |       4 |     243 |       44 |     12 |    86 |    +0.6% |   -0.130 |       -5.1 |      -21.6 |    610 | core/div/remainder\[64\]$_SDFFE_PP0P_/D
    1800* |       4 |     248 |       48 |     13 |    86 |    +0.6% |   -0.154 |       -5.2 |      -22.5 |    610 | core/div/remainder\[64\]$_SDFFE_PP0P_/D
    1810* |       4 |     254 |       51 |     14 |    86 |    +0.6% |   -0.141 |       -5.1 |      -22.3 |    610 | core/div/remainder\[64\]$_SDFFE_PP0P_/D
    1817* |       4 |     240 |       44 |     12 |    85 |    +0.6% |   -0.129 |       -5.1 |      -21.7 |    610 | core/div/remainder\[64\]$_SDFFE_PP0P_/D
    1818* |       4 |     240 |       44 |     12 |    85 |    +0.6% |   -0.129 |       -5.1 |      -21.7 |    610 | core/div/remainder\[64\]$_SDFFE_PP0P_/D
    1819* |       4 |     240 |       44 |     12 |    85 |    +0.6% |   -0.129 |       -5.1 |      -21.7 |    610 | core/div/remainder\[64\]$_SDFFE_PP0P_/D
    1820* |       4 |     240 |       44 |     12 |    85 |    +0.6% |   -0.129 |       -5.1 |      -21.7 |    610 | core/div/remainder\[64\]$_SDFFE_PP0P_/D
    1830* |       4 |     246 |       47 |     14 |    85 |    +0.6% |   -0.129 |       -5.1 |      -22.7 |    610 | core/div/remainder\[64\]$_SDFFE_PP0P_/D
    1831* |       4 |     240 |       44 |     12 |    85 |    +0.6% |   -0.129 |       -5.1 |      -21.7 |    610 | core/div/remainder\[64\]$_SDFFE_PP0P_/D
    1832* |       4 |     240 |       44 |     12 |    85 |    +0.6% |   -0.129 |       -5.1 |      -21.7 |    610 | core/div/remainder\[64\]$_SDFFE_PP0P_/D
    1833* |       4 |     240 |       44 |     12 |    85 |    +0.6% |   -0.129 |       -5.1 |      -21.7 |    610 | core/div/remainder\[64\]$_SDFFE_PP0P_/D
    1840* |       4 |     244 |       47 |     12 |    85 |    +0.6% |   -0.129 |       -5.1 |      -22.5 |    610 | core/div/remainder\[64\]$_SDFFE_PP0P_/D
    1845* |       4 |     240 |       44 |     12 |    85 |    +0.6% |   -0.129 |       -5.1 |      -21.7 |    610 | core/div/remainder\[64\]$_SDFFE_PP0P_/D
    1846* |       4 |     240 |       44 |     12 |    85 |    +0.6% |   -0.129 |       -5.1 |      -21.7 |    610 | core/div/remainder\[64\]$_SDFFE_PP0P_/D
    1850* |       4 |     241 |       47 |     12 |    85 |    +0.6% |   -0.129 |       -5.1 |      -22.7 |    610 | core/div/remainder\[64\]$_SDFFE_PP0P_/D
    1858* |       4 |     240 |       44 |     12 |    85 |    +0.6% |   -0.129 |       -5.1 |      -21.7 |    610 | core/div/remainder\[64\]$_SDFFE_PP0P_/D
    1860* |       4 |     240 |       46 |     12 |    85 |    +0.6% |   -0.129 |       -5.1 |      -21.7 |    610 | core/div/remainder\[64\]$_SDFFE_PP0P_/D
    1870* |       4 |     247 |       47 |     14 |    85 |    +0.6% |   -0.129 |       -5.1 |      -22.4 |    610 | core/div/remainder\[64\]$_SDFFE_PP0P_/D
    1870* |       4 |     240 |       44 |     12 |    85 |    +0.6% |   -0.129 |       -5.1 |      -21.7 |    610 | core/div/remainder\[64\]$_SDFFE_PP0P_/D
    1871* |       4 |     240 |       44 |     12 |    85 |    +0.6% |   -0.129 |       -5.1 |      -21.7 |    610 | core/div/remainder\[64\]$_SDFFE_PP0P_/D
    1872* |       4 |     240 |       44 |     12 |    85 |    +0.6% |   -0.129 |       -5.1 |      -21.7 |    610 | core/div/remainder\[64\]$_SDFFE_PP0P_/D
    1873* |       4 |     240 |       44 |     12 |    85 |    +0.6% |   -0.129 |       -5.1 |      -21.7 |    610 | core/div/remainder\[64\]$_SDFFE_PP0P_/D
    1874* |       4 |     240 |       44 |     12 |    85 |    +0.6% |   -0.129 |       -5.1 |      -21.7 |    610 | core/div/remainder\[64\]$_SDFFE_PP0P_/D
    1880* |       4 |     243 |       47 |     12 |    85 |    +0.6% |   -0.129 |       -5.1 |      -22.5 |    610 | core/div/remainder\[64\]$_SDFFE_PP0P_/D
    1886* |       4 |     240 |       44 |     12 |    85 |    +0.6% |   -0.129 |       -5.1 |      -21.7 |    610 | core/div/remainder\[64\]$_SDFFE_PP0P_/D
    1890* |       4 |     241 |       47 |     12 |    85 |    +0.6% |   -0.129 |       -5.1 |      -22.7 |    610 | core/div/remainder\[64\]$_SDFFE_PP0P_/D
    1898* |       4 |     240 |       44 |     12 |    85 |    +0.6% |   -0.129 |       -5.1 |      -21.7 |    610 | core/div/remainder\[64\]$_SDFFE_PP0P_/D
    1899* |       4 |     240 |       44 |     12 |    85 |    +0.6% |   -0.129 |       -5.1 |      -21.7 |    610 | core/div/remainder\[64\]$_SDFFE_PP0P_/D
    1900* |       4 |     240 |       44 |     12 |    85 |    +0.6% |   -0.129 |       -5.1 |      -21.7 |    610 | core/div/remainder\[64\]$_SDFFE_PP0P_/D
    1900* |       4 |     240 |       44 |     12 |    85 |    +0.6% |   -0.129 |       -5.1 |      -21.7 |    610 | core/div/remainder\[64\]$_SDFFE_PP0P_/D
    1910* |       4 |     245 |       49 |     13 |    85 |    +0.6% |   -0.129 |       -5.1 |      -22.8 |    610 | core/div/remainder\[64\]$_SDFFE_PP0P_/D
    1914* |       4 |     242 |       46 |     12 |    85 |    +0.6% |   -0.129 |       -5.1 |      -21.5 |    610 | core/div/remainder\[64\]$_SDFFE_PP0P_/D
    1915* |       4 |     242 |       46 |     12 |    85 |    +0.6% |   -0.129 |       -5.1 |      -21.5 |    610 | core/div/remainder\[64\]$_SDFFE_PP0P_/D
    1920* |       4 |     245 |       47 |     12 |    85 |    +0.6% |   -0.129 |       -5.1 |      -22.5 |    610 | core/div/remainder\[64\]$_SDFFE_PP0P_/D
    1925* |       4 |     242 |       46 |     12 |    85 |    +0.6% |   -0.129 |       -5.1 |      -21.5 |    610 | core/div/remainder\[64\]$_SDFFE_PP0P_/D
    1926* |       4 |     242 |       46 |     12 |    85 |    +0.6% |   -0.129 |       -5.1 |      -21.5 |    610 | core/div/remainder\[64\]$_SDFFE_PP0P_/D
    1930* |       4 |     244 |       47 |     12 |    85 |    +0.6% |   -0.129 |       -5.1 |      -22.6 |    610 | core/div/remainder\[64\]$_SDFFE_PP0P_/D
    1936* |       4 |     242 |       46 |     12 |    85 |    +0.6% |   -0.129 |       -5.1 |      -21.5 |    610 | core/div/remainder\[64\]$_SDFFE_PP0P_/D
    1940* |       4 |     244 |       47 |     12 |    85 |    +0.6% |   -0.129 |       -5.1 |      -22.6 |    610 | core/div/remainder\[64\]$_SDFFE_PP0P_/D
    1946* |       4 |     242 |       46 |     12 |    85 |    +0.6% |   -0.129 |       -5.1 |      -21.5 |    610 | core/div/remainder\[64\]$_SDFFE_PP0P_/D
    1950* |       4 |     242 |       49 |     13 |    85 |    +0.6% |   -0.129 |       -5.1 |      -23.0 |    610 | core/div/remainder\[64\]$_SDFFE_PP0P_/D
    1957* |       4 |     242 |       46 |     12 |    85 |    +0.6% |   -0.129 |       -5.1 |      -21.5 |    610 | core/div/remainder\[64\]$_SDFFE_PP0P_/D
    1958* |       4 |     242 |       46 |     12 |    85 |    +0.6% |   -0.129 |       -5.1 |      -21.5 |    610 | core/div/remainder\[64\]$_SDFFE_PP0P_/D
    1959* |       4 |     242 |       46 |     12 |    85 |    +0.6% |   -0.129 |       -5.1 |      -21.5 |    610 | core/div/remainder\[64\]$_SDFFE_PP0P_/D
    1960* |       4 |     242 |       46 |     12 |    85 |    +0.6% |   -0.129 |       -5.1 |      -21.5 |    610 | core/div/remainder\[64\]$_SDFFE_PP0P_/D
    1960* |       4 |     242 |       46 |     12 |    85 |    +0.6% |   -0.129 |       -5.1 |      -21.5 |    610 | core/div/remainder\[64\]$_SDFFE_PP0P_/D
    1970* |       4 |     249 |       47 |     13 |    85 |    +0.6% |   -0.129 |       -5.1 |      -22.5 |    610 | core/div/remainder\[64\]$_SDFFE_PP0P_/D
    1970* |       4 |     242 |       46 |     12 |    85 |    +0.6% |   -0.129 |       -5.1 |      -21.5 |    610 | core/div/remainder\[64\]$_SDFFE_PP0P_/D
    1971* |       4 |     242 |       46 |     12 |    85 |    +0.6% |   -0.129 |       -5.1 |      -21.5 |    610 | core/div/remainder\[64\]$_SDFFE_PP0P_/D
    1972* |       4 |     242 |       46 |     12 |    85 |    +0.6% |   -0.129 |       -5.1 |      -21.5 |    610 | core/div/remainder\[64\]$_SDFFE_PP0P_/D
    1980* |       4 |     247 |       47 |     13 |    85 |    +0.6% |   -0.129 |       -5.1 |      -22.6 |    610 | core/div/remainder\[64\]$_SDFFE_PP0P_/D
    1982* |       4 |     242 |       46 |     12 |    85 |    +0.6% |   -0.129 |       -5.1 |      -21.5 |    610 | core/div/remainder\[64\]$_SDFFE_PP0P_/D
    1983* |       4 |     242 |       46 |     12 |    85 |    +0.6% |   -0.129 |       -5.1 |      -21.5 |    610 | core/div/remainder\[64\]$_SDFFE_PP0P_/D
    1984* |       4 |     242 |       46 |     12 |    85 |    +0.6% |   -0.129 |       -5.1 |      -21.5 |    610 | core/div/remainder\[64\]$_SDFFE_PP0P_/D
    1985* |       4 |     242 |       46 |     12 |    85 |    +0.6% |   -0.129 |       -5.1 |      -21.5 |    610 | core/div/remainder\[64\]$_SDFFE_PP0P_/D
    1990* |       4 |     243 |       49 |     13 |    85 |    +0.6% |   -0.129 |       -5.1 |      -22.9 |    610 | core/div/remainder\[64\]$_SDFFE_PP0P_/D
    1996* |       4 |     242 |       46 |     12 |    85 |    +0.6% |   -0.129 |       -5.1 |      -21.5 |    610 | core/div/remainder\[64\]$_SDFFE_PP0P_/D
    1997* |       4 |     242 |       46 |     12 |    85 |    +0.6% |   -0.129 |       -5.1 |      -21.5 |    610 | core/div/remainder\[64\]$_SDFFE_PP0P_/D
    2000* |       4 |     243 |       47 |     12 |    85 |    +0.6% |   -0.129 |       -5.1 |      -22.6 |    610 | core/div/remainder\[64\]$_SDFFE_PP0P_/D
    2000* |       4 |     242 |       46 |     12 |    85 |    +0.6% |   -0.129 |       -5.1 |      -21.5 |    610 | core/div/remainder\[64\]$_SDFFE_PP0P_/D
    2001* |       4 |     242 |       46 |     12 |    85 |    +0.6% |   -0.129 |       -5.1 |      -21.5 |    610 | core/div/remainder\[64\]$_SDFFE_PP0P_/D
    2002* |       4 |     242 |       46 |     12 |    85 |    +0.6% |   -0.129 |       -5.1 |      -21.5 |    610 | core/div/remainder\[64\]$_SDFFE_PP0P_/D
    2003* |       4 |     242 |       46 |     12 |    85 |    +0.6% |   -0.129 |       -5.1 |      -21.5 |    610 | core/div/remainder\[64\]$_SDFFE_PP0P_/D
    2004* |       4 |     242 |       46 |     12 |    85 |    +0.6% |   -0.129 |       -5.1 |      -21.5 |    610 | core/div/remainder\[64\]$_SDFFE_PP0P_/D
    2005* |       4 |     242 |       46 |     12 |    85 |    +0.6% |   -0.129 |       -5.1 |      -21.5 |    610 | core/div/remainder\[64\]$_SDFFE_PP0P_/D
    2006* |       4 |     242 |       46 |     12 |    85 |    +0.6% |   -0.129 |       -5.1 |      -21.5 |    610 | core/div/remainder\[64\]$_SDFFE_PP0P_/D
    2007* |       4 |     242 |       46 |     12 |    85 |    +0.6% |   -0.129 |       -5.1 |      -21.5 |    610 | core/div/remainder\[64\]$_SDFFE_PP0P_/D
    2008* |       4 |     242 |       46 |     12 |    85 |    +0.6% |   -0.129 |       -5.1 |      -21.5 |    610 | core/div/remainder\[64\]$_SDFFE_PP0P_/D
    2009* |       4 |     242 |       46 |     12 |    85 |    +0.6% |   -0.129 |       -5.1 |      -21.5 |    610 | core/div/remainder\[64\]$_SDFFE_PP0P_/D
    2010* |       4 |     242 |       46 |     12 |    85 |    +0.6% |   -0.129 |       -5.1 |      -21.5 |    610 | core/div/remainder\[64\]$_SDFFE_PP0P_/D
    2010* |       4 |     242 |       46 |     12 |    85 |    +0.6% |   -0.129 |       -5.1 |      -21.5 |    610 | core/div/remainder\[64\]$_SDFFE_PP0P_/D
    2020* |       4 |     249 |       47 |     13 |    85 |    +0.6% |   -0.129 |       -5.1 |      -22.5 |    610 | core/div/remainder\[64\]$_SDFFE_PP0P_/D
    2020* |       4 |     242 |       46 |     12 |    85 |    +0.6% |   -0.129 |       -5.1 |      -21.5 |    610 | core/div/remainder\[64\]$_SDFFE_PP0P_/D
    2030* |       4 |     247 |       49 |     14 |    85 |    +0.6% |   -0.129 |       -5.1 |      -23.0 |    610 | core/div/remainder\[64\]$_SDFFE_PP0P_/D
    2031* |       4 |     242 |       46 |     12 |    85 |    +0.6% |   -0.129 |       -5.1 |      -21.5 |    610 | core/div/remainder\[64\]$_SDFFE_PP0P_/D
    2032* |       4 |     242 |       46 |     12 |    85 |    +0.6% |   -0.129 |       -5.1 |      -21.5 |    610 | core/div/remainder\[64\]$_SDFFE_PP0P_/D
    2033* |       4 |     242 |       46 |     12 |    85 |    +0.6% |   -0.129 |       -5.1 |      -21.5 |    610 | core/div/remainder\[64\]$_SDFFE_PP0P_/D
    2034* |       4 |     242 |       46 |     12 |    85 |    +0.6% |   -0.129 |       -5.1 |      -21.5 |    610 | core/div/remainder\[64\]$_SDFFE_PP0P_/D
    2035* |       4 |     242 |       46 |     12 |    85 |    +0.6% |   -0.129 |       -5.1 |      -21.5 |    610 | core/div/remainder\[64\]$_SDFFE_PP0P_/D
    2036* |       4 |     242 |       46 |     12 |    85 |    +0.6% |   -0.129 |       -5.1 |      -21.5 |    610 | core/div/remainder\[64\]$_SDFFE_PP0P_/D
    2040* |       4 |     242 |       49 |     13 |    85 |    +0.6% |   -0.129 |       -5.1 |      -23.0 |    610 | core/div/remainder\[64\]$_SDFFE_PP0P_/D
    2047* |       4 |     242 |       46 |     12 |    85 |    +0.6% |   -0.129 |       -5.1 |      -21.5 |    610 | core/div/remainder\[64\]$_SDFFE_PP0P_/D
    2048* |       4 |     242 |       46 |     12 |    85 |    +0.6% |   -0.129 |       -5.1 |      -21.5 |    610 | core/div/remainder\[64\]$_SDFFE_PP0P_/D
    2049* |       4 |     242 |       46 |     12 |    85 |    +0.6% |   -0.129 |       -5.1 |      -21.5 |    610 | core/div/remainder\[64\]$_SDFFE_PP0P_/D
    2050* |       4 |     242 |       46 |     12 |    85 |    +0.6% |   -0.129 |       -5.1 |      -21.5 |    610 | core/div/remainder\[64\]$_SDFFE_PP0P_/D
    2050* |       4 |     242 |       46 |     12 |    85 |    +0.6% |   -0.129 |       -5.1 |      -21.5 |    610 | core/div/remainder\[64\]$_SDFFE_PP0P_/D
    2060* |       4 |     247 |       49 |     14 |    85 |    +0.6% |   -0.129 |       -5.1 |      -23.0 |    610 | core/div/remainder\[64\]$_SDFFE_PP0P_/D
    2061* |       4 |     242 |       46 |     12 |    85 |    +0.6% |   -0.129 |       -5.1 |      -21.5 |    610 | core/div/remainder\[64\]$_SDFFE_PP0P_/D
    2070* |       4 |     246 |       49 |     14 |    85 |    +0.6% |   -0.129 |       -5.1 |      -22.8 |    610 | core/div/remainder\[64\]$_SDFFE_PP0P_/D
    2073* |       4 |     242 |       46 |     12 |    85 |    +0.6% |   -0.129 |       -5.1 |      -21.5 |    610 | core/div/remainder\[64\]$_SDFFE_PP0P_/D
    2080* |       4 |     245 |       49 |     13 |    85 |    +0.6% |   -0.129 |       -5.1 |      -22.8 |    610 | core/div/remainder\[64\]$_SDFFE_PP0P_/D
    2085* |       4 |     242 |       46 |     12 |    85 |    +0.6% |   -0.129 |       -5.1 |      -21.5 |    610 | core/div/remainder\[64\]$_SDFFE_PP0P_/D
    2086* |       4 |     242 |       46 |     12 |    85 |    +0.6% |   -0.129 |       -5.1 |      -21.5 |    610 | core/div/remainder\[64\]$_SDFFE_PP0P_/D
    2087* |       4 |     242 |       46 |     12 |    85 |    +0.6% |   -0.129 |       -5.1 |      -21.5 |    610 | core/div/remainder\[64\]$_SDFFE_PP0P_/D
    2090* |       4 |     242 |       47 |     13 |    85 |    +0.6% |   -0.129 |       -5.1 |      -23.0 |    610 | core/div/remainder\[64\]$_SDFFE_PP0P_/D
    2098* |       4 |     242 |       46 |     12 |    85 |    +0.6% |   -0.129 |       -5.1 |      -21.5 |    610 | core/div/remainder\[64\]$_SDFFE_PP0P_/D
    2099* |       4 |     242 |       46 |     12 |    85 |    +0.6% |   -0.129 |       -5.1 |      -21.5 |    610 | core/div/remainder\[64\]$_SDFFE_PP0P_/D
    2100* |       4 |     242 |       46 |     12 |    85 |    +0.6% |   -0.129 |       -5.1 |      -21.5 |    610 | core/div/remainder\[64\]$_SDFFE_PP0P_/D
    2110* |       4 |     248 |       49 |     14 |    85 |    +0.6% |   -0.129 |       -5.1 |      -22.7 |    610 | core/div/remainder\[64\]$_SDFFE_PP0P_/D
    2110* |       4 |     242 |       46 |     12 |    85 |    +0.6% |   -0.129 |       -5.1 |      -21.5 |    610 | core/div/remainder\[64\]$_SDFFE_PP0P_/D
    2111* |       4 |     242 |       46 |     12 |    85 |    +0.6% |   -0.129 |       -5.1 |      -21.5 |    610 | core/div/remainder\[64\]$_SDFFE_PP0P_/D
    2120* |       4 |     246 |       49 |     14 |    85 |    +0.6% |   -0.129 |       -5.1 |      -22.8 |    610 | core/div/remainder\[64\]$_SDFFE_PP0P_/D
    2123* |       4 |     242 |       46 |     12 |    85 |    +0.6% |   -0.129 |       -5.1 |      -21.5 |    610 | core/div/remainder\[64\]$_SDFFE_PP0P_/D
    2130* |       4 |     245 |       49 |     13 |    85 |    +0.6% |   -0.129 |       -5.1 |      -22.8 |    610 | core/div/remainder\[64\]$_SDFFE_PP0P_/D
    2135* |       4 |     242 |       46 |     12 |    85 |    +0.6% |   -0.129 |       -5.1 |      -21.5 |    610 | core/div/remainder\[64\]$_SDFFE_PP0P_/D
    2140* |       4 |     243 |       49 |     13 |    85 |    +0.6% |   -0.129 |       -5.1 |      -22.9 |    610 | core/div/remainder\[64\]$_SDFFE_PP0P_/D
    2147* |       4 |     242 |       46 |     12 |    85 |    +0.6% |   -0.129 |       -5.1 |      -21.5 |    610 | core/div/remainder\[64\]$_SDFFE_PP0P_/D
    2148* |       4 |     242 |       46 |     12 |    85 |    +0.6% |   -0.129 |       -5.1 |      -21.5 |    610 | core/div/remainder\[64\]$_SDFFE_PP0P_/D
    2150* |       4 |     242 |       47 |     12 |    85 |    +0.6% |   -0.129 |       -5.1 |      -22.8 |    610 | core/div/remainder\[64\]$_SDFFE_PP0P_/D
    2160* |       4 |     249 |       49 |     14 |    85 |    +0.6% |   -0.129 |       -5.1 |      -22.7 |    610 | core/div/remainder\[64\]$_SDFFE_PP0P_/D
    2160* |       4 |     242 |       46 |     12 |    85 |    +0.6% |   -0.129 |       -5.1 |      -21.5 |    610 | core/div/remainder\[64\]$_SDFFE_PP0P_/D
    2170* |       4 |     247 |       49 |     14 |    85 |    +0.6% |   -0.129 |       -5.1 |      -22.9 |    610 | core/div/remainder\[64\]$_SDFFE_PP0P_/D
    2173* |       4 |     242 |       46 |     12 |    85 |    +0.6% |   -0.129 |       -5.1 |      -21.5 |    610 | core/div/remainder\[64\]$_SDFFE_PP0P_/D
    2174* |       4 |     242 |       46 |     12 |    85 |    +0.6% |   -0.129 |       -5.1 |      -21.5 |    610 | core/div/remainder\[64\]$_SDFFE_PP0P_/D
    2180* |       4 |     244 |       49 |     13 |    85 |    +0.6% |   -0.129 |       -5.1 |      -22.9 |    610 | core/div/remainder\[64\]$_SDFFE_PP0P_/D
    2186* |       4 |     242 |       46 |     12 |    85 |    +0.6% |   -0.129 |       -5.1 |      -21.5 |    610 | core/div/remainder\[64\]$_SDFFE_PP0P_/D
    2190* |       4 |     242 |       49 |     13 |    85 |    +0.6% |   -0.129 |       -5.1 |      -23.0 |    610 | core/div/remainder\[64\]$_SDFFE_PP0P_/D
    2199* |       4 |     242 |       46 |     12 |    85 |    +0.6% |   -0.129 |       -5.1 |      -21.5 |    610 | core/div/remainder\[64\]$_SDFFE_PP0P_/D
    2200* |       4 |     242 |       46 |     12 |    85 |    +0.6% |   -0.129 |       -5.1 |      -21.5 |    610 | core/div/remainder\[64\]$_SDFFE_PP0P_/D
    2200* |       4 |     242 |       46 |     12 |    85 |    +0.6% |   -0.129 |       -5.1 |      -21.5 |    610 | core/div/remainder\[64\]$_SDFFE_PP0P_/D
    2201* |       4 |     242 |       46 |     12 |    85 |    +0.6% |   -0.129 |       -5.1 |      -21.5 |    610 | core/div/remainder\[64\]$_SDFFE_PP0P_/D
    2202* |       4 |     242 |       46 |     12 |    85 |    +0.6% |   -0.129 |       -5.1 |      -21.5 |    610 | core/div/remainder\[64\]$_SDFFE_PP0P_/D
    2203* |       4 |     242 |       46 |     12 |    85 |    +0.6% |   -0.129 |       -5.1 |      -21.5 |    610 | core/div/remainder\[64\]$_SDFFE_PP0P_/D
    2204* |       4 |     242 |       46 |     12 |    85 |    +0.6% |   -0.129 |       -5.1 |      -21.5 |    610 | core/div/remainder\[64\]$_SDFFE_PP0P_/D
    2210* |       4 |     244 |       49 |     13 |    85 |    +0.6% |   -0.129 |       -5.1 |      -22.8 |    610 | core/div/remainder\[64\]$_SDFFE_PP0P_/D
    2216* |       4 |     242 |       46 |     12 |    85 |    +0.6% |   -0.129 |       -5.1 |      -21.5 |    610 | core/div/remainder\[64\]$_SDFFE_PP0P_/D
    2220* |       5 |     243 |       47 |     12 |    85 |    +0.6% |   -0.129 |       -5.1 |      -22.8 |    610 | core/div/remainder\[64\]$_SDFFE_PP0P_/D
    2223* |       5 |     245 |       47 |     12 |    86 |    +0.6% |   -0.129 |       -5.1 |      -23.1 |    610 | core/div/remainder\[64\]$_SDFFE_PP0P_/D
    2224* |       5 |     245 |       47 |     12 |    86 |    +0.6% |   -0.129 |       -5.1 |      -23.1 |    610 | core/div/remainder\[64\]$_SDFFE_PP0P_/D
    2225* |       5 |     245 |       47 |     12 |    86 |    +0.6% |   -0.129 |       -5.1 |      -23.1 |    610 | core/div/remainder\[64\]$_SDFFE_PP0P_/D
    2226* |       5 |     245 |       47 |     12 |    86 |    +0.6% |   -0.129 |       -5.1 |      -23.1 |    610 | core/div/remainder\[64\]$_SDFFE_PP0P_/D
    2227* |       5 |     245 |       47 |     12 |    86 |    +0.6% |   -0.129 |       -5.1 |      -23.1 |    610 | core/div/remainder\[64\]$_SDFFE_PP0P_/D
    2228* |       5 |     245 |       47 |     12 |    86 |    +0.6% |   -0.129 |       -5.1 |      -23.1 |    610 | core/div/remainder\[64\]$_SDFFE_PP0P_/D
    2230* |       5 |     246 |       47 |     12 |    86 |    +0.6% |   -0.129 |       -5.1 |      -23.1 |    610 | core/div/remainder\[64\]$_SDFFE_PP0P_/D
    2230* |       5 |     246 |       47 |     12 |    86 |    +0.6% |   -0.129 |       -5.1 |      -23.1 |    610 | core/div/remainder\[64\]$_SDFFE_PP0P_/D
    2231* |       5 |     246 |       47 |     12 |    86 |    +0.6% |   -0.129 |       -5.1 |      -23.1 |    610 | core/div/remainder\[64\]$_SDFFE_PP0P_/D
    2240* |       5 |     250 |       49 |     14 |    86 |    +0.6% |   -0.129 |       -5.1 |      -22.7 |    610 | core/div/remainder\[64\]$_SDFFE_PP0P_/D
    2242* |       5 |     248 |       48 |     14 |    86 |    +0.6% |   -0.129 |       -5.1 |      -23.2 |    610 | core/div/remainder\[64\]$_SDFFE_PP0P_/D
    2249* |       5 |     248 |       48 |     14 |    86 |    +0.6% |   -0.129 |       -5.1 |      -23.2 |    610 | core/div/remainder\[64\]$_SDFFE_PP0P_/D
    2250* |       5 |     248 |       48 |     14 |    86 |    +0.6% |   -0.129 |       -5.1 |      -23.2 |    610 | core/div/remainder\[64\]$_SDFFE_PP0P_/D
    2250* |       5 |     248 |       48 |     14 |    86 |    +0.6% |   -0.129 |       -5.1 |      -23.2 |    610 | core/div/remainder\[64\]$_SDFFE_PP0P_/D
    2251* |       5 |     248 |       48 |     14 |    86 |    +0.6% |   -0.129 |       -5.1 |      -23.2 |    610 | core/div/remainder\[64\]$_SDFFE_PP0P_/D
    2252* |       5 |     248 |       48 |     14 |    86 |    +0.6% |   -0.129 |       -5.1 |      -23.2 |    610 | core/div/remainder\[64\]$_SDFFE_PP0P_/D
    2253* |       5 |     248 |       48 |     14 |    86 |    +0.6% |   -0.129 |       -5.1 |      -23.2 |    610 | core/div/remainder\[64\]$_SDFFE_PP0P_/D
    2260* |       5 |     253 |       49 |     14 |    86 |    +0.6% |   -0.129 |       -5.1 |      -22.7 |    610 | core/div/remainder\[64\]$_SDFFE_PP0P_/D
    2260* |       5 |     253 |       49 |     14 |    86 |    +0.6% |   -0.129 |       -5.1 |      -22.7 |    610 | core/div/remainder\[64\]$_SDFFE_PP0P_/D
    2261* |       5 |     253 |       49 |     14 |    86 |    +0.6% |   -0.129 |       -5.1 |      -22.7 |    610 | core/div/remainder\[64\]$_SDFFE_PP0P_/D
    2270* |       5 |     258 |       51 |     14 |    87 |    +0.7% |   -0.129 |       -5.1 |      -22.8 |    610 | core/div/remainder\[64\]$_SDFFE_PP0P_/D
    2280* |       5 |     264 |       53 |     15 |    88 |    +0.7% |   -0.153 |       -5.2 |      -23.5 |    610 | core/div/remainder\[64\]$_SDFFE_PP0P_/D
    2290* |       5 |     270 |       56 |     16 |    88 |    +0.7% |   -0.141 |       -5.2 |      -23.3 |    610 | core/div/remainder\[64\]$_SDFFE_PP0P_/D
    2298* |       5 |     253 |       49 |     14 |    86 |    +0.6% |   -0.129 |       -5.1 |      -22.7 |    610 | core/div/remainder\[64\]$_SDFFE_PP0P_/D
    2299* |       5 |     253 |       49 |     14 |    86 |    +0.6% |   -0.129 |       -5.1 |      -22.7 |    610 | core/div/remainder\[64\]$_SDFFE_PP0P_/D
    2300* |       5 |     253 |       49 |     14 |    86 |    +0.6% |   -0.129 |       -5.1 |      -22.7 |    610 | core/div/remainder\[64\]$_SDFFE_PP0P_/D
    2300* |       5 |     253 |       49 |     14 |    86 |    +0.6% |   -0.129 |       -5.1 |      -22.7 |    610 | core/div/remainder\[64\]$_SDFFE_PP0P_/D
    2300* |       5 |     253 |       49 |     14 |    86 |    +0.6% |   -0.129 |       -5.1 |      -22.7 |    610 | core/div/remainder\[64\]$_SDFFE_PP0P_/D
    2300+ |       5 |     253 |       49 |     14 |    86 |    +0.6% |   -0.129 |       -5.1 |      -22.7 |    384 | core/div/remainder\[64\]$_SDFFE_PP0P_/D
    2301+ |       5 |     253 |       49 |     14 |    86 |    +0.6% |   -0.129 |       -5.1 |      -22.7 |    384 | core/div/remainder\[64\]$_SDFFE_PP0P_/D
    2302+ |       5 |     253 |       49 |     14 |    86 |    +0.6% |   -0.129 |       -5.1 |      -22.7 |    384 | core/div/remainder\[64\]$_SDFFE_PP0P_/D
    2305+ |       5 |     255 |       49 |     14 |    86 |    +0.6% |   -0.129 |       -5.1 |      -22.7 |    384 | core/div/remainder\[64\]$_SDFFE_PP0P_/D
    2310+ |       5 |     259 |       49 |     14 |    86 |    +0.7% |   -0.129 |       -5.1 |      -22.7 |    384 | core/div/remainder\[64\]$_SDFFE_PP0P_/D
    2313+ |       5 |     261 |       49 |     14 |    87 |    +0.7% |   -0.129 |       -5.1 |      -22.7 |    384 | core/div/remainder\[64\]$_SDFFE_PP0P_/D
    2314+ |       5 |     261 |       49 |     14 |    87 |    +0.7% |   -0.129 |       -5.1 |      -22.7 |    384 | core/div/remainder\[64\]$_SDFFE_PP0P_/D
    2315+ |       5 |     261 |       49 |     14 |    87 |    +0.7% |   -0.129 |       -5.1 |      -22.7 |    384 | core/div/remainder\[64\]$_SDFFE_PP0P_/D
    2316+ |       5 |     261 |       49 |     14 |    87 |    +0.7% |   -0.129 |       -5.1 |      -22.7 |    384 | core/div/remainder\[64\]$_SDFFE_PP0P_/D
    2317+ |       5 |     261 |       49 |     14 |    87 |    +0.7% |   -0.129 |       -5.1 |      -22.7 |    384 | core/div/remainder\[64\]$_SDFFE_PP0P_/D
    2318+ |       5 |     261 |       49 |     14 |    87 |    +0.7% |   -0.129 |       -5.1 |      -22.7 |    384 | core/div/remainder\[64\]$_SDFFE_PP0P_/D
    2319+ |       5 |     261 |       49 |     14 |    87 |    +0.7% |   -0.129 |       -5.1 |      -22.7 |    384 | core/div/remainder\[64\]$_SDFFE_PP0P_/D
    2320+ |       5 |     261 |       49 |     14 |    87 |    +0.7% |   -0.129 |       -5.1 |      -22.7 |    384 | core/div/remainder\[64\]$_SDFFE_PP0P_/D
    2320+ |       5 |     261 |       49 |     14 |    87 |    +0.7% |   -0.129 |       -5.1 |      -22.7 |    384 | core/div/remainder\[64\]$_SDFFE_PP0P_/D
    2321+ |       5 |     261 |       49 |     14 |    87 |    +0.7% |   -0.129 |       -5.1 |      -22.7 |    384 | core/div/remainder\[64\]$_SDFFE_PP0P_/D
    2322+ |       5 |     261 |       49 |     14 |    87 |    +0.7% |   -0.129 |       -5.1 |      -22.7 |    384 | core/div/remainder\[64\]$_SDFFE_PP0P_/D
    2323+ |       5 |     261 |       49 |     14 |    87 |    +0.7% |   -0.129 |       -5.1 |      -22.7 |    384 | core/div/remainder\[64\]$_SDFFE_PP0P_/D
    2324+ |       5 |     261 |       49 |     14 |    87 |    +0.7% |   -0.129 |       -5.1 |      -22.7 |    384 | core/div/remainder\[64\]$_SDFFE_PP0P_/D
    2325+ |       5 |     261 |       49 |     14 |    87 |    +0.7% |   -0.129 |       -5.1 |      -22.7 |    384 | core/div/remainder\[64\]$_SDFFE_PP0P_/D
    2326+ |       5 |     261 |       49 |     14 |    87 |    +0.7% |   -0.129 |       -5.1 |      -22.7 |    384 | core/div/remainder\[64\]$_SDFFE_PP0P_/D
    2327+ |       5 |     261 |       49 |     14 |    87 |    +0.7% |   -0.129 |       -5.1 |      -22.7 |    384 | core/div/remainder\[64\]$_SDFFE_PP0P_/D
    2328+ |       5 |     261 |       49 |     14 |    87 |    +0.7% |   -0.129 |       -5.1 |      -22.7 |    384 | core/div/remainder\[64\]$_SDFFE_PP0P_/D
    2329+ |       5 |     261 |       49 |     14 |    87 |    +0.7% |   -0.129 |       -5.1 |      -22.7 |    384 | core/div/remainder\[64\]$_SDFFE_PP0P_/D
    2330+ |       5 |     261 |       49 |     14 |    87 |    +0.7% |   -0.129 |       -5.1 |      -22.7 |    384 | core/div/remainder\[64\]$_SDFFE_PP0P_/D
    2330+ |       5 |     261 |       49 |     14 |    87 |    +0.7% |   -0.129 |       -5.1 |      -22.7 |    384 | core/div/remainder\[64\]$_SDFFE_PP0P_/D
    2331+ |       5 |     261 |       49 |     14 |    87 |    +0.7% |   -0.129 |       -5.1 |      -22.7 |    384 | core/div/remainder\[64\]$_SDFFE_PP0P_/D
    2332+ |       5 |     261 |       49 |     14 |    87 |    +0.7% |   -0.129 |       -5.1 |      -22.7 |    384 | core/div/remainder\[64\]$_SDFFE_PP0P_/D
    2333+ |       5 |     261 |       49 |     14 |    87 |    +0.7% |   -0.129 |       -5.1 |      -22.7 |    384 | core/div/remainder\[64\]$_SDFFE_PP0P_/D
    2334+ |       5 |     261 |       49 |     14 |    87 |    +0.7% |   -0.129 |       -5.1 |      -22.7 |    384 | core/div/remainder\[64\]$_SDFFE_PP0P_/D
    2335+ |       5 |     261 |       49 |     14 |    87 |    +0.7% |   -0.129 |       -5.1 |      -22.7 |    384 | core/div/remainder\[64\]$_SDFFE_PP0P_/D
    2336+ |       5 |     261 |       49 |     14 |    87 |    +0.7% |   -0.129 |       -5.1 |      -22.7 |    384 | core/div/remainder\[64\]$_SDFFE_PP0P_/D
    2337+ |       5 |     261 |       49 |     14 |    87 |    +0.7% |   -0.129 |       -5.1 |      -22.7 |    384 | core/div/remainder\[64\]$_SDFFE_PP0P_/D
    2338+ |       5 |     261 |       49 |     14 |    87 |    +0.7% |   -0.129 |       -5.1 |      -22.7 |    384 | core/div/remainder\[64\]$_SDFFE_PP0P_/D
    2339+ |       5 |     261 |       49 |     14 |    87 |    +0.7% |   -0.129 |       -5.1 |      -22.7 |    384 | core/div/remainder\[64\]$_SDFFE_PP0P_/D
    2340+ |       5 |     261 |       49 |     14 |    87 |    +0.7% |   -0.129 |       -5.1 |      -22.7 |    384 | core/div/remainder\[64\]$_SDFFE_PP0P_/D
    2340+ |       5 |     261 |       49 |     14 |    87 |    +0.7% |   -0.129 |       -5.1 |      -22.7 |    384 | core/div/remainder\[64\]$_SDFFE_PP0P_/D
    2341+ |       5 |     261 |       49 |     14 |    87 |    +0.7% |   -0.129 |       -5.1 |      -22.7 |    384 | core/div/remainder\[64\]$_SDFFE_PP0P_/D
    2342+ |       5 |     261 |       49 |     14 |    87 |    +0.7% |   -0.129 |       -5.1 |      -22.7 |    384 | core/div/remainder\[64\]$_SDFFE_PP0P_/D
    2343+ |       5 |     261 |       49 |     14 |    87 |    +0.7% |   -0.129 |       -5.1 |      -22.7 |    384 | core/div/remainder\[64\]$_SDFFE_PP0P_/D
    2344+ |       5 |     261 |       49 |     14 |    87 |    +0.7% |   -0.129 |       -5.1 |      -22.7 |    384 | core/div/remainder\[64\]$_SDFFE_PP0P_/D
    2345+ |       5 |     261 |       49 |     14 |    87 |    +0.7% |   -0.129 |       -5.1 |      -22.7 |    384 | core/div/remainder\[64\]$_SDFFE_PP0P_/D
    2346+ |       5 |     261 |       49 |     14 |    87 |    +0.7% |   -0.129 |       -5.1 |      -22.7 |    384 | core/div/remainder\[64\]$_SDFFE_PP0P_/D
    2347+ |       5 |     261 |       49 |     14 |    87 |    +0.7% |   -0.129 |       -5.1 |      -22.7 |    384 | core/div/remainder\[64\]$_SDFFE_PP0P_/D
    2348+ |       5 |     261 |       49 |     14 |    87 |    +0.7% |   -0.129 |       -5.1 |      -22.7 |    384 | core/div/remainder\[64\]$_SDFFE_PP0P_/D
    2349+ |       5 |     261 |       49 |     14 |    87 |    +0.7% |   -0.129 |       -5.1 |      -22.7 |    384 | core/div/remainder\[64\]$_SDFFE_PP0P_/D
    2350+ |       5 |     261 |       49 |     14 |    87 |    +0.7% |   -0.129 |       -5.1 |      -22.7 |    384 | core/div/remainder\[64\]$_SDFFE_PP0P_/D
    2350+ |       5 |     261 |       49 |     14 |    87 |    +0.7% |   -0.129 |       -5.1 |      -22.7 |    384 | core/div/remainder\[64\]$_SDFFE_PP0P_/D
    2351+ |       5 |     261 |       49 |     14 |    87 |    +0.7% |   -0.129 |       -5.1 |      -22.7 |    384 | core/div/remainder\[64\]$_SDFFE_PP0P_/D
    2352+ |       5 |     261 |       49 |     14 |    87 |    +0.7% |   -0.129 |       -5.1 |      -22.7 |    384 | core/div/remainder\[64\]$_SDFFE_PP0P_/D
    2353+ |       5 |     261 |       49 |     14 |    87 |    +0.7% |   -0.129 |       -5.1 |      -22.7 |    384 | core/div/remainder\[64\]$_SDFFE_PP0P_/D
    2354+ |       5 |     261 |       49 |     14 |    87 |    +0.7% |   -0.129 |       -5.1 |      -22.7 |    384 | core/div/remainder\[64\]$_SDFFE_PP0P_/D
    2355+ |       5 |     261 |       49 |     14 |    87 |    +0.7% |   -0.129 |       -5.1 |      -22.7 |    384 | core/div/remainder\[64\]$_SDFFE_PP0P_/D
    2356+ |       5 |     261 |       49 |     14 |    87 |    +0.7% |   -0.129 |       -5.1 |      -22.7 |    384 | core/div/remainder\[64\]$_SDFFE_PP0P_/D
    2357+ |       5 |     261 |       49 |     14 |    87 |    +0.7% |   -0.129 |       -5.1 |      -22.7 |    384 | core/div/remainder\[64\]$_SDFFE_PP0P_/D
    2358+ |       5 |     261 |       49 |     14 |    87 |    +0.7% |   -0.129 |       -5.1 |      -22.7 |    384 | core/div/remainder\[64\]$_SDFFE_PP0P_/D
    2359+ |       5 |     261 |       49 |     14 |    87 |    +0.7% |   -0.129 |       -5.1 |      -22.7 |    384 | core/div/remainder\[64\]$_SDFFE_PP0P_/D
    2360+ |       5 |     261 |       49 |     14 |    87 |    +0.7% |   -0.129 |       -5.1 |      -22.7 |    384 | core/div/remainder\[64\]$_SDFFE_PP0P_/D
    2360+ |       5 |     261 |       49 |     14 |    87 |    +0.7% |   -0.129 |       -5.1 |      -22.7 |    384 | core/div/remainder\[64\]$_SDFFE_PP0P_/D
    2361+ |       5 |     261 |       49 |     14 |    87 |    +0.7% |   -0.129 |       -5.1 |      -22.7 |    384 | core/div/remainder\[64\]$_SDFFE_PP0P_/D
    2362+ |       5 |     261 |       49 |     14 |    87 |    +0.7% |   -0.129 |       -5.1 |      -22.7 |    384 | core/div/remainder\[64\]$_SDFFE_PP0P_/D
    2363+ |       5 |     261 |       49 |     14 |    87 |    +0.7% |   -0.129 |       -5.1 |      -22.7 |    384 | core/div/remainder\[64\]$_SDFFE_PP0P_/D
    2364+ |       5 |     261 |       49 |     14 |    87 |    +0.7% |   -0.129 |       -5.1 |      -22.7 |    384 | core/div/remainder\[64\]$_SDFFE_PP0P_/D
    2365+ |       5 |     261 |       49 |     14 |    87 |    +0.7% |   -0.129 |       -5.1 |      -22.7 |    384 | core/div/remainder\[64\]$_SDFFE_PP0P_/D
    2366+ |       5 |     261 |       49 |     14 |    87 |    +0.7% |   -0.129 |       -5.1 |      -22.7 |    384 | core/div/remainder\[64\]$_SDFFE_PP0P_/D
    2367+ |       5 |     261 |       49 |     14 |    87 |    +0.7% |   -0.129 |       -5.1 |      -22.7 |    384 | core/div/remainder\[64\]$_SDFFE_PP0P_/D
    2368+ |       5 |     261 |       49 |     14 |    87 |    +0.7% |   -0.129 |       -5.1 |      -22.7 |    384 | core/div/remainder\[64\]$_SDFFE_PP0P_/D
    2369+ |       5 |     261 |       49 |     14 |    87 |    +0.7% |   -0.129 |       -5.1 |      -22.7 |    384 | core/div/remainder\[64\]$_SDFFE_PP0P_/D
    2370+ |       5 |     261 |       49 |     14 |    87 |    +0.7% |   -0.129 |       -5.1 |      -22.7 |    384 | core/div/remainder\[64\]$_SDFFE_PP0P_/D
    2370+ |       5 |     261 |       49 |     14 |    87 |    +0.7% |   -0.129 |       -5.1 |      -22.7 |    384 | core/div/remainder\[64\]$_SDFFE_PP0P_/D
    2371+ |       5 |     261 |       49 |     14 |    87 |    +0.7% |   -0.129 |       -5.1 |      -22.7 |    384 | core/div/remainder\[64\]$_SDFFE_PP0P_/D
    2372+ |       5 |     261 |       49 |     14 |    87 |    +0.7% |   -0.129 |       -5.1 |      -22.7 |    384 | core/div/remainder\[64\]$_SDFFE_PP0P_/D
    2373+ |       5 |     261 |       49 |     14 |    87 |    +0.7% |   -0.129 |       -5.1 |      -22.7 |    384 | core/div/remainder\[64\]$_SDFFE_PP0P_/D
    2374+ |       5 |     261 |       49 |     14 |    87 |    +0.7% |   -0.129 |       -5.1 |      -22.7 |    384 | core/div/remainder\[64\]$_SDFFE_PP0P_/D
    2375+ |       5 |     261 |       49 |     14 |    87 |    +0.7% |   -0.129 |       -5.1 |      -22.7 |    384 | core/div/remainder\[64\]$_SDFFE_PP0P_/D
    2376+ |       5 |     261 |       49 |     14 |    87 |    +0.7% |   -0.129 |       -5.1 |      -22.7 |    384 | core/div/remainder\[64\]$_SDFFE_PP0P_/D
    2377+ |       5 |     261 |       49 |     14 |    87 |    +0.7% |   -0.129 |       -5.1 |      -22.7 |    384 | core/div/remainder\[64\]$_SDFFE_PP0P_/D
    2378+ |       5 |     261 |       49 |     14 |    87 |    +0.7% |   -0.129 |       -5.1 |      -22.7 |    384 | core/div/remainder\[64\]$_SDFFE_PP0P_/D
    2379+ |       5 |     261 |       49 |     14 |    87 |    +0.7% |   -0.129 |       -5.1 |      -22.7 |    384 | core/div/remainder\[64\]$_SDFFE_PP0P_/D
    2380+ |       5 |     261 |       49 |     14 |    87 |    +0.7% |   -0.129 |       -5.1 |      -22.7 |    384 | core/div/remainder\[64\]$_SDFFE_PP0P_/D
    2380+ |       5 |     261 |       49 |     14 |    87 |    +0.7% |   -0.129 |       -5.1 |      -22.7 |    384 | core/div/remainder\[64\]$_SDFFE_PP0P_/D
    2381+ |       5 |     261 |       49 |     14 |    87 |    +0.7% |   -0.129 |       -5.1 |      -22.7 |    384 | core/div/remainder\[64\]$_SDFFE_PP0P_/D
    2382+ |       5 |     261 |       49 |     14 |    87 |    +0.7% |   -0.129 |       -5.1 |      -22.7 |    384 | core/div/remainder\[64\]$_SDFFE_PP0P_/D
    2383+ |       5 |     261 |       49 |     14 |    87 |    +0.7% |   -0.129 |       -5.1 |      -22.7 |    384 | core/div/remainder\[64\]$_SDFFE_PP0P_/D
    2384+ |       5 |     261 |       49 |     14 |    87 |    +0.7% |   -0.129 |       -5.1 |      -22.7 |    384 | core/div/remainder\[64\]$_SDFFE_PP0P_/D
    2385+ |       5 |     261 |       49 |     14 |    87 |    +0.7% |   -0.129 |       -5.1 |      -22.7 |    384 | core/div/remainder\[64\]$_SDFFE_PP0P_/D
    2386+ |       5 |     261 |       49 |     14 |    87 |    +0.7% |   -0.129 |       -5.1 |      -22.7 |    384 | core/div/remainder\[64\]$_SDFFE_PP0P_/D
    2387+ |       5 |     261 |       49 |     14 |    87 |    +0.7% |   -0.129 |       -5.1 |      -22.7 |    384 | core/div/remainder\[64\]$_SDFFE_PP0P_/D
    2388+ |       5 |     261 |       49 |     14 |    87 |    +0.7% |   -0.129 |       -5.1 |      -22.7 |    384 | core/div/remainder\[64\]$_SDFFE_PP0P_/D
    2389+ |       5 |     261 |       49 |     14 |    87 |    +0.7% |   -0.129 |       -5.1 |      -22.7 |    384 | core/div/remainder\[64\]$_SDFFE_PP0P_/D
    2390+ |       5 |     261 |       49 |     14 |    87 |    +0.7% |   -0.129 |       -5.1 |      -22.7 |    384 | core/div/remainder\[64\]$_SDFFE_PP0P_/D
    2390+ |       5 |     261 |       49 |     14 |    87 |    +0.7% |   -0.129 |       -5.1 |      -22.7 |    384 | core/div/remainder\[64\]$_SDFFE_PP0P_/D
    2391+ |       5 |     261 |       49 |     14 |    87 |    +0.7% |   -0.129 |       -5.1 |      -22.7 |    384 | core/div/remainder\[64\]$_SDFFE_PP0P_/D
    2392+ |       5 |     261 |       49 |     14 |    87 |    +0.7% |   -0.129 |       -5.1 |      -22.7 |    384 | core/div/remainder\[64\]$_SDFFE_PP0P_/D
    2393+ |       5 |     261 |       49 |     14 |    87 |    +0.7% |   -0.129 |       -5.1 |      -22.7 |    384 | core/div/remainder\[64\]$_SDFFE_PP0P_/D
    2394+ |       5 |     261 |       49 |     14 |    87 |    +0.7% |   -0.129 |       -5.1 |      -22.7 |    384 | core/div/remainder\[64\]$_SDFFE_PP0P_/D
    2395+ |       5 |     261 |       49 |     14 |    87 |    +0.7% |   -0.129 |       -5.1 |      -22.7 |    384 | core/div/remainder\[64\]$_SDFFE_PP0P_/D
    2396+ |       5 |     261 |       49 |     14 |    87 |    +0.7% |   -0.129 |       -5.1 |      -22.7 |    384 | core/div/remainder\[64\]$_SDFFE_PP0P_/D
    2397+ |       5 |     261 |       49 |     14 |    87 |    +0.7% |   -0.129 |       -5.1 |      -22.7 |    384 | core/div/remainder\[64\]$_SDFFE_PP0P_/D
    2398+ |       5 |     261 |       49 |     14 |    87 |    +0.7% |   -0.129 |       -5.1 |      -22.7 |    384 | core/div/remainder\[64\]$_SDFFE_PP0P_/D
    2399+ |       5 |     261 |       49 |     14 |    87 |    +0.7% |   -0.129 |       -5.1 |      -22.7 |    384 | core/div/remainder\[64\]$_SDFFE_PP0P_/D
    2400+ |       5 |     261 |       49 |     14 |    87 |    +0.7% |   -0.129 |       -5.1 |      -22.7 |    384 | core/div/remainder\[64\]$_SDFFE_PP0P_/D
    2401+ |       5 |     261 |       49 |     14 |    87 |    +0.7% |   -0.129 |       -5.1 |      -22.7 |    384 | core/div/remainder\[64\]$_SDFFE_PP0P_/D
    2402+ |       5 |     261 |       49 |     14 |    87 |    +0.7% |   -0.129 |       -5.1 |      -22.7 |    384 | core/div/remainder\[64\]$_SDFFE_PP0P_/D
    2403+ |       5 |     261 |       49 |     14 |    87 |    +0.7% |   -0.129 |       -5.1 |      -22.7 |    384 | core/div/remainder\[64\]$_SDFFE_PP0P_/D
    2404+ |       5 |     261 |       49 |     14 |    87 |    +0.7% |   -0.129 |       -5.1 |      -22.7 |    384 | core/div/remainder\[64\]$_SDFFE_PP0P_/D
    2405+ |       5 |     261 |       49 |     14 |    87 |    +0.7% |   -0.129 |       -5.1 |      -22.7 |    384 | core/div/remainder\[64\]$_SDFFE_PP0P_/D
    2406+ |       5 |     261 |       49 |     14 |    87 |    +0.7% |   -0.129 |       -5.1 |      -22.7 |    384 | core/div/remainder\[64\]$_SDFFE_PP0P_/D
    2407+ |       5 |     261 |       49 |     14 |    87 |    +0.7% |   -0.129 |       -5.1 |      -22.7 |    384 | core/div/remainder\[64\]$_SDFFE_PP0P_/D
    2408+ |       5 |     261 |       49 |     14 |    87 |    +0.7% |   -0.129 |       -5.1 |      -22.7 |    384 | core/div/remainder\[64\]$_SDFFE_PP0P_/D
    2409+ |       5 |     261 |       49 |     14 |    87 |    +0.7% |   -0.129 |       -5.1 |      -22.7 |    384 | core/div/remainder\[64\]$_SDFFE_PP0P_/D
    2410+ |       5 |     261 |       49 |     14 |    87 |    +0.7% |   -0.129 |       -5.1 |      -22.7 |    384 | core/div/remainder\[64\]$_SDFFE_PP0P_/D
    2410+ |       5 |     261 |       49 |     14 |    87 |    +0.7% |   -0.129 |       -5.1 |      -22.7 |    384 | core/div/remainder\[64\]$_SDFFE_PP0P_/D
    2411+ |       5 |     261 |       49 |     14 |    87 |    +0.7% |   -0.129 |       -5.1 |      -22.7 |    384 | core/div/remainder\[64\]$_SDFFE_PP0P_/D
    2412+ |       5 |     261 |       49 |     14 |    87 |    +0.7% |   -0.129 |       -5.1 |      -22.7 |    384 | core/div/remainder\[64\]$_SDFFE_PP0P_/D
    2413+ |       5 |     261 |       49 |     14 |    87 |    +0.7% |   -0.129 |       -5.1 |      -22.7 |    384 | core/div/remainder\[64\]$_SDFFE_PP0P_/D
    2414+ |       5 |     261 |       49 |     14 |    87 |    +0.7% |   -0.129 |       -5.1 |      -22.7 |    384 | core/div/remainder\[64\]$_SDFFE_PP0P_/D
    2415+ |       5 |     261 |       49 |     14 |    87 |    +0.7% |   -0.129 |       -5.1 |      -22.7 |    384 | core/div/remainder\[64\]$_SDFFE_PP0P_/D
    2416+ |       5 |     261 |       49 |     14 |    87 |    +0.7% |   -0.129 |       -5.1 |      -22.7 |    384 | core/div/remainder\[64\]$_SDFFE_PP0P_/D
    2417+ |       5 |     261 |       49 |     14 |    87 |    +0.7% |   -0.129 |       -5.1 |      -22.7 |    384 | core/div/remainder\[64\]$_SDFFE_PP0P_/D
    2418+ |       5 |     261 |       49 |     14 |    87 |    +0.7% |   -0.129 |       -5.1 |      -22.7 |    384 | core/div/remainder\[64\]$_SDFFE_PP0P_/D
    2419+ |       5 |     261 |       49 |     14 |    87 |    +0.7% |   -0.129 |       -5.1 |      -22.7 |    384 | core/div/remainder\[64\]$_SDFFE_PP0P_/D
    2420+ |       5 |     261 |       49 |     14 |    87 |    +0.7% |   -0.129 |       -5.1 |      -22.7 |    384 | core/div/remainder\[64\]$_SDFFE_PP0P_/D
    2420+ |       5 |     261 |       49 |     14 |    87 |    +0.7% |   -0.129 |       -5.1 |      -22.7 |    384 | core/div/remainder\[64\]$_SDFFE_PP0P_/D
    2421+ |       5 |     261 |       49 |     14 |    87 |    +0.7% |   -0.129 |       -5.1 |      -22.7 |    384 | core/div/remainder\[64\]$_SDFFE_PP0P_/D
    2422+ |       5 |     261 |       49 |     14 |    87 |    +0.7% |   -0.129 |       -5.1 |      -22.7 |    384 | core/div/remainder\[64\]$_SDFFE_PP0P_/D
    2423+ |       5 |     261 |       49 |     14 |    87 |    +0.7% |   -0.129 |       -5.1 |      -22.7 |    384 | core/div/remainder\[64\]$_SDFFE_PP0P_/D
    2424+ |       5 |     261 |       49 |     14 |    87 |    +0.7% |   -0.129 |       -5.1 |      -22.7 |    384 | core/div/remainder\[64\]$_SDFFE_PP0P_/D
    2425+ |       5 |     261 |       49 |     14 |    87 |    +0.7% |   -0.129 |       -5.1 |      -22.7 |    384 | core/div/remainder\[64\]$_SDFFE_PP0P_/D
    2426+ |       5 |     261 |       49 |     14 |    87 |    +0.7% |   -0.129 |       -5.1 |      -22.7 |    384 | core/div/remainder\[64\]$_SDFFE_PP0P_/D
    2427+ |       5 |     261 |       49 |     14 |    87 |    +0.7% |   -0.129 |       -5.1 |      -22.7 |    384 | core/div/remainder\[64\]$_SDFFE_PP0P_/D
    2428+ |       5 |     261 |       49 |     14 |    87 |    +0.7% |   -0.129 |       -5.1 |      -22.7 |    384 | core/div/remainder\[64\]$_SDFFE_PP0P_/D
    2429+ |       5 |     261 |       49 |     14 |    87 |    +0.7% |   -0.129 |       -5.1 |      -22.7 |    384 | core/div/remainder\[64\]$_SDFFE_PP0P_/D
    2430+ |       5 |     261 |       49 |     14 |    87 |    +0.7% |   -0.129 |       -5.1 |      -22.7 |    384 | core/div/remainder\[64\]$_SDFFE_PP0P_/D
    2430+ |       5 |     261 |       49 |     14 |    87 |    +0.7% |   -0.129 |       -5.1 |      -22.7 |    384 | core/div/remainder\[64\]$_SDFFE_PP0P_/D
    2431+ |       5 |     261 |       49 |     14 |    87 |    +0.7% |   -0.129 |       -5.1 |      -22.7 |    384 | core/div/remainder\[64\]$_SDFFE_PP0P_/D
    2432+ |       5 |     261 |       49 |     14 |    87 |    +0.7% |   -0.129 |       -5.1 |      -22.7 |    384 | core/div/remainder\[64\]$_SDFFE_PP0P_/D
    2433+ |       5 |     261 |       49 |     14 |    87 |    +0.7% |   -0.129 |       -5.1 |      -22.7 |    384 | core/div/remainder\[64\]$_SDFFE_PP0P_/D
    2434+ |       5 |     261 |       49 |     14 |    87 |    +0.7% |   -0.129 |       -5.1 |      -22.7 |    384 | core/div/remainder\[64\]$_SDFFE_PP0P_/D
    2435+ |       5 |     261 |       49 |     14 |    87 |    +0.7% |   -0.129 |       -5.1 |      -22.7 |    384 | core/div/remainder\[64\]$_SDFFE_PP0P_/D
    2436+ |       5 |     261 |       49 |     14 |    87 |    +0.7% |   -0.129 |       -5.1 |      -22.7 |    384 | core/div/remainder\[64\]$_SDFFE_PP0P_/D
    2437+ |       5 |     261 |       49 |     14 |    87 |    +0.7% |   -0.129 |       -5.1 |      -22.7 |    384 | core/div/remainder\[64\]$_SDFFE_PP0P_/D
    2438+ |       5 |     261 |       49 |     14 |    87 |    +0.7% |   -0.129 |       -5.1 |      -22.7 |    384 | core/div/remainder\[64\]$_SDFFE_PP0P_/D
    2439+ |       5 |     261 |       49 |     14 |    87 |    +0.7% |   -0.129 |       -5.1 |      -22.7 |    384 | core/div/remainder\[64\]$_SDFFE_PP0P_/D
    2440+ |       5 |     261 |       49 |     14 |    87 |    +0.7% |   -0.129 |       -5.1 |      -22.7 |    384 | core/div/remainder\[64\]$_SDFFE_PP0P_/D
    2440+ |       5 |     261 |       49 |     14 |    87 |    +0.7% |   -0.129 |       -5.1 |      -22.7 |    384 | core/div/remainder\[64\]$_SDFFE_PP0P_/D
    2441+ |       5 |     261 |       49 |     14 |    87 |    +0.7% |   -0.129 |       -5.1 |      -22.7 |    384 | core/div/remainder\[64\]$_SDFFE_PP0P_/D
    2442+ |       5 |     261 |       49 |     14 |    87 |    +0.7% |   -0.129 |       -5.1 |      -22.7 |    384 | core/div/remainder\[64\]$_SDFFE_PP0P_/D
    2443+ |       5 |     261 |       49 |     14 |    87 |    +0.7% |   -0.129 |       -5.1 |      -22.7 |    384 | core/div/remainder\[64\]$_SDFFE_PP0P_/D
    2444+ |       5 |     261 |       49 |     14 |    87 |    +0.7% |   -0.129 |       -5.1 |      -22.7 |    384 | core/div/remainder\[64\]$_SDFFE_PP0P_/D
    2445+ |       5 |     261 |       49 |     14 |    87 |    +0.7% |   -0.129 |       -5.1 |      -22.7 |    384 | core/div/remainder\[64\]$_SDFFE_PP0P_/D
    2446+ |       5 |     261 |       49 |     14 |    87 |    +0.7% |   -0.129 |       -5.1 |      -22.7 |    384 | core/div/remainder\[64\]$_SDFFE_PP0P_/D
    2447+ |       5 |     261 |       49 |     14 |    87 |    +0.7% |   -0.129 |       -5.1 |      -22.7 |    384 | core/div/remainder\[64\]$_SDFFE_PP0P_/D
    2448+ |       5 |     261 |       49 |     14 |    87 |    +0.7% |   -0.129 |       -5.1 |      -22.7 |    384 | core/div/remainder\[64\]$_SDFFE_PP0P_/D
    2449+ |       5 |     261 |       49 |     14 |    87 |    +0.7% |   -0.129 |       -5.1 |      -22.7 |    384 | core/div/remainder\[64\]$_SDFFE_PP0P_/D
    2450+ |       5 |     261 |       49 |     14 |    87 |    +0.7% |   -0.129 |       -5.1 |      -22.7 |    384 | core/div/remainder\[64\]$_SDFFE_PP0P_/D
    2450+ |       5 |     261 |       49 |     14 |    87 |    +0.7% |   -0.129 |       -5.1 |      -22.7 |    384 | core/div/remainder\[64\]$_SDFFE_PP0P_/D
    2451+ |       5 |     261 |       49 |     14 |    87 |    +0.7% |   -0.129 |       -5.1 |      -22.7 |    384 | core/div/remainder\[64\]$_SDFFE_PP0P_/D
    2452+ |       5 |     261 |       49 |     14 |    87 |    +0.7% |   -0.129 |       -5.1 |      -22.7 |    384 | core/div/remainder\[64\]$_SDFFE_PP0P_/D
    2453+ |       5 |     261 |       49 |     14 |    87 |    +0.7% |   -0.129 |       -5.1 |      -22.7 |    384 | core/div/remainder\[64\]$_SDFFE_PP0P_/D
    2454+ |       5 |     261 |       49 |     14 |    87 |    +0.7% |   -0.129 |       -5.1 |      -22.7 |    384 | core/div/remainder\[64\]$_SDFFE_PP0P_/D
    2455+ |       5 |     261 |       49 |     14 |    87 |    +0.7% |   -0.129 |       -5.1 |      -22.7 |    384 | core/div/remainder\[64\]$_SDFFE_PP0P_/D
    2456+ |       5 |     261 |       49 |     14 |    87 |    +0.7% |   -0.129 |       -5.1 |      -22.7 |    384 | core/div/remainder\[64\]$_SDFFE_PP0P_/D
    2457+ |       5 |     261 |       49 |     14 |    87 |    +0.7% |   -0.129 |       -5.1 |      -22.7 |    384 | core/div/remainder\[64\]$_SDFFE_PP0P_/D
    2458+ |       5 |     261 |       49 |     14 |    87 |    +0.7% |   -0.129 |       -5.1 |      -22.7 |    384 | core/div/remainder\[64\]$_SDFFE_PP0P_/D
    2459+ |       5 |     261 |       49 |     14 |    87 |    +0.7% |   -0.129 |       -5.1 |      -22.7 |    384 | core/div/remainder\[64\]$_SDFFE_PP0P_/D
    2460+ |       5 |     261 |       49 |     14 |    87 |    +0.7% |   -0.129 |       -5.1 |      -22.7 |    384 | core/div/remainder\[64\]$_SDFFE_PP0P_/D
    2460+ |       5 |     261 |       49 |     14 |    87 |    +0.7% |   -0.129 |       -5.1 |      -22.7 |    384 | core/div/remainder\[64\]$_SDFFE_PP0P_/D
    2461+ |       5 |     261 |       49 |     14 |    87 |    +0.7% |   -0.129 |       -5.1 |      -22.7 |    384 | core/div/remainder\[64\]$_SDFFE_PP0P_/D
    2462+ |       5 |     261 |       49 |     14 |    87 |    +0.7% |   -0.129 |       -5.1 |      -22.7 |    384 | core/div/remainder\[64\]$_SDFFE_PP0P_/D
    2463+ |       5 |     261 |       49 |     14 |    87 |    +0.7% |   -0.129 |       -5.1 |      -22.7 |    384 | core/div/remainder\[64\]$_SDFFE_PP0P_/D
    2464+ |       5 |     261 |       49 |     14 |    87 |    +0.7% |   -0.129 |       -5.1 |      -22.7 |    384 | core/div/remainder\[64\]$_SDFFE_PP0P_/D
    2465+ |       5 |     261 |       49 |     14 |    87 |    +0.7% |   -0.129 |       -5.1 |      -22.7 |    384 | core/div/remainder\[64\]$_SDFFE_PP0P_/D
    2466+ |       5 |     261 |       49 |     14 |    87 |    +0.7% |   -0.129 |       -5.1 |      -22.7 |    384 | core/div/remainder\[64\]$_SDFFE_PP0P_/D
    2467+ |       5 |     261 |       49 |     14 |    87 |    +0.7% |   -0.129 |       -5.1 |      -22.7 |    384 | core/div/remainder\[64\]$_SDFFE_PP0P_/D
    2468+ |       5 |     261 |       49 |     14 |    87 |    +0.7% |   -0.129 |       -5.1 |      -22.7 |    384 | core/div/remainder\[64\]$_SDFFE_PP0P_/D
    2469+ |       5 |     261 |       49 |     14 |    87 |    +0.7% |   -0.129 |       -5.1 |      -22.7 |    384 | core/div/remainder\[64\]$_SDFFE_PP0P_/D
    2470+ |       5 |     261 |       49 |     14 |    87 |    +0.7% |   -0.129 |       -5.1 |      -22.7 |    384 | core/div/remainder\[64\]$_SDFFE_PP0P_/D
    2470+ |       5 |     261 |       49 |     14 |    87 |    +0.7% |   -0.129 |       -5.1 |      -22.7 |    384 | core/div/remainder\[64\]$_SDFFE_PP0P_/D
    2471+ |       5 |     261 |       49 |     14 |    87 |    +0.7% |   -0.129 |       -5.1 |      -22.7 |    384 | core/div/remainder\[64\]$_SDFFE_PP0P_/D
    2472+ |       5 |     261 |       49 |     14 |    87 |    +0.7% |   -0.129 |       -5.1 |      -22.7 |    384 | core/div/remainder\[64\]$_SDFFE_PP0P_/D
    2473+ |       5 |     261 |       49 |     14 |    87 |    +0.7% |   -0.129 |       -5.1 |      -22.7 |    384 | core/div/remainder\[64\]$_SDFFE_PP0P_/D
    2474+ |       5 |     261 |       49 |     14 |    87 |    +0.7% |   -0.129 |       -5.1 |      -22.7 |    384 | core/div/remainder\[64\]$_SDFFE_PP0P_/D
    2475+ |       5 |     261 |       49 |     14 |    87 |    +0.7% |   -0.129 |       -5.1 |      -22.7 |    384 | core/div/remainder\[64\]$_SDFFE_PP0P_/D
    2476+ |       5 |     261 |       49 |     14 |    87 |    +0.7% |   -0.129 |       -5.1 |      -22.7 |    384 | core/div/remainder\[64\]$_SDFFE_PP0P_/D
    2477+ |       5 |     261 |       49 |     14 |    87 |    +0.7% |   -0.129 |       -5.1 |      -22.7 |    384 | core/div/remainder\[64\]$_SDFFE_PP0P_/D
    2478+ |       5 |     261 |       49 |     14 |    87 |    +0.7% |   -0.129 |       -5.1 |      -22.7 |    384 | core/div/remainder\[64\]$_SDFFE_PP0P_/D
    2479+ |       5 |     261 |       49 |     14 |    87 |    +0.7% |   -0.129 |       -5.1 |      -22.7 |    384 | core/div/remainder\[64\]$_SDFFE_PP0P_/D
    2480+ |       5 |     261 |       49 |     14 |    87 |    +0.7% |   -0.129 |       -5.1 |      -22.7 |    384 | core/div/remainder\[64\]$_SDFFE_PP0P_/D
    2480+ |       5 |     261 |       49 |     14 |    87 |    +0.7% |   -0.129 |       -5.1 |      -22.7 |    384 | core/div/remainder\[64\]$_SDFFE_PP0P_/D
    2481+ |       5 |     261 |       49 |     14 |    87 |    +0.7% |   -0.129 |       -5.1 |      -22.7 |    384 | core/div/remainder\[64\]$_SDFFE_PP0P_/D
    2482+ |       5 |     261 |       49 |     14 |    87 |    +0.7% |   -0.129 |       -5.1 |      -22.7 |    384 | core/div/remainder\[64\]$_SDFFE_PP0P_/D
    2483+ |       5 |     261 |       49 |     14 |    87 |    +0.7% |   -0.129 |       -5.1 |      -22.7 |    384 | core/div/remainder\[64\]$_SDFFE_PP0P_/D
    2484+ |       5 |     261 |       49 |     14 |    87 |    +0.7% |   -0.129 |       -5.1 |      -22.7 |    384 | core/div/remainder\[64\]$_SDFFE_PP0P_/D
    2485+ |       5 |     261 |       49 |     14 |    87 |    +0.7% |   -0.129 |       -5.1 |      -22.7 |    384 | core/div/remainder\[64\]$_SDFFE_PP0P_/D
    2486+ |       5 |     261 |       49 |     14 |    87 |    +0.7% |   -0.129 |       -5.1 |      -22.7 |    384 | core/div/remainder\[64\]$_SDFFE_PP0P_/D
    2487+ |       5 |     261 |       49 |     14 |    87 |    +0.7% |   -0.129 |       -5.1 |      -22.7 |    384 | core/div/remainder\[64\]$_SDFFE_PP0P_/D
    2488+ |       5 |     261 |       49 |     14 |    87 |    +0.7% |   -0.129 |       -5.1 |      -22.7 |    384 | core/div/remainder\[64\]$_SDFFE_PP0P_/D
    2489+ |       5 |     261 |       49 |     14 |    87 |    +0.7% |   -0.129 |       -5.1 |      -22.7 |    384 | core/div/remainder\[64\]$_SDFFE_PP0P_/D
    2490+ |       5 |     261 |       49 |     14 |    87 |    +0.7% |   -0.129 |       -5.1 |      -22.7 |    384 | core/div/remainder\[64\]$_SDFFE_PP0P_/D
    2490+ |       5 |     261 |       49 |     14 |    87 |    +0.7% |   -0.129 |       -5.1 |      -22.7 |    384 | core/div/remainder\[64\]$_SDFFE_PP0P_/D
    2491+ |       5 |     261 |       49 |     14 |    87 |    +0.7% |   -0.129 |       -5.1 |      -22.7 |    384 | core/div/remainder\[64\]$_SDFFE_PP0P_/D
    2492+ |       5 |     261 |       49 |     14 |    87 |    +0.7% |   -0.129 |       -5.1 |      -22.7 |    384 | core/div/remainder\[64\]$_SDFFE_PP0P_/D
    2493+ |       5 |     261 |       49 |     14 |    87 |    +0.7% |   -0.129 |       -5.1 |      -22.7 |    384 | core/div/remainder\[64\]$_SDFFE_PP0P_/D
    2494+ |       5 |     261 |       49 |     14 |    87 |    +0.7% |   -0.129 |       -5.1 |      -22.7 |    384 | core/div/remainder\[64\]$_SDFFE_PP0P_/D
    2495+ |       5 |     261 |       49 |     14 |    87 |    +0.7% |   -0.129 |       -5.1 |      -22.7 |    384 | core/div/remainder\[64\]$_SDFFE_PP0P_/D
    2496+ |       5 |     261 |       49 |     14 |    87 |    +0.7% |   -0.129 |       -5.1 |      -22.7 |    384 | core/div/remainder\[64\]$_SDFFE_PP0P_/D
    2497+ |       5 |     261 |       49 |     14 |    87 |    +0.7% |   -0.129 |       -5.1 |      -22.7 |    384 | core/div/remainder\[64\]$_SDFFE_PP0P_/D
    2498+ |       5 |     261 |       49 |     14 |    87 |    +0.7% |   -0.129 |       -5.1 |      -22.7 |    384 | core/div/remainder\[64\]$_SDFFE_PP0P_/D
    2499+ |       5 |     261 |       49 |     14 |    87 |    +0.7% |   -0.129 |       -5.1 |      -22.7 |    384 | core/div/remainder\[64\]$_SDFFE_PP0P_/D
    2500+ |       5 |     261 |       49 |     14 |    87 |    +0.7% |   -0.129 |       -5.1 |      -22.7 |    384 | core/div/remainder\[64\]$_SDFFE_PP0P_/D
    final |       5 |     261 |       49 |     14 |    87 |    +0.7% |   -0.129 |       -5.1 |      -22.7 |    384 | core/div/remainder\[64\]$_SDFFE_PP0P_/D
------------------------------------------------------------------------------------------------------------------------------
[INFO RSZ-0059] Removed 5 buffers.
[INFO RSZ-0045] Inserted 49 buffers, 1 to split loads.
[INFO RSZ-0051] Resized 261 instances: 261 up, 0 up match, 0 down, 0 VT
[INFO RSZ-0043] Swapped pins on 87 instances.
[INFO RSZ-0049] Cloned 14 instances.
[WARNING RSZ-0062] Unable to repair all setup violations.
[INFO RSZ-0505] Runtime: 136.40s
[INFO RSZ-0033] No hold violations found.
[INFO RSZ-0506] Runtime: 0.11s
Took 136 seconds: repair_timing -setup_margin 0 -hold_margin 0 -repair_tns 100 -verbose
global_route -start_incremental
detailed_placement
[INFO DPL-0006] Core area: 88535.44 um^2
[INFO DPL-0007] Movable instances area: 53192.55 um^2
[INFO DPL-0008] Fixed instances area within core: 2693.78 um^2
[INFO DPL-0009] Utilization: 63.1%
[INFO DPL-0005] Diamond search max displacement: +/- 500 sites horizontally, +/- 100 rows vertically.
[INFO DPL-1102] Legalizing using negotiation legalizer.
[INFO DPL-1103] Negotiation base search window: +/-20 sites horizontally, +/-5 rows vertically 
	Automatic search window extension enabled.
	Search window extendable up to the max displacement cap of +/-500 sites, +/-100 rows near walls.
[INFO DPL-1104] NegotiationLegalizer DRC penalty: 5.
[INFO DPL-0392] Negotiation cell height distribution (2 unique row-count(s)):
[INFO DPL-0393]   height 1 row(s): 29714 cells
[INFO DPL-0393]   height 44 row(s): 2 cells
          |      Total |  Illegal |  Illegal
Iteration | Violations |    Cells |    Sites
---------------------------------------------
        0 |       1534 |       230 |      1304
        1 |        880 |       100 |       780
        2 |        700 |        74 |       626
        3 |        592 |        56 |       536
        4 |        437 |        43 |       388
        5 |        281 |        33 |       248
        6 |        280 |        30 |       232
        7 |        205 |        23 |       182
        8 |        219 |        20 |       199
        9 |        199 |        19 |       180
       10 |        151 |        15 |       136
       20 |         37 |         3 |        34
       25 |          0 |         0 |         0
Negotiation phase 1 converged at iteration 25.
[INFO DPL-0500] Runtime: 0.59s
Placement Analysis
---------------------------------
total displacement        834.3 u
average displacement        0.0 u
max displacement           13.2 u
original HPWL          431839.9 u
legalized HPWL         432664.7 u
delta HPWL                    0 %

check_placement -verbose
global_route -end_incremental -congestion_report_file /work/reports/nangate45/tinyRocket/base/congestion_post_repair_timing.rpt
estimate_parasitics -global_routing
global_route -start_incremental
global_route -end_incremental -congestion_report_file /work/reports/nangate45/tinyRocket/base/congestion_post_recover_power.rpt
Repair antennas...
[WARNING GRT-0246] No diode with LEF class CORE ANTENNACELL found.
[INFO ANT-0002] Found 0 net violations.
[INFO ANT-0001] Found 0 pin violations.
Estimate parasitics...
estimate_parasitics -global_routing
Report metrics stage 5, global route...

==========================================================================
global route report_design_area
--------------------------------------------------------------------------
Design area 55886 um^2 63% utilization.
[INFO FLW-0007] clock core_clock period 1.200000
[INFO FLW-0008] Clock core_clock period 1.263
[INFO FLW-0009] Clock core_clock slack -0.130
write_sdc -no_timestamp /work/results/nangate45/tinyRocket/base/updated_clks.sdc
[INFO FLW-0011] Path endpoint path count 9084
write_db /work/results/nangate45/tinyRocket/base/5_1_grt.odb
write_sdc -no_timestamp /work/results/nangate45/tinyRocket/base/5_1_grt.sdc
Elapsed time: 3:04.83[h:]min:sec. CPU time: user 619.63 sys 18.81 (345%). Peak memory: 677548KB.
Log                       Ext     Elapsed/s Peak Memory/MB sha1sum result [0:20)
5_1_grt                   .odb          184            661 6962e04f09a2bd554e1e
5_1_grt                   .sdc                             7e89828fd407c9695363
/OpenROAD-flow-scripts/flow/scripts/flow.sh 5_2_route detail_route
Running detail_route.tcl, stage 5_2_route
read_liberty /OpenROAD-flow-scripts/flow/platforms/nangate45/lib/NangateOpenCellLibrary_typical.lib
read_liberty /OpenROAD-flow-scripts/flow/designs/nangate45/tinyRocket/fakeram45_1024x32.lib
read_liberty /OpenROAD-flow-scripts/flow/designs/nangate45/tinyRocket/fakeram45_64x32.lib
read_db /work/results/nangate45/tinyRocket/base/5_1_grt.odb
read_sdc /work/results/nangate45/tinyRocket/base/5_1_grt.sdc
source /OpenROAD-flow-scripts/flow/platforms/nangate45/setRC.tcl
detailed_route -output_drc /work/reports/nangate45/tinyRocket/base/5_route_drc.rpt -output_maze /work/results/nangate45/tinyRocket/base/maze.log -droute_end_iter 64 -verbose 1 -drc_report_iter_step 5
[INFO DRT-0149] Reading tech and libs.

Units:                2000
Number of layers:     21
Number of macros:     137
Number of vias:       36
Number of viarulegen: 19

[INFO DRT-0150] Reading design.

Design:                   RocketTile
Die area:                 ( 0 0 ) ( 604800 604800 )
Number of track patterns: 20
Number of DEF vias:       0
Number of components:     29716
Number of terminals:      271
Number of snets:          2
Number of nets:           34397

[INFO DRT-0167] List of default vias:
  Layer via2
    default via: via2_5
  Layer via3
    default via: via3_2
  Layer via4
    default via: via4_0
  Layer via5
    default via: via5_0
  Layer via6
    default via: via6_0
  Layer via7
    default via: via7_0
  Layer via8
    default via: via8_0
  Layer via9
    default via: via9_0
[INFO DRT-0162] Library cell analysis.
[INFO DRT-0163] Instance analysis.
[INFO DRT-0164] Number of unique instances = 173.
[INFO DRT-0168] Init region query.
[INFO DRT-0024]   Complete active.
[INFO DRT-0024]   Complete Fr_VIA.
[INFO DRT-0024]   Complete metal1.
[INFO DRT-0024]   Complete via1.
[INFO DRT-0024]   Complete metal2.
[INFO DRT-0024]   Complete via2.
[INFO DRT-0024]   Complete metal3.
[INFO DRT-0024]   Complete via3.
[INFO DRT-0024]   Complete metal4.
[INFO DRT-0024]   Complete via4.
[INFO DRT-0024]   Complete metal5.
[INFO DRT-0024]   Complete via5.
[INFO DRT-0024]   Complete metal6.
[INFO DRT-0024]   Complete via6.
[INFO DRT-0024]   Complete metal7.
[INFO DRT-0024]   Complete via7.
[INFO DRT-0024]   Complete metal8.
[INFO DRT-0024]   Complete via8.
[INFO DRT-0024]   Complete metal9.
[INFO DRT-0024]   Complete via9.
[INFO DRT-0024]   Complete metal10.
[INFO DRT-0033] active shape region query size = 0.
[INFO DRT-0033] FR_VIA shape region query size = 0.
[INFO DRT-0033] metal1 shape region query size = 600086.
[INFO DRT-0033] via1 shape region query size = 3522.
[INFO DRT-0033] metal2 shape region query size = 2350.
[INFO DRT-0033] via2 shape region query size = 3522.
[INFO DRT-0033] metal3 shape region query size = 2772.
[INFO DRT-0033] via3 shape region query size = 3522.
[INFO DRT-0033] metal4 shape region query size = 1407.
[INFO DRT-0033] via4 shape region query size = 1328.
[INFO DRT-0033] metal5 shape region query size = 412.
[INFO DRT-0033] via5 shape region query size = 1532.
[INFO DRT-0033] metal6 shape region query size = 521.
[INFO DRT-0033] via6 shape region query size = 600.
[INFO DRT-0033] metal7 shape region query size = 170.
[INFO DRT-0033] via7 shape region query size = 0.
[INFO DRT-0033] metal8 shape region query size = 0.
[INFO DRT-0033] via8 shape region query size = 0.
[INFO DRT-0033] metal9 shape region query size = 0.
[INFO DRT-0033] via9 shape region query size = 0.
[INFO DRT-0033] metal10 shape region query size = 0.
[INFO DRT-0165] Start pin access.
[INFO DRT-0076]   Complete 1000 pins.
[INFO DRT-0078]   Complete 1228 pins.
[INFO DRT-0079]   Complete 100 unique inst patterns.
[INFO DRT-0081]   Complete 171 unique inst patterns.
[INFO DRT-0082]   Complete 10000 groups.
[INFO DRT-0084]   Complete 15623 groups.
#scanned instances     = 29716
#unique  instances     = 173
#stdCellGenAp          = 6496
#stdCellValidPlanarAp  = 0
#stdCellValidViaAp     = 4415
#stdCellPinNoAp        = 0
#stdCellPinCnt         = 103560
#instTermValidViaApCnt = 0
#macroGenAp            = 210
#macroValidPlanarAp    = 210
#macroValidViaAp       = 0
#macroNoAp             = 0
[INFO DRT-0166] Complete pin access.
[INFO DRT-0267] cpu time = 00:06:26, elapsed time = 00:00:27, memory = 428.38 (MB), peak = 438.09 (MB)
[INFO DRT-0156] guideIn read 100000 guides.
[INFO DRT-0156] guideIn read 200000 guides.

[INFO DRT-0157] Number of guides:     244002

[INFO DRT-0169] Post process guides.
[INFO DRT-0176] GCELLGRID X 0 DO 106 STEP 5700 ;
[INFO DRT-0177] GCELLGRID Y 0 DO 106 STEP 5700 ;
[INFO DRT-0026]   Complete 100000 origin guides.
[INFO DRT-0026]   Complete 200000 origin guides.
[INFO DRT-0028]   Complete active.
[INFO DRT-0028]   Complete Fr_VIA.
[INFO DRT-0028]   Complete metal1.
[INFO DRT-0028]   Complete via1.
[INFO DRT-0028]   Complete metal2.
[INFO DRT-0028]   Complete via2.
[INFO DRT-0028]   Complete metal3.
[INFO DRT-0028]   Complete via3.
[INFO DRT-0028]   Complete metal4.
[INFO DRT-0028]   Complete via4.
[INFO DRT-0028]   Complete metal5.
[INFO DRT-0028]   Complete via5.
[INFO DRT-0028]   Complete metal6.
[INFO DRT-0028]   Complete via6.
[INFO DRT-0028]   Complete metal7.
[INFO DRT-0028]   Complete via7.
[INFO DRT-0028]   Complete metal8.
[INFO DRT-0028]   Complete via8.
[INFO DRT-0028]   Complete metal9.
[INFO DRT-0028]   Complete via9.
[INFO DRT-0028]   Complete metal10.
[INFO DRT-0178] Init guide query.
[INFO DRT-0035]   Complete active (guide).
[INFO DRT-0035]   Complete Fr_VIA (guide).
[INFO DRT-0035]   Complete metal1 (guide).
[INFO DRT-0035]   Complete via1 (guide).
[INFO DRT-0035]   Complete metal2 (guide).
[INFO DRT-0035]   Complete via2 (guide).
[INFO DRT-0035]   Complete metal3 (guide).
[INFO DRT-0035]   Complete via3 (guide).
[INFO DRT-0035]   Complete metal4 (guide).
[INFO DRT-0035]   Complete via4 (guide).
[INFO DRT-0035]   Complete metal5 (guide).
[INFO DRT-0035]   Complete via5 (guide).
[INFO DRT-0035]   Complete metal6 (guide).
[INFO DRT-0035]   Complete via6 (guide).
[INFO DRT-0035]   Complete metal7 (guide).
[INFO DRT-0035]   Complete via7 (guide).
[INFO DRT-0035]   Complete metal8 (guide).
[INFO DRT-0035]   Complete via8 (guide).
[INFO DRT-0035]   Complete metal9 (guide).
[INFO DRT-0035]   Complete via9 (guide).
[INFO DRT-0035]   Complete metal10 (guide).
[INFO DRT-0036] active guide region query size = 0.
[INFO DRT-0036] FR_VIA guide region query size = 0.
[INFO DRT-0036] metal1 guide region query size = 81230.
[INFO DRT-0036] via1 guide region query size = 0.
[INFO DRT-0036] metal2 guide region query size = 69204.
[INFO DRT-0036] via2 guide region query size = 0.
[INFO DRT-0036] metal3 guide region query size = 39439.
[INFO DRT-0036] via3 guide region query size = 0.
[INFO DRT-0036] metal4 guide region query size = 8729.
[INFO DRT-0036] via4 guide region query size = 0.
[INFO DRT-0036] metal5 guide region query size = 3595.
[INFO DRT-0036] via5 guide region query size = 0.
[INFO DRT-0036] metal6 guide region query size = 828.
[INFO DRT-0036] via6 guide region query size = 0.
[INFO DRT-0036] metal7 guide region query size = 122.
[INFO DRT-0036] via7 guide region query size = 0.
[INFO DRT-0036] metal8 guide region query size = 15.
[INFO DRT-0036] via8 guide region query size = 0.
[INFO DRT-0036] metal9 guide region query size = 8.
[INFO DRT-0036] via9 guide region query size = 0.
[INFO DRT-0036] metal10 guide region query size = 0.
[INFO DRT-0179] Init gr pin query.
[INFO DRT-0267] cpu time = 00:00:00, elapsed time = 00:00:00, memory = 523.21 (MB), peak = 522.07 (MB)
[INFO DRT-0245] skipped writing guide updates to database.
[INFO DRT-0181] Start track assignment.
[INFO DRT-0184] Done with 78776 vertical wires in 3 frboxes and 124394 horizontal wires in 3 frboxes.
[INFO DRT-0186] Done with 22995 vertical wires in 3 frboxes and 25977 horizontal wires in 3 frboxes.
[INFO DRT-0182] Complete track assignment.
[INFO DRT-0267] cpu time = 00:00:11, elapsed time = 00:00:06, memory = 690.18 (MB), peak = 912.40 (MB)
[INFO DRT-0187] Start routing data preparation.
[INFO DRT-0267] cpu time = 00:00:00, elapsed time = 00:00:00, memory = 690.24 (MB), peak = 912.40 (MB)
[INFO DRT-0194] Start detail routing.
[INFO DRT-0195] Start 0th optimization iteration.
    Completing 10% with 0 violations.
    elapsed time = 00:00:05, memory = 1218.95 (MB).
    Completing 20% with 0 violations.
    elapsed time = 00:00:09, memory = 1394.00 (MB).
    Completing 30% with 1328 violations.
    elapsed time = 00:00:15, memory = 1625.47 (MB).
    Completing 40% with 1328 violations.
    elapsed time = 00:00:19, memory = 1656.67 (MB).
    Completing 50% with 1328 violations.
    elapsed time = 00:00:24, memory = 1606.92 (MB).
    Completing 60% with 2606 violations.
    elapsed time = 00:00:29, memory = 1699.94 (MB).
    Completing 70% with 2606 violations.
    elapsed time = 00:00:34, memory = 1731.45 (MB).
    Completing 80% with 3734 violations.
    elapsed time = 00:00:38, memory = 1709.72 (MB).
    Completing 90% with 3734 violations.
    elapsed time = 00:00:45, memory = 1839.56 (MB).
    Completing 100% with 4881 violations.
    elapsed time = 00:00:49, memory = 1796.98 (MB).
[INFO DRT-0199]   Number of violations = 7207.
Viol/Layer      metal1   via1 metal2   via2 metal3   via3 metal4   via4 metal5 metal6   via6 metal7
Cut Spacing          0      3      0     12      0      0      0      7      0      0      0      0
Metal Spacing        3      0    515      0     73      0      4      0     10      0      0      0
Recheck             22      0   1382      0    778      0     80      0     45     10      0      9
Short                0      4   3357     10    682      2    113      0     64      3      4     15
[INFO DRT-0267] cpu time = 00:10:33, elapsed time = 00:00:50, memory = 1820.56 (MB), peak = 2001.48 (MB)
Total wire length = 514603 um.
Total wire length on LAYER metal1 = 0 um.
Total wire length on LAYER metal2 = 147686 um.
Total wire length on LAYER metal3 = 191728 um.
Total wire length on LAYER metal4 = 83030 um.
Total wire length on LAYER metal5 = 69639 um.
Total wire length on LAYER metal6 = 15404 um.
Total wire length on LAYER metal7 = 6483 um.
Total wire length on LAYER metal8 = 61 um.
Total wire length on LAYER metal9 = 569 um.
Total wire length on LAYER metal10 = 0 um.
Total number of vias = 217196.
Up-via summary (total 217196):

-----------------
 active         0
 metal1     99822
 metal2     98461
 metal3     11861
 metal4      5515
 metal5      1263
 metal6       244
 metal7        15
 metal8        15
 metal9         0
-----------------
       217196


[INFO DRT-0195] Start 1st optimization iteration.
    Completing 10% with 7207 violations.
    elapsed time = 00:00:04, memory = 1835.34 (MB).
    Completing 20% with 7207 violations.
    elapsed time = 00:00:09, memory = 1857.08 (MB).
    Completing 30% with 5858 violations.
    elapsed time = 00:00:14, memory = 1841.85 (MB).
    Completing 40% with 5858 violations.
    elapsed time = 00:00:18, memory = 1857.54 (MB).
    Completing 50% with 5858 violations.
    elapsed time = 00:00:22, memory = 1833.66 (MB).
    Completing 60% with 4641 violations.
    elapsed time = 00:00:26, memory = 1864.30 (MB).
    Completing 70% with 4641 violations.
    elapsed time = 00:00:31, memory = 2002.54 (MB).
    Completing 80% with 3408 violations.
    elapsed time = 00:00:35, memory = 1931.20 (MB).
    Completing 90% with 3408 violations.
    elapsed time = 00:00:41, memory = 1977.11 (MB).
    Completing 100% with 2237 violations.
    elapsed time = 00:00:45, memory = 1926.22 (MB).
[INFO DRT-0199]   Number of violations = 2237.
Viol/Layer        via1 metal2   via2 metal3 metal4   via4 metal5
Cut Spacing          3      0      4      0      0      2      0
Metal Spacing        0    402      0     18      5      0      1
Short                0   1570      0    213     13      0      6
[INFO DRT-0267] cpu time = 00:09:28, elapsed time = 00:00:46, memory = 1988.41 (MB), peak = 2123.68 (MB)
Total wire length = 511398 um.
Total wire length on LAYER metal1 = 0 um.
Total wire length on LAYER metal2 = 146286 um.
Total wire length on LAYER metal3 = 190521 um.
Total wire length on LAYER metal4 = 82749 um.
Total wire length on LAYER metal5 = 69291 um.
Total wire length on LAYER metal6 = 15384 um.
Total wire length on LAYER metal7 = 6537 um.
Total wire length on LAYER metal8 = 60 um.
Total wire length on LAYER metal9 = 568 um.
Total wire length on LAYER metal10 = 0 um.
Total number of vias = 215003.
Up-via summary (total 215003):

-----------------
 active         0
 metal1     99841
 metal2     96499
 metal3     11701
 metal4      5427
 metal5      1269
 metal6       236
 metal7        15
 metal8        15
 metal9         0
-----------------
       215003


[INFO DRT-0195] Start 2nd optimization iteration.
    Completing 10% with 2237 violations.
    elapsed time = 00:00:02, memory = 1994.98 (MB).
    Completing 20% with 2237 violations.
    elapsed time = 00:00:07, memory = 1999.76 (MB).
    Completing 30% with 2260 violations.
    elapsed time = 00:00:10, memory = 1959.19 (MB).
    Completing 40% with 2260 violations.
    elapsed time = 00:00:15, memory = 1980.58 (MB).
    Completing 50% with 2260 violations.
    elapsed time = 00:00:19, memory = 1942.43 (MB).
    Completing 60% with 2228 violations.
    elapsed time = 00:00:23, memory = 1970.58 (MB).
    Completing 70% with 2228 violations.
    elapsed time = 00:00:27, memory = 1969.92 (MB).
    Completing 80% with 2113 violations.
    elapsed time = 00:00:30, memory = 1941.09 (MB).
    Completing 90% with 2113 violations.
    elapsed time = 00:00:36, memory = 1991.30 (MB).
    Completing 100% with 2068 violations.
    elapsed time = 00:00:41, memory = 1933.65 (MB).
[INFO DRT-0199]   Number of violations = 2068.
Viol/Layer        via1 metal2   via2 metal3 metal4 metal5
Cut Spacing          2      0      3      0      0      0
Metal Spacing        0    385      0     26      1      1
Short                0   1485      0    155      7      3
[INFO DRT-0267] cpu time = 00:08:31, elapsed time = 00:00:42, memory = 1954.50 (MB), peak = 2128.00 (MB)
Total wire length = 510727 um.
Total wire length on LAYER metal1 = 0 um.
Total wire length on LAYER metal2 = 145985 um.
Total wire length on LAYER metal3 = 190282 um.
Total wire length on LAYER metal4 = 82734 um.
Total wire length on LAYER metal5 = 69156 um.
Total wire length on LAYER metal6 = 15375 um.
Total wire length on LAYER metal7 = 6566 um.
Total wire length on LAYER metal8 = 59 um.
Total wire length on LAYER metal9 = 568 um.
Total wire length on LAYER metal10 = 0 um.
Total number of vias = 214224.
Up-via summary (total 214224):

-----------------
 active         0
 metal1     99852
 metal2     95780
 metal3     11677
 metal4      5383
 metal5      1263
 metal6       239
 metal7        15
 metal8        15
 metal9         0
-----------------
       214224


[INFO DRT-0195] Start 3rd optimization iteration.
    Completing 10% with 2068 violations.
    elapsed time = 00:00:01, memory = 2009.62 (MB).
    Completing 20% with 2068 violations.
    elapsed time = 00:00:04, memory = 1976.15 (MB).
    Completing 30% with 1492 violations.
    elapsed time = 00:00:08, memory = 1946.90 (MB).
    Completing 40% with 1492 violations.
    elapsed time = 00:00:10, memory = 1963.91 (MB).
    Completing 50% with 1492 violations.
    elapsed time = 00:00:12, memory = 1947.57 (MB).
    Completing 60% with 1053 violations.
    elapsed time = 00:00:14, memory = 1956.05 (MB).
    Completing 70% with 1053 violations.
    elapsed time = 00:00:17, memory = 1971.94 (MB).
    Completing 80% with 567 violations.
    elapsed time = 00:00:21, memory = 1943.65 (MB).
    Completing 90% with 567 violations.
    elapsed time = 00:00:24, memory = 1969.65 (MB).
    Completing 100% with 54 violations.
    elapsed time = 00:00:28, memory = 1960.34 (MB).
[INFO DRT-0199]   Number of violations = 54.
Viol/Layer      metal2 metal3
Metal Spacing        6      1
Short               44      3
[INFO DRT-0267] cpu time = 00:04:33, elapsed time = 00:00:29, memory = 1966.01 (MB), peak = 2130.99 (MB)
Total wire length = 510733 um.
Total wire length on LAYER metal1 = 0 um.
Total wire length on LAYER metal2 = 142707 um.
Total wire length on LAYER metal3 = 190840 um.
Total wire length on LAYER metal4 = 85508 um.
Total wire length on LAYER metal5 = 69110 um.
Total wire length on LAYER metal6 = 15393 um.
Total wire length on LAYER metal7 = 6546 um.
Total wire length on LAYER metal8 = 59 um.
Total wire length on LAYER metal9 = 568 um.
Total wire length on LAYER metal10 = 0 um.
Total number of vias = 216172.
Up-via summary (total 216172):

-----------------
 active         0
 metal1     99851
 metal2     96748
 metal3     12659
 metal4      5384
 metal5      1261
 metal6       239
 metal7        15
 metal8        15
 metal9         0
-----------------
       216172


[INFO DRT-0195] Start 4th guides tiles iteration.
    Completing 10% with 54 violations.
    elapsed time = 00:00:00, memory = 1966.01 (MB).
    Completing 20% with 54 violations.
    elapsed time = 00:00:00, memory = 1966.01 (MB).
    Completing 30% with 54 violations.
    elapsed time = 00:00:00, memory = 1966.01 (MB).
    Completing 40% with 54 violations.
    elapsed time = 00:00:00, memory = 1966.01 (MB).
    Completing 50% with 12 violations.
    elapsed time = 00:00:00, memory = 1966.07 (MB).
    Completing 60% with 12 violations.
    elapsed time = 00:00:00, memory = 1966.07 (MB).
    Completing 70% with 12 violations.
    elapsed time = 00:00:00, memory = 1966.07 (MB).
    Completing 80% with 12 violations.
    elapsed time = 00:00:00, memory = 1966.07 (MB).
    Completing 90% with 12 violations.
    elapsed time = 00:00:01, memory = 1966.07 (MB).
    Completing 100% with 0 violations.
    elapsed time = 00:00:01, memory = 1966.07 (MB).
[INFO DRT-0199]   Number of violations = 0.
[INFO DRT-0267] cpu time = 00:00:02, elapsed time = 00:00:01, memory = 2128.98 (MB), peak = 2130.99 (MB)
Total wire length = 510731 um.
Total wire length on LAYER metal1 = 0 um.
Total wire length on LAYER metal2 = 142592 um.
Total wire length on LAYER metal3 = 190844 um.
Total wire length on LAYER metal4 = 85616 um.
Total wire length on LAYER metal5 = 69109 um.
Total wire length on LAYER metal6 = 15393 um.
Total wire length on LAYER metal7 = 6546 um.
Total wire length on LAYER metal8 = 59 um.
Total wire length on LAYER metal9 = 568 um.
Total wire length on LAYER metal10 = 0 um.
Total number of vias = 216199.
Up-via summary (total 216199):

-----------------
 active         0
 metal1     99851
 metal2     96750
 metal3     12684
 metal4      5384
 metal5      1261
 metal6       239
 metal7        15
 metal8        15
 metal9         0
-----------------
       216199


[INFO DRT-0198] Complete detail routing.
Total wire length = 510731 um.
Total wire length on LAYER metal1 = 0 um.
Total wire length on LAYER metal2 = 142592 um.
Total wire length on LAYER metal3 = 190844 um.
Total wire length on LAYER metal4 = 85616 um.
Total wire length on LAYER metal5 = 69109 um.
Total wire length on LAYER metal6 = 15393 um.
Total wire length on LAYER metal7 = 6546 um.
Total wire length on LAYER metal8 = 59 um.
Total wire length on LAYER metal9 = 568 um.
Total wire length on LAYER metal10 = 0 um.
Total number of vias = 216199.
Up-via summary (total 216199):

-----------------
 active         0
 metal1     99851
 metal2     96750
 metal3     12684
 metal4      5384
 metal5      1261
 metal6       239
 metal7        15
 metal8        15
 metal9         0
-----------------
       216199


[INFO DRT-0267] cpu time = 00:33:10, elapsed time = 00:02:49, memory = 2129.11 (MB), peak = 2130.99 (MB)

[INFO DRT-0180] Post processing.
[INFO DRT-0501] Runtime: 204.12s
Took 204 seconds: detailed_route -output_drc /work/reports/nangate45/tinyRocket/base/5_route_drc.rpt -output_maze /work/results/nangate45/tinyRocket/base/maze.log -droute_end_iter 64 -verbose 1 -drc_report_iter_step 5
[WARNING GRT-0246] No diode with LEF class CORE ANTENNACELL found.
[INFO ANT-0002] Found 0 net violations.
[INFO ANT-0001] Found 0 pin violations.
[INFO ANT-0002] Found 0 net violations.
[INFO ANT-0001] Found 0 pin violations.
Design area 55886 um^2 63% utilization.
write_db /work/results/nangate45/tinyRocket/base/5_2_route.odb
Elapsed time: 3:28.37[h:]min:sec. CPU time: user 2423.17 sys 7.59 (1166%). Peak memory: 2182136KB.
Log                       Ext     Elapsed/s Peak Memory/MB sha1sum result [0:20)
5_2_route                 .odb          208           2130 abb55dffb66ebbdd239c
/OpenROAD-flow-scripts/flow/scripts/flow.sh 5_3_fillcell fillcell
Running fillcell.tcl, stage 5_3_fillcell
read_liberty /OpenROAD-flow-scripts/flow/platforms/nangate45/lib/NangateOpenCellLibrary_typical.lib
read_liberty /OpenROAD-flow-scripts/flow/designs/nangate45/tinyRocket/fakeram45_1024x32.lib
read_liberty /OpenROAD-flow-scripts/flow/designs/nangate45/tinyRocket/fakeram45_64x32.lib
read_db /work/results/nangate45/tinyRocket/base/5_2_route.odb
read_sdc /work/results/nangate45/tinyRocket/base/5_1_grt.sdc
source /OpenROAD-flow-scripts/flow/platforms/nangate45/setRC.tcl
filler_placement "FILLCELL_X1 FILLCELL_X2 FILLCELL_X4 FILLCELL_X8 FILLCELL_X16 FILLCELL_X32"
[INFO DPL-0001] Placed 27128 filler instances.
Design area 55886 um^2 63% utilization.
write_db /work/results/nangate45/tinyRocket/base/5_3_fillcell.odb
Elapsed time: 0:00.77[h:]min:sec. CPU time: user 0.63 sys 0.14 (99%). Peak memory: 218592KB.
Log                       Ext     Elapsed/s Peak Memory/MB sha1sum result [0:20)
5_3_fillcell              .odb            0            213 0ff063e1a95899655587
cp /work/results/nangate45/tinyRocket/base/5_3_fillcell.odb /work/results/nangate45/tinyRocket/base/5_route.odb
cp /work/results/nangate45/tinyRocket/base/5_1_grt.sdc /work/results/nangate45/tinyRocket/base/5_route.sdc
/OpenROAD-flow-scripts/flow/scripts/flow.sh 6_1_fill density_fill
Running density_fill.tcl, stage 6_1_fill
read_liberty /OpenROAD-flow-scripts/flow/platforms/nangate45/lib/NangateOpenCellLibrary_typical.lib
read_liberty /OpenROAD-flow-scripts/flow/designs/nangate45/tinyRocket/fakeram45_1024x32.lib
read_liberty /OpenROAD-flow-scripts/flow/designs/nangate45/tinyRocket/fakeram45_64x32.lib
read_db /work/results/nangate45/tinyRocket/base/5_route.odb
read_sdc /work/results/nangate45/tinyRocket/base/5_route.sdc
source /OpenROAD-flow-scripts/flow/platforms/nangate45/setRC.tcl
exec cp /work/results/nangate45/tinyRocket/base/5_route.odb /work/results/nangate45/tinyRocket/base/6_1_fill.odb
Elapsed time: 0:00.48[h:]min:sec. CPU time: user 0.38 sys 0.09 (99%). Peak memory: 169688KB.
Log                       Ext     Elapsed/s Peak Memory/MB sha1sum result [0:20)
6_1_fill                  .odb            0            165 0ff063e1a95899655587
cp /work/results/nangate45/tinyRocket/base/5_route.sdc /work/results/nangate45/tinyRocket/base/6_1_fill.sdc
/OpenROAD-flow-scripts/flow/scripts/flow.sh 6_report final_report
Running final_report.tcl, stage 6_report
read_liberty /OpenROAD-flow-scripts/flow/platforms/nangate45/lib/NangateOpenCellLibrary_typical.lib
read_liberty /OpenROAD-flow-scripts/flow/designs/nangate45/tinyRocket/fakeram45_1024x32.lib
read_liberty /OpenROAD-flow-scripts/flow/designs/nangate45/tinyRocket/fakeram45_64x32.lib
read_db /work/results/nangate45/tinyRocket/base/6_1_fill.odb
read_sdc /work/results/nangate45/tinyRocket/base/6_1_fill.sdc
source /OpenROAD-flow-scripts/flow/platforms/nangate45/setRC.tcl
write_db /work/results/nangate45/tinyRocket/base/6_final.odb
write_sdc -no_timestamp /work/results/nangate45/tinyRocket/base/6_final.sdc
Deleted 0 routing obstructions
[INFO RCX-0431] Defined process_corner X with ext_model_index 0
[INFO RCX-0029] Defined extraction corner X
[INFO RCX-0435] Reading extraction model file /OpenROAD-flow-scripts/flow/platforms/nangate45/rcx_patterns.rules ...
[INFO RCX-0436] RC segment generation RocketTile (max_merge_res 50.0) ...
[INFO RCX-0040] Final 124281 rc segments
[INFO RCX-0439] Coupling Cap extraction RocketTile ...
[INFO RCX-0440] Coupling threshhold is 0.1000 fF, coupling capacitance less than 0.1000 fF will be grounded.
[INFO RCX-0442] 20% of 211946 wires extracted
[INFO RCX-0442] 48% of 211946 wires extracted
[INFO RCX-0442] 71% of 211946 wires extracted
[INFO RCX-0442] 100% of 211946 wires extracted
[INFO RCX-0045] Extract 34397 nets, 154264 rsegs, 154265 caps, 349255 ccs
[INFO RCX-0443] 34397 nets finished
[INFO PSM-0040] All shapes on net VDD are connected.
########## IR report #################
Net              : VDD
Corner           : default
Total power      : 8.80e-02 W
Supply voltage   : 1.10e+00 V
Worstcase voltage: 1.07e+00 V
Average voltage  : 1.09e+00 V
Average IR drop  : 6.09e-03 V
Worstcase IR drop: 2.62e-02 V
Percentage drop  : 2.38 %
######################################
[INFO PSM-0040] All shapes on net VSS are connected.
########## IR report #################
Net              : VSS
Corner           : default
Total power      : 8.80e-02 W
Supply voltage   : 0.00e+00 V
Worstcase voltage: 1.25e-02 V
Average voltage  : 4.97e-03 V
Average IR drop  : 4.97e-03 V
Worstcase IR drop: 1.25e-02 V
Percentage drop  : 1.14 %
######################################
Cell type report:                       Count       Area
  Macro                                     2    2481.25
  Fill cell                             27128   31997.94
  Tap cell                                799     212.53
  Clock buffer                            839    1008.41
  Timing Repair Buffer                   2501    2807.63
  Inverter                               1874    1003.88
  Clock inverter                          243     183.01
  Sequential cell                        3913   17705.76
  Multi-Input combinational cell        19545   30483.87
  Total                                 56844   87884.27
Report metrics stage 6, finish...

==========================================================================
finish report_design_area
--------------------------------------------------------------------------
Design area 55886 um^2 63% utilization.
[WARNING GUI-0010] File path does not end with a valid extension, new path is: /work/reports/nangate45/tinyRocket/base/final_all.webp.png
[WARNING GUI-0010] File path does not end with a valid extension, new path is: /work/reports/nangate45/tinyRocket/base/final_routing.webp.png
[WARNING GUI-0010] File path does not end with a valid extension, new path is: /work/reports/nangate45/tinyRocket/base/final_placement.webp.png
[WARNING GUI-0010] File path does not end with a valid extension, new path is: /work/reports/nangate45/tinyRocket/base/final_ir_drop.webp.png
[WARNING GUI-0010] File path does not end with a valid extension, new path is: /work/reports/nangate45/tinyRocket/base/final_clocks.webp.png
[WARNING GUI-0010] File path does not end with a valid extension, new path is: /work/reports/nangate45/tinyRocket/base/cts_default_core_clock.webp.png
[WARNING GUI-0010] File path does not end with a valid extension, new path is: /work/reports/nangate45/tinyRocket/base/cts_default_core_clock_layout.webp.png
[WARNING GUI-0010] File path does not end with a valid extension, new path is: /work/reports/nangate45/tinyRocket/base/final_resizer.webp.png
[WARNING GUI-0010] File path does not end with a valid extension, new path is: /work/reports/nangate45/tinyRocket/base/final_congestion.webp.png
[WARNING GUI-0010] File path does not end with a valid extension, new path is: /work/reports/nangate45/tinyRocket/base/final_worst_path.webp.png
Elapsed time: 0:29.82[h:]min:sec. CPU time: user 37.91 sys 5.06 (144%). Peak memory: 712856KB.
Log                       Ext     Elapsed/s Peak Memory/MB sha1sum result [0:20)
6_report                                 29            696                  N/A
cp /OpenROAD-flow-scripts/flow/platforms/nangate45/lef/NangateOpenCellLibrary.tech.lef /work/objects/nangate45/tinyRocket/base/klayout_tech.lef
/home/ray/anaconda3/envs/py_worker/bin/python3 /OpenROAD-flow-scripts/flow/util/generate_klayout_tech.py \
	--template /OpenROAD-flow-scripts/flow/platforms/nangate45/FreePDK45.lyt \
	--output /work/objects/nangate45/tinyRocket/base/klayout.lyt \
	--lef-files /work/objects/nangate45/tinyRocket/base/klayout_tech.lef /OpenROAD-flow-scripts/flow/platforms/nangate45/lef/NangateOpenCellLibrary.macro.mod.lef /OpenROAD-flow-scripts/flow/designs/nangate45/tinyRocket/fakeram45_1024x32.lef /OpenROAD-flow-scripts/flow/designs/nangate45/tinyRocket/fakeram45_64x32.lef   \
	--map-files 
/home/ray/anaconda3/envs/py_worker/bin/python3 /OpenROAD-flow-scripts/flow/scripts/run_command.py --log /work/logs/nangate45/tinyRocket/base/6_1_merge.log --tee -- \
        /OpenROAD-flow-scripts/flow/scripts/klayout.sh -zz -rd design_name=RocketTile \
        -rd in_def=/work/results/nangate45/tinyRocket/base/6_final.def \
        -rd in_files="/OpenROAD-flow-scripts/flow/platforms/nangate45/gds/NangateOpenCellLibrary.gds  " \
        -rd seal_file="" \
        -rd out_file=/work/results/nangate45/tinyRocket/base/6_1_merged.gds \
        -rd tech_file=/work/objects/nangate45/tinyRocket/base/klayout.lyt \
        -rd layer_map= \
        -r /OpenROAD-flow-scripts/flow/util/def2stream.py
KLayout 0.30.12
Warning: DEF UNITS does not match reader DBU (DEF UNITS is 2000 and corresponds to a DBU of 0.0005, but reader DBU is set to 0.0001) (line=5, cell=, file=6_final.def)
[INFO] Reporting cells prior to loading DEF ...
	/OpenROAD-flow-scripts/flow/platforms/nangate45/gds/NangateOpenCellLibrary.gds
[INFO] GDS_ALLOW_EMPTY=fakeram.*
[WARNING] LEF Cell 'fakeram45_64x32' ignored. Matches GDS_ALLOW_EMPTY.
[INFO] No orphan cells in the final layout
Elapsed time: 0:02.99[h:]min:sec. CPU time: user 2.69 sys 0.30 (99%). Peak memory: 556808KB.
cp /work/results/nangate45/tinyRocket/base/6_1_merged.gds /work/results/nangate45/tinyRocket/base/6_final.gds
/work/logs/nangate45/tinyRocket/base
Log                       Ext     Elapsed/s Peak Memory/MB sha1sum result [0:20)
1_1_yosys_canonicalize    .rtlil          1            209 ad4afc4105509c55f767
1_2_yosys                 .v             50            149 65aa0c577f5da06aed8a
1_2_yosys                 .sdc                             5025629133fb508009d4
1_synth                   .odb            0            165 08daaac67c6e9719b122
1_synth                   .sdc                             934708da7bde60b348d4
2_1_floorplan             .odb           31            229 34481cec2c4900ad1f64
2_1_floorplan             .sdc                             934708da7bde60b348d4
2_2_floorplan_macro       .odb            2            129 45c89913401c742fa565
2_3_floorplan_tapcell     .odb            0            123 5f48c7e710b5134c5921
2_4_floorplan_pdn         .odb            0            134 f2db22c3e4004ccf3359
3_1_place_gp_skip_io      .odb            2            174 74eb8b5e96a32e48f279
3_2_place_iop             .odb            0            129 21521c0db8bcf8204af0
3_3_place_gp              .odb           32            602 ee0b3031581f5df76585
3_4_place_resized         .odb           10            234 fe846805b848604a4bbb
3_5_place_dp              .odb           13            282 f4c3f3a6240be6c44aae
4_1_cts                   .odb           28            306 abd197f6b707a6c3ae33
5_1_grt                   .odb          184            661 6962e04f09a2bd554e1e
5_1_grt                   .sdc                             7e89828fd407c9695363
5_2_route                 .odb          208           2130 abb55dffb66ebbdd239c
5_3_fillcell              .odb            0            213 0ff063e1a95899655587
6_1_fill                  .odb            0            165 0ff063e1a95899655587
6_1_fill                  .sdc                             7e89828fd407c9695363
6_1_merge                                 2            543                  N/A
6_report                                 29            696                  N/A
Total                                   592           2130                     
exit=0
